Name of the Political Party,Prefix,Denominations,Journal Date,¶ÔÓ¦µÄlocal_node_id,Round
BHARATIYA JANATA PARTY,OC,10000000.0,2019-04-12,734,0
BHARATIYA JANATA PARTY,OC,10000000.0,2019-04-12,734,0
BHARATIYA JANATA PARTY,OC,10000000.0,2019-04-12,734,0
BHARATIYA JANATA PARTY,OC,10000000.0,2019-04-12,734,0
BHARATIYA JANATA PARTY,OC,10000000.0,2019-04-12,734,0
BHARATIYA JANATA PARTY,OC,10000000.0,2019-04-12,734,0
BHARATIYA JANATA PARTY,OC,10000000.0,2019-04-12,734,0
BHARATIYA JANATA PARTY,OC,10000000.0,2019-04-12,734,0
BHARATIYA JANATA PARTY,OC,10000000.0,2019-04-12,734,0
BHARATIYA JANATA PARTY,OC,10000000.0,2019-04-12,734,0
BHARATIYA JANATA PARTY,OC,10000000.0,2019-04-12,734,0
BHARATIYA JANATA PARTY,OC,10000000.0,2019-04-12,734,0
BHARATIYA JANATA PARTY,OC,10000000.0,2019-04-12,734,0
BHARATIYA JANATA PARTY,OC,10000000.0,2019-04-12,734,0
BHARATIYA JANATA PARTY,OC,10000000.0,2019-04-12,734,0
BHARATIYA JANATA PARTY,OC,10000000.0,2019-04-12,734,0
BHARATIYA JANATA PARTY,OC,10000000.0,2019-04-12,734,0
BHARATIYA JANATA PARTY,OC,10000000.0,2019-04-12,734,0
BHARATIYA JANATA PARTY,OC,10000000.0,2019-04-12,734,0
BHARATIYA JANATA PARTY,OC,10000000.0,2019-04-12,734,0
BHARATIYA JANATA PARTY,OC,10000000.0,2019-04-12,734,0
BHARATIYA JANATA PARTY,OC,10000000.0,2019-04-12,734,0
BHARATIYA JANATA PARTY,OC,10000000.0,2019-04-12,734,0
BHARATIYA JANATA PARTY,OC,10000000.0,2019-04-12,734,0
BHARATIYA JANATA PARTY,OC,10000000.0,2019-04-12,734,0
BHARATIYA JANATA PARTY,OC,10000000.0,2019-04-12,734,0
BHARATIYA JANATA PARTY,OC,10000000.0,2019-04-12,734,0
BHARATIYA JANATA PARTY,OC,10000000.0,2019-04-12,734,0
BHARATIYA JANATA PARTY,OC,10000000.0,2019-04-12,734,0
BHARATIYA JANATA PARTY,OC,10000000.0,2019-04-12,734,0
BHARATIYA JANATA PARTY,OC,10000000.0,2019-04-12,734,0
BHARATIYA JANATA PARTY,OC,10000000.0,2019-04-12,734,0
BHARATIYA JANATA PARTY,OC,10000000.0,2019-04-12,734,0
BHARATIYA JANATA PARTY,OC,10000000.0,2019-04-12,734,0
BHARATIYA JANATA PARTY,OC,10000000.0,2019-04-12,734,0
BHARATIYA JANATA PARTY,OC,10000000.0,2019-04-12,734,0
BHARATIYA JANATA PARTY,OC,10000000.0,2019-04-12,734,0
BHARATIYA JANATA PARTY,OC,10000000.0,2019-04-12,734,0
BHARATIYA JANATA PARTY,OC,10000000.0,2019-04-12,734,0
BHARATIYA JANATA PARTY,OC,10000000.0,2019-04-12,734,0
BHARATIYA JANATA PARTY,OC,10000000.0,2019-04-12,734,0
BHARATIYA JANATA PARTY,OC,10000000.0,2019-04-12,734,0
BHARATIYA JANATA PARTY,OC,10000000.0,2019-04-12,734,0
BHARATIYA JANATA PARTY,OC,10000000.0,2019-04-12,734,0
BHARATIYA JANATA PARTY,OC,10000000.0,2019-04-12,734,0
BHARATIYA JANATA PARTY,OC,10000000.0,2019-04-12,3440,0
BHARATIYA JANATA PARTY,OC,10000000.0,2019-04-12,3440,0
BHARATIYA JANATA PARTY,OC,10000000.0,2019-04-12,3440,0
BHARATIYA JANATA PARTY,OC,10000000.0,2019-04-12,3440,0
BHARATIYA JANATA PARTY,OC,10000000.0,2019-04-12,3440,0
BHARATIYA JANATA PARTY,OC,10000000.0,2019-04-12,3440,0
BHARATIYA JANATA PARTY,OC,10000000.0,2019-04-12,3440,0
BHARATIYA JANATA PARTY,OC,10000000.0,2019-04-12,3440,0
BHARATIYA JANATA PARTY,OC,10000000.0,2019-04-12,3440,0
BHARATIYA JANATA PARTY,OC,10000000.0,2019-04-12,3440,0
BHARATIYA JANATA PARTY,OC,10000000.0,2019-04-12,3440,0
BHARATIYA JANATA PARTY,OC,10000000.0,2019-04-12,3440,0
BHARATIYA JANATA PARTY,OC,10000000.0,2019-04-12,3440,0
BHARATIYA JANATA PARTY,OC,10000000.0,2019-04-12,3440,0
BHARATIYA JANATA PARTY,OC,10000000.0,2019-04-12,3440,0
BHARATIYA JANATA PARTY,OC,10000000.0,2019-04-12,3440,0
BHARATIYA JANATA PARTY,OC,10000000.0,2019-04-12,3440,0
BHARATIYA JANATA PARTY,OC,10000000.0,2019-04-12,3440,0
BHARATIYA JANATA PARTY,OC,10000000.0,2019-04-12,3440,0
BHARATIYA JANATA PARTY,OC,10000000.0,2019-04-12,3440,0
BHARATIYA JANATA PARTY,OC,10000000.0,2019-04-12,3440,0
BHARATIYA JANATA PARTY,OC,10000000.0,2019-04-12,3440,0
BHARATIYA JANATA PARTY,OC,10000000.0,2019-04-12,3440,0
BHARATIYA JANATA PARTY,OC,10000000.0,2019-04-12,3440,0
BHARATIYA JANATA PARTY,OC,10000000.0,2019-04-12,3440,0
BHARATIYA JANATA PARTY,OC,10000000.0,2019-04-12,3440,0
BHARATIYA JANATA PARTY,OC,10000000.0,2019-04-12,3440,0
BHARATIYA JANATA PARTY,OC,10000000.0,2019-04-12,3440,0
BHARATIYA JANATA PARTY,OC,10000000.0,2019-04-12,3440,0
BHARATIYA JANATA PARTY,OC,10000000.0,2019-04-12,3440,0
BHARATIYA JANATA PARTY,OC,10000000.0,2019-04-12,3440,0
BHARATIYA JANATA PARTY,OC,10000000.0,2019-04-12,3440,0
BHARATIYA JANATA PARTY,OC,10000000.0,2019-04-12,3440,0
BHARATIYA JANATA PARTY,OC,10000000.0,2019-04-12,3440,0
BHARATIYA JANATA PARTY,OC,10000000.0,2019-04-12,3440,0
BHARATIYA JANATA PARTY,OC,10000000.0,2019-04-12,3440,0
BHARATIYA JANATA PARTY,OC,10000000.0,2019-04-12,3440,0
BHARATIYA JANATA PARTY,OC,10000000.0,2019-04-12,3440,0
BHARATIYA JANATA PARTY,OC,10000000.0,2019-04-12,3440,0
BHARATIYA JANATA PARTY,OC,10000000.0,2019-04-12,3440,0
BHARATIYA JANATA PARTY,OC,10000000.0,2019-04-12,1234,0
BHARATIYA JANATA PARTY,OC,10000000.0,2019-04-12,1234,0
BHARATIYA JANATA PARTY,OC,10000000.0,2019-04-12,1234,0
BHARATIYA JANATA PARTY,OC,10000000.0,2019-04-12,1234,0
BHARATIYA JANATA PARTY,OC,10000000.0,2019-04-12,1234,0
BHARATIYA JANATA PARTY,OC,10000000.0,2019-04-12,1234,0
BHARATIYA JANATA PARTY,OC,10000000.0,2019-04-12,1234,0
BHARATIYA JANATA PARTY,OC,10000000.0,2019-04-12,1234,0
BHARATIYA JANATA PARTY,OC,10000000.0,2019-04-12,1234,0
BHARATIYA JANATA PARTY,OC,10000000.0,2019-04-12,1234,0
BHARATIYA JANATA PARTY,OC,10000000.0,2019-04-12,2780,0
BHARATIYA JANATA PARTY,OC,10000000.0,2019-04-12,2780,0
BHARATIYA JANATA PARTY,OC,10000000.0,2019-04-12,2780,0
BHARATIYA JANATA PARTY,OC,10000000.0,2019-04-12,2780,0
BHARATIYA JANATA PARTY,OC,10000000.0,2019-04-12,2780,0
BHARATIYA JANATA PARTY,OC,10000000.0,2019-04-12,2780,0
BHARATIYA JANATA PARTY,OC,10000000.0,2019-04-12,2780,0
BHARATIYA JANATA PARTY,OC,10000000.0,2019-04-12,2780,0
BHARATIYA JANATA PARTY,OC,10000000.0,2019-04-12,2780,0
BHARATIYA JANATA PARTY,OC,10000000.0,2019-04-12,2780,0
BHARATIYA JANATA PARTY,OC,10000000.0,2019-04-15,3000,0
BHARATIYA JANATA PARTY,OC,10000000.0,2019-04-15,3000,0
BHARATIYA JANATA PARTY,OC,10000000.0,2019-04-15,3000,0
BHARATIYA JANATA PARTY,OC,10000000.0,2019-04-15,3000,0
BHARATIYA JANATA PARTY,OC,10000000.0,2019-04-15,3000,0
BHARATIYA JANATA PARTY,OC,10000000.0,2019-04-15,3000,0
BHARATIYA JANATA PARTY,OC,10000000.0,2019-04-15,3000,0
BHARATIYA JANATA PARTY,OC,10000000.0,2019-04-15,3000,0
BHARATIYA JANATA PARTY,OC,10000000.0,2019-04-15,3000,0
BHARATIYA JANATA PARTY,OC,10000000.0,2019-04-15,3000,0
BHARATIYA JANATA PARTY,OC,10000000.0,2019-04-12,1978,0
BHARATIYA JANATA PARTY,OC,10000000.0,2019-04-12,734,0
BHARATIYA JANATA PARTY,OC,10000000.0,2019-04-12,734,0
BHARATIYA JANATA PARTY,OC,10000000.0,2019-04-12,734,0
BHARATIYA JANATA PARTY,OC,10000000.0,2019-04-12,734,0
BHARATIYA JANATA PARTY,OC,10000000.0,2019-04-12,734,0
BHARATIYA JANATA PARTY,OC,10000000.0,2019-04-12,827,0
BHARATIYA JANATA PARTY,OC,10000000.0,2019-04-15,1804,0
BHARATIYA JANATA PARTY,OC,10000000.0,2019-04-15,1804,0
BHARATIYA JANATA PARTY,OC,10000000.0,2019-04-16,2253,0
BHARATIYA JANATA PARTY,OC,10000000.0,2019-04-16,2253,0
BHARATIYA JANATA PARTY,OC,10000000.0,2019-04-16,2253,0
BHARATIYA JANATA PARTY,OC,10000000.0,2019-04-16,2253,0
BHARATIYA JANATA PARTY,OC,10000000.0,2019-04-16,2253,0
BHARATIYA JANATA PARTY,OC,10000000.0,2019-04-16,2253,0
BHARATIYA JANATA PARTY,OC,10000000.0,2019-04-16,2253,0
BHARATIYA JANATA PARTY,OC,10000000.0,2019-04-16,2253,0
BHARATIYA JANATA PARTY,OC,10000000.0,2019-04-16,2253,0
BHARATIYA JANATA PARTY,OC,10000000.0,2019-04-16,2253,0
BHARATIYA JANATA PARTY,OC,10000000.0,2019-04-16,2253,0
BHARATIYA JANATA PARTY,OC,10000000.0,2019-04-16,2253,0
BHARATIYA JANATA PARTY,OC,10000000.0,2019-04-16,2253,0
BHARATIYA JANATA PARTY,OC,10000000.0,2019-04-16,2253,0
BHARATIYA JANATA PARTY,OC,10000000.0,2019-04-16,2253,0
BHARATIYA JANATA PARTY,OC,10000000.0,2019-04-16,2253,0
BHARATIYA JANATA PARTY,OC,10000000.0,2019-04-16,2253,0
BHARATIYA JANATA PARTY,OC,10000000.0,2019-04-16,2253,0
BHARATIYA JANATA PARTY,OC,10000000.0,2019-04-16,2253,0
BHARATIYA JANATA PARTY,OC,10000000.0,2019-04-16,2253,0
BHARATIYA JANATA PARTY,OC,10000000.0,2019-04-16,2253,0
BHARATIYA JANATA PARTY,OC,10000000.0,2019-04-16,2253,0
BHARATIYA JANATA PARTY,OC,10000000.0,2019-04-16,2253,0
BHARATIYA JANATA PARTY,OC,10000000.0,2019-04-16,2253,0
BHARATIYA JANATA PARTY,OC,10000000.0,2019-04-16,2253,0
BHARATIYA JANATA PARTY,OC,10000000.0,2019-04-16,2253,0
BHARATIYA JANATA PARTY,OC,10000000.0,2019-04-16,2253,0
BHARATIYA JANATA PARTY,OC,10000000.0,2019-04-16,2253,0
BHARATIYA JANATA PARTY,OC,10000000.0,2019-04-16,2253,0
BHARATIYA JANATA PARTY,OC,10000000.0,2019-04-16,2253,0
BHARATIYA JANATA PARTY,OC,10000000.0,2019-04-16,2253,0
BHARATIYA JANATA PARTY,OC,10000000.0,2019-04-16,2253,0
BHARATIYA JANATA PARTY,OC,10000000.0,2019-04-16,2253,0
BHARATIYA JANATA PARTY,OC,10000000.0,2019-04-16,2253,0
BHARATIYA JANATA PARTY,OC,10000000.0,2019-04-16,2253,0
BHARATIYA JANATA PARTY,OC,10000000.0,2019-04-16,2253,0
BHARATIYA JANATA PARTY,OC,10000000.0,2019-04-16,2253,0
BHARATIYA JANATA PARTY,OC,10000000.0,2019-04-16,2253,0
BHARATIYA JANATA PARTY,OC,10000000.0,2019-04-16,2253,0
BHARATIYA JANATA PARTY,OC,10000000.0,2019-04-16,2253,0
BHARATIYA JANATA PARTY,OC,10000000.0,2019-04-16,2253,0
BHARATIYA JANATA PARTY,OC,10000000.0,2019-04-16,2253,0
BHARATIYA JANATA PARTY,OC,10000000.0,2019-04-16,2253,0
BHARATIYA JANATA PARTY,OC,10000000.0,2019-04-16,2253,0
BHARATIYA JANATA PARTY,OC,10000000.0,2019-04-16,2253,0
BHARATIYA JANATA PARTY,OC,10000000.0,2019-04-16,2253,0
BHARATIYA JANATA PARTY,OC,10000000.0,2019-04-16,2253,0
BHARATIYA JANATA PARTY,OC,10000000.0,2019-04-16,2253,0
BHARATIYA JANATA PARTY,OC,10000000.0,2019-04-16,2253,0
BHARATIYA JANATA PARTY,OC,10000000.0,2019-04-16,2253,0
BHARATIYA JANATA PARTY,OC,10000000.0,2019-04-16,1653,0
BHARATIYA JANATA PARTY,OC,10000000.0,2019-04-16,1653,0
BHARATIYA JANATA PARTY,OC,10000000.0,2019-04-16,1653,0
BHARATIYA JANATA PARTY,OC,10000000.0,2019-04-16,1653,0
BHARATIYA JANATA PARTY,OC,10000000.0,2019-04-16,1653,0
BHARATIYA JANATA PARTY,OC,10000000.0,2019-04-16,1653,0
BHARATIYA JANATA PARTY,OC,10000000.0,2019-04-16,1653,0
BHARATIYA JANATA PARTY,OC,10000000.0,2019-04-16,1653,0
BHARATIYA JANATA PARTY,OC,10000000.0,2019-04-16,1653,0
BHARATIYA JANATA PARTY,OC,10000000.0,2019-04-16,1653,0
BHARATIYA JANATA PARTY,OC,10000000.0,2019-04-16,1653,0
BHARATIYA JANATA PARTY,OC,10000000.0,2019-04-16,1653,0
BHARATIYA JANATA PARTY,OC,10000000.0,2019-04-16,1653,0
BHARATIYA JANATA PARTY,OC,10000000.0,2019-04-16,1653,0
BHARATIYA JANATA PARTY,OC,10000000.0,2019-04-16,1653,0
BHARATIYA JANATA PARTY,OC,10000000.0,2019-04-16,1653,0
BHARATIYA JANATA PARTY,OC,10000000.0,2019-04-16,1653,0
BHARATIYA JANATA PARTY,OC,10000000.0,2019-04-16,1653,0
BHARATIYA JANATA PARTY,OC,10000000.0,2019-04-16,1653,0
BHARATIYA JANATA PARTY,OC,10000000.0,2019-04-16,1653,0
BHARATIYA JANATA PARTY,OC,10000000.0,2019-04-16,1653,0
BHARATIYA JANATA PARTY,OC,10000000.0,2019-04-16,1653,0
BHARATIYA JANATA PARTY,OC,10000000.0,2019-04-16,1653,0
BHARATIYA JANATA PARTY,OC,10000000.0,2019-04-16,1653,0
BHARATIYA JANATA PARTY,OC,10000000.0,2019-04-16,1653,0
BHARATIYA JANATA PARTY,OC,10000000.0,2019-04-16,1653,0
BHARATIYA JANATA PARTY,OC,10000000.0,2019-04-16,1653,0
BHARATIYA JANATA PARTY,OC,10000000.0,2019-04-16,1653,0
BHARATIYA JANATA PARTY,OC,10000000.0,2019-04-16,1653,0
BHARATIYA JANATA PARTY,OC,10000000.0,2019-04-16,1653,0
BHARATIYA JANATA PARTY,OC,10000000.0,2019-04-16,1653,0
BHARATIYA JANATA PARTY,OC,10000000.0,2019-04-16,1653,0
BHARATIYA JANATA PARTY,OC,10000000.0,2019-04-16,1653,0
BHARATIYA JANATA PARTY,OC,10000000.0,2019-04-16,1653,0
BHARATIYA JANATA PARTY,OC,10000000.0,2019-04-16,1653,0
BHARATIYA JANATA PARTY,OC,10000000.0,2019-04-16,2371,0
BHARATIYA JANATA PARTY,OC,10000000.0,2019-04-16,2371,0
BHARATIYA JANATA PARTY,OC,10000000.0,2019-04-16,2371,0
BHARATIYA JANATA PARTY,OC,10000000.0,2019-04-16,542,0
BHARATIYA JANATA PARTY,OC,10000000.0,2019-04-16,542,0
BHARATIYA JANATA PARTY,TL,1000000.0,2019-04-15,1340,0
BHARATIYA JANATA PARTY,TL,1000000.0,2019-04-17,3493,0
BHARATIYA JANATA PARTY,TL,1000000.0,2019-04-17,3493,0
BHARATIYA JANATA PARTY,OL,100000.0,2019-04-17,3493,0
BHARATIYA JANATA PARTY,OL,100000.0,2019-04-17,3493,0
BHARATIYA JANATA PARTY,OL,100000.0,2019-04-17,3493,0
BHARATIYA JANATA PARTY,OL,100000.0,2019-04-17,3493,0
BHARATIYA JANATA PARTY,OL,100000.0,2019-04-17,3493,0
BHARATIYA JANATA PARTY,OC,10000000.0,2019-04-12,2260,0
BHARATIYA JANATA PARTY,OC,10000000.0,2019-04-12,2260,0
BHARATIYA JANATA PARTY,OC,10000000.0,2019-04-12,2260,0
BHARATIYA JANATA PARTY,OC,10000000.0,2019-04-12,2260,0
BHARATIYA JANATA PARTY,OC,10000000.0,2019-04-12,2260,0
BHARATIYA JANATA PARTY,OC,10000000.0,2019-04-12,2260,0
BHARATIYA JANATA PARTY,OC,10000000.0,2019-04-12,2260,0
BHARATIYA JANATA PARTY,OC,10000000.0,2019-04-12,2260,0
BHARATIYA JANATA PARTY,OC,10000000.0,2019-04-12,2260,0
BHARATIYA JANATA PARTY,OC,10000000.0,2019-04-12,2260,0
BHARATIYA JANATA PARTY,OC,10000000.0,2019-04-12,2260,0
BHARATIYA JANATA PARTY,OC,10000000.0,2019-04-12,2260,0
BHARATIYA JANATA PARTY,OC,10000000.0,2019-04-12,2260,0
BHARATIYA JANATA PARTY,OC,10000000.0,2019-04-12,2260,0
BHARATIYA JANATA PARTY,OC,10000000.0,2019-04-12,2260,0
BHARATIYA JANATA PARTY,OC,10000000.0,2019-04-12,2260,0
BHARATIYA JANATA PARTY,OC,10000000.0,2019-04-12,2260,0
BHARATIYA JANATA PARTY,OC,10000000.0,2019-04-12,2260,0
BHARATIYA JANATA PARTY,OC,10000000.0,2019-04-12,2260,0
BHARATIYA JANATA PARTY,OC,10000000.0,2019-04-12,2260,0
BHARATIYA JANATA PARTY,OC,10000000.0,2019-04-12,960,0
BHARATIYA JANATA PARTY,OC,10000000.0,2019-04-12,960,0
BHARATIYA JANATA PARTY,OC,10000000.0,2019-04-12,960,0
BHARATIYA JANATA PARTY,OC,10000000.0,2019-04-12,960,0
BHARATIYA JANATA PARTY,OC,10000000.0,2019-04-12,960,0
BHARATIYA JANATA PARTY,OC,10000000.0,2019-04-12,276,0
BHARATIYA JANATA PARTY,OC,10000000.0,2019-04-12,276,0
BHARATIYA JANATA PARTY,OC,10000000.0,2019-04-12,276,0
BHARATIYA JANATA PARTY,OC,10000000.0,2019-04-12,276,0
BHARATIYA JANATA PARTY,OC,10000000.0,2019-04-12,276,0
BHARATIYA JANATA PARTY,OC,10000000.0,2019-04-12,3406,0
BHARATIYA JANATA PARTY,OC,10000000.0,2019-04-12,3406,0
BHARATIYA JANATA PARTY,OC,10000000.0,2019-04-12,3406,0
BHARATIYA JANATA PARTY,OC,10000000.0,2019-04-12,3406,0
BHARATIYA JANATA PARTY,OC,10000000.0,2019-04-15,2655,0
BHARATIYA JANATA PARTY,OC,10000000.0,2019-04-15,2655,0
BHARATIYA JANATA PARTY,OC,10000000.0,2019-04-15,2655,0
BHARATIYA JANATA PARTY,OC,10000000.0,2019-04-15,2655,0
BHARATIYA JANATA PARTY,OC,10000000.0,2019-04-15,2655,0
BHARATIYA JANATA PARTY,OC,10000000.0,2019-04-15,2655,0
BHARATIYA JANATA PARTY,OC,10000000.0,2019-04-15,2655,0
BHARATIYA JANATA PARTY,OC,10000000.0,2019-04-15,2655,0
BHARATIYA JANATA PARTY,OC,10000000.0,2019-04-15,2655,0
BHARATIYA JANATA PARTY,OC,10000000.0,2019-04-15,2655,0
BHARATIYA JANATA PARTY,OC,10000000.0,2019-04-15,2655,0
BHARATIYA JANATA PARTY,OC,10000000.0,2019-04-15,2655,0
BHARATIYA JANATA PARTY,OC,10000000.0,2019-04-15,2655,0
BHARATIYA JANATA PARTY,OC,10000000.0,2019-04-15,2655,0
BHARATIYA JANATA PARTY,OC,10000000.0,2019-04-15,2655,0
BHARATIYA JANATA PARTY,OC,10000000.0,2019-04-15,2655,0
BHARATIYA JANATA PARTY,OC,10000000.0,2019-04-15,2655,0
BHARATIYA JANATA PARTY,OC,10000000.0,2019-04-15,2655,0
BHARATIYA JANATA PARTY,OC,10000000.0,2019-04-15,2655,0
BHARATIYA JANATA PARTY,OC,10000000.0,2019-04-15,2655,0
BHARATIYA JANATA PARTY,OC,10000000.0,2019-04-16,717,0
BHARATIYA JANATA PARTY,OC,10000000.0,2019-04-18,2950,0
BHARATIYA JANATA PARTY,OC,10000000.0,2019-04-18,2950,0
BHARATIYA JANATA PARTY,OC,10000000.0,2019-04-18,2950,0
BHARATIYA JANATA PARTY,OC,10000000.0,2019-04-18,2950,0
BHARATIYA JANATA PARTY,OC,10000000.0,2019-04-18,2950,0
BHARATIYA JANATA PARTY,OC,10000000.0,2019-04-18,2950,0
BHARATIYA JANATA PARTY,OC,10000000.0,2019-04-18,2950,0
BHARATIYA JANATA PARTY,OC,10000000.0,2019-04-18,2950,0
BHARATIYA JANATA PARTY,OC,10000000.0,2019-04-18,2950,0
BHARATIYA JANATA PARTY,OC,10000000.0,2019-04-18,2950,0
BHARATIYA JANATA PARTY,OC,10000000.0,2019-04-18,2950,0
BHARATIYA JANATA PARTY,OC,10000000.0,2019-04-18,2950,0
BHARATIYA JANATA PARTY,OC,10000000.0,2019-04-18,2950,0
BHARATIYA JANATA PARTY,OC,10000000.0,2019-04-18,2950,0
BHARATIYA JANATA PARTY,OC,10000000.0,2019-04-18,2950,0
BHARATIYA JANATA PARTY,OC,10000000.0,2019-04-18,2950,0
BHARATIYA JANATA PARTY,OC,10000000.0,2019-04-18,2950,0
BHARATIYA JANATA PARTY,OC,10000000.0,2019-04-18,2950,0
BHARATIYA JANATA PARTY,OC,10000000.0,2019-04-18,2950,0
BHARATIYA JANATA PARTY,OC,10000000.0,2019-04-18,2950,0
BHARATIYA JANATA PARTY,OC,10000000.0,2019-04-18,2950,0
BHARATIYA JANATA PARTY,OC,10000000.0,2019-04-18,2950,0
BHARATIYA JANATA PARTY,OC,10000000.0,2019-04-18,2950,0
BHARATIYA JANATA PARTY,OC,10000000.0,2019-04-18,2950,0
BHARATIYA JANATA PARTY,OC,10000000.0,2019-04-18,2950,0
BHARATIYA JANATA PARTY,OC,10000000.0,2019-04-18,2950,0
BHARATIYA JANATA PARTY,OC,10000000.0,2019-04-18,2950,0
BHARATIYA JANATA PARTY,OC,10000000.0,2019-04-18,2950,0
BHARATIYA JANATA PARTY,OC,10000000.0,2019-04-18,2950,0
BHARATIYA JANATA PARTY,OC,10000000.0,2019-04-18,2950,0
BHARATIYA JANATA PARTY,OC,10000000.0,2019-04-18,2950,0
BHARATIYA JANATA PARTY,OC,10000000.0,2019-04-18,2950,0
BHARATIYA JANATA PARTY,OC,10000000.0,2019-04-18,2950,0
BHARATIYA JANATA PARTY,OC,10000000.0,2019-04-18,2950,0
BHARATIYA JANATA PARTY,OC,10000000.0,2019-04-18,2950,0
BHARATIYA JANATA PARTY,OC,10000000.0,2019-04-12,1287,0
BHARATIYA JANATA PARTY,OC,10000000.0,2019-04-12,1287,0
BHARATIYA JANATA PARTY,OC,10000000.0,2019-04-12,1287,0
BHARATIYA JANATA PARTY,OC,10000000.0,2019-04-12,1287,0
BHARATIYA JANATA PARTY,OC,10000000.0,2019-04-12,1287,0
BHARATIYA JANATA PARTY,OC,10000000.0,2019-04-12,1287,0
BHARATIYA JANATA PARTY,OC,10000000.0,2019-04-12,1287,0
BHARATIYA JANATA PARTY,OC,10000000.0,2019-04-12,1287,0
BHARATIYA JANATA PARTY,OC,10000000.0,2019-04-12,1287,0
BHARATIYA JANATA PARTY,OC,10000000.0,2019-04-12,1287,0
BHARATIYA JANATA PARTY,OC,10000000.0,2019-04-12,1287,0
BHARATIYA JANATA PARTY,OC,10000000.0,2019-04-12,1287,0
BHARATIYA JANATA PARTY,OC,10000000.0,2019-04-12,1287,0
BHARATIYA JANATA PARTY,OC,10000000.0,2019-04-12,1287,0
BHARATIYA JANATA PARTY,OC,10000000.0,2019-04-12,1287,0
BHARATIYA JANATA PARTY,OC,10000000.0,2019-04-12,1287,0
BHARATIYA JANATA PARTY,OC,10000000.0,2019-04-12,1287,0
BHARATIYA JANATA PARTY,OC,10000000.0,2019-04-12,1287,0
BHARATIYA JANATA PARTY,OC,10000000.0,2019-04-12,1287,0
BHARATIYA JANATA PARTY,OC,10000000.0,2019-04-12,1287,0
BHARATIYA JANATA PARTY,OC,10000000.0,2019-04-12,1287,0
BHARATIYA JANATA PARTY,OC,10000000.0,2019-04-12,1287,0
BHARATIYA JANATA PARTY,OC,10000000.0,2019-04-12,1287,0
BHARATIYA JANATA PARTY,OC,10000000.0,2019-04-12,1287,0
BHARATIYA JANATA PARTY,OC,10000000.0,2019-04-12,1287,0
BHARATIYA JANATA PARTY,OC,10000000.0,2019-04-12,1287,0
BHARATIYA JANATA PARTY,OC,10000000.0,2019-04-12,1287,0
BHARATIYA JANATA PARTY,OC,10000000.0,2019-04-12,1287,0
BHARATIYA JANATA PARTY,OC,10000000.0,2019-04-12,1287,0
BHARATIYA JANATA PARTY,OC,10000000.0,2019-04-12,1287,0
BHARATIYA JANATA PARTY,OC,10000000.0,2019-04-12,1287,0
BHARATIYA JANATA PARTY,OC,10000000.0,2019-04-12,1287,0
BHARATIYA JANATA PARTY,OC,10000000.0,2019-04-12,1287,0
BHARATIYA JANATA PARTY,OC,10000000.0,2019-04-12,1287,0
BHARATIYA JANATA PARTY,OC,10000000.0,2019-04-12,1287,0
BHARATIYA JANATA PARTY,OC,10000000.0,2019-04-12,1287,0
BHARATIYA JANATA PARTY,OC,10000000.0,2019-04-12,1287,0
BHARATIYA JANATA PARTY,OC,10000000.0,2019-04-12,1287,0
BHARATIYA JANATA PARTY,OC,10000000.0,2019-04-12,1287,0
BHARATIYA JANATA PARTY,OC,10000000.0,2019-04-12,1287,0
BHARATIYA JANATA PARTY,OC,10000000.0,2019-04-12,1287,0
BHARATIYA JANATA PARTY,OC,10000000.0,2019-04-12,1287,0
BHARATIYA JANATA PARTY,OC,10000000.0,2019-04-12,1287,0
BHARATIYA JANATA PARTY,OC,10000000.0,2019-04-12,1287,0
BHARATIYA JANATA PARTY,OC,10000000.0,2019-04-12,1287,0
BHARATIYA JANATA PARTY,OC,10000000.0,2019-04-12,1287,0
BHARATIYA JANATA PARTY,OC,10000000.0,2019-04-12,1287,0
BHARATIYA JANATA PARTY,OC,10000000.0,2019-04-12,1287,0
BHARATIYA JANATA PARTY,OC,10000000.0,2019-04-12,1287,0
BHARATIYA JANATA PARTY,OC,10000000.0,2019-04-15,2430,0
BHARATIYA JANATA PARTY,OC,10000000.0,2019-04-15,416,0
BHARATIYA JANATA PARTY,OC,10000000.0,2019-04-15,416,0
BHARATIYA JANATA PARTY,OC,10000000.0,2019-04-15,416,0
BHARATIYA JANATA PARTY,OC,10000000.0,2019-04-18,1811,0
BHARATIYA JANATA PARTY,OC,10000000.0,2019-04-18,1811,0
BHARATIYA JANATA PARTY,OC,10000000.0,2019-04-18,1811,0
BHARATIYA JANATA PARTY,OC,10000000.0,2019-04-18,1811,0
BHARATIYA JANATA PARTY,OC,10000000.0,2019-04-18,1811,0
BHARATIYA JANATA PARTY,OC,10000000.0,2019-04-18,1811,0
BHARATIYA JANATA PARTY,OC,10000000.0,2019-04-18,1811,0
BHARATIYA JANATA PARTY,OC,10000000.0,2019-04-18,1811,0
BHARATIYA JANATA PARTY,OC,10000000.0,2019-04-18,1811,0
BHARATIYA JANATA PARTY,OC,10000000.0,2019-04-18,1811,0
BHARATIYA JANATA PARTY,OC,10000000.0,2019-04-18,582,0
BHARATIYA JANATA PARTY,OC,10000000.0,2019-04-18,582,0
BHARATIYA JANATA PARTY,OC,10000000.0,2019-04-18,582,0
BHARATIYA JANATA PARTY,OC,10000000.0,2019-04-18,582,0
BHARATIYA JANATA PARTY,OC,10000000.0,2019-04-18,582,0
BHARATIYA JANATA PARTY,OC,10000000.0,2019-04-18,582,0
BHARATIYA JANATA PARTY,OC,10000000.0,2019-04-18,582,0
BHARATIYA JANATA PARTY,OC,10000000.0,2019-04-18,582,0
BHARATIYA JANATA PARTY,OC,10000000.0,2019-04-18,582,0
BHARATIYA JANATA PARTY,OC,10000000.0,2019-04-18,582,0
BHARATIYA JANATA PARTY,OC,10000000.0,2019-04-18,582,0
BHARATIYA JANATA PARTY,OC,10000000.0,2019-04-18,582,0
BHARATIYA JANATA PARTY,OC,10000000.0,2019-04-18,582,0
BHARATIYA JANATA PARTY,OC,10000000.0,2019-04-18,1545,0
BHARATIYA JANATA PARTY,OC,10000000.0,2019-04-18,1545,0
BHARATIYA JANATA PARTY,OC,10000000.0,2019-04-18,1545,0
BHARATIYA JANATA PARTY,TL,1000000.0,2019-04-12,34,0
BHARATIYA JANATA PARTY,TL,1000000.0,2019-04-12,34,0
BHARATIYA JANATA PARTY,TL,1000000.0,2019-04-16,717,0
BHARATIYA JANATA PARTY,TL,1000000.0,2019-04-16,717,0
BHARATIYA JANATA PARTY,TL,1000000.0,2019-04-16,717,0
BHARATIYA JANATA PARTY,TL,1000000.0,2019-04-16,717,0
BHARATIYA JANATA PARTY,TL,1000000.0,2019-04-16,717,0
BHARATIYA JANATA PARTY,TL,1000000.0,2019-04-12,1287,0
BHARATIYA JANATA PARTY,TL,1000000.0,2019-04-12,1287,0
BHARATIYA JANATA PARTY,TL,1000000.0,2019-04-12,1287,0
BHARATIYA JANATA PARTY,TL,1000000.0,2019-04-12,1287,0
BHARATIYA JANATA PARTY,TL,1000000.0,2019-04-12,1287,0
BHARATIYA JANATA PARTY,TL,1000000.0,2019-04-12,1287,0
BHARATIYA JANATA PARTY,TL,1000000.0,2019-04-12,1287,0
BHARATIYA JANATA PARTY,TL,1000000.0,2019-04-12,1287,0
BHARATIYA JANATA PARTY,TL,1000000.0,2019-04-12,1287,0
BHARATIYA JANATA PARTY,TL,1000000.0,2019-04-12,1287,0
BHARATIYA JANATA PARTY,TL,1000000.0,2019-04-12,2118,0
BHARATIYA JANATA PARTY,TL,1000000.0,2019-04-12,2118,0
BHARATIYA JANATA PARTY,TL,1000000.0,2019-04-12,2118,0
BHARATIYA JANATA PARTY,TL,1000000.0,2019-04-12,2118,0
BHARATIYA JANATA PARTY,TL,1000000.0,2019-04-15,2430,0
BHARATIYA JANATA PARTY,TL,1000000.0,2019-04-15,2430,0
BHARATIYA JANATA PARTY,TL,1000000.0,2019-04-15,2430,0
BHARATIYA JANATA PARTY,TL,1000000.0,2019-04-15,2430,0
BHARATIYA JANATA PARTY,TL,1000000.0,2019-04-15,2430,0
BHARATIYA JANATA PARTY,TL,1000000.0,2019-04-15,3698,0
BHARATIYA JANATA PARTY,TL,1000000.0,2019-04-15,3698,0
BHARATIYA JANATA PARTY,TL,1000000.0,2019-04-15,3698,0
BHARATIYA JANATA PARTY,TL,1000000.0,2019-04-15,3698,0
BHARATIYA JANATA PARTY,TL,1000000.0,2019-04-15,3698,0
BHARATIYA JANATA PARTY,TL,1000000.0,2019-04-15,3698,0
BHARATIYA JANATA PARTY,TL,1000000.0,2019-04-15,3698,0
BHARATIYA JANATA PARTY,TL,1000000.0,2019-04-15,3698,0
BHARATIYA JANATA PARTY,TL,1000000.0,2019-04-15,3698,0
BHARATIYA JANATA PARTY,TL,1000000.0,2019-04-15,3698,0
BHARATIYA JANATA PARTY,TL,1000000.0,2019-04-15,4140,0
BHARATIYA JANATA PARTY,TL,1000000.0,2019-04-15,4140,0
BHARATIYA JANATA PARTY,TL,1000000.0,2019-04-15,2659,0
BHARATIYA JANATA PARTY,TL,1000000.0,2019-04-15,416,0
BHARATIYA JANATA PARTY,TL,1000000.0,2019-04-15,416,0
BHARATIYA JANATA PARTY,TL,1000000.0,2019-04-15,416,0
BHARATIYA JANATA PARTY,TL,1000000.0,2019-04-15,416,0
BHARATIYA JANATA PARTY,TL,1000000.0,2019-04-16,1320,0
BHARATIYA JANATA PARTY,TL,1000000.0,2019-04-16,1320,0
BHARATIYA JANATA PARTY,TL,1000000.0,2019-04-16,1320,0
BHARATIYA JANATA PARTY,TL,1000000.0,2019-04-16,815,0
BHARATIYA JANATA PARTY,TL,1000000.0,2019-04-16,1722,0
BHARATIYA JANATA PARTY,TL,1000000.0,2019-04-16,1722,0
BHARATIYA JANATA PARTY,TL,1000000.0,2019-04-16,1722,0
BHARATIYA JANATA PARTY,TL,1000000.0,2019-04-16,1722,0
BHARATIYA JANATA PARTY,TL,1000000.0,2019-04-16,1722,0
BHARATIYA JANATA PARTY,TL,1000000.0,2019-04-16,1722,0
BHARATIYA JANATA PARTY,TL,1000000.0,2019-04-16,1722,0
BHARATIYA JANATA PARTY,TL,1000000.0,2019-04-16,1722,0
BHARATIYA JANATA PARTY,TL,1000000.0,2019-04-16,1722,0
BHARATIYA JANATA PARTY,TL,1000000.0,2019-04-16,1722,0
BHARATIYA JANATA PARTY,TL,1000000.0,2019-04-16,3345,0
BHARATIYA JANATA PARTY,TL,1000000.0,2019-04-16,3345,0
BHARATIYA JANATA PARTY,TL,1000000.0,2019-04-16,3345,0
BHARATIYA JANATA PARTY,TL,1000000.0,2019-04-16,4017,0
BHARATIYA JANATA PARTY,TL,1000000.0,2019-04-16,4017,0
BHARATIYA JANATA PARTY,TL,1000000.0,2019-04-16,4017,0
BHARATIYA JANATA PARTY,TL,1000000.0,2019-04-16,4017,0
BHARATIYA JANATA PARTY,TL,1000000.0,2019-04-16,4017,0
BHARATIYA JANATA PARTY,TL,1000000.0,2019-04-16,4017,0
BHARATIYA JANATA PARTY,TL,1000000.0,2019-04-16,4017,0
BHARATIYA JANATA PARTY,TL,1000000.0,2019-04-16,4017,0
BHARATIYA JANATA PARTY,TL,1000000.0,2019-04-17,2464,0
BHARATIYA JANATA PARTY,TL,1000000.0,2019-04-17,2464,0
BHARATIYA JANATA PARTY,TL,1000000.0,2019-04-17,3930,0
BHARATIYA JANATA PARTY,TL,1000000.0,2019-04-17,3930,0
BHARATIYA JANATA PARTY,TL,1000000.0,2019-04-17,3930,0
BHARATIYA JANATA PARTY,TL,1000000.0,2019-04-17,3930,0
BHARATIYA JANATA PARTY,TL,1000000.0,2019-04-17,3930,0
BHARATIYA JANATA PARTY,TL,1000000.0,2019-04-17,3930,0
BHARATIYA JANATA PARTY,TL,1000000.0,2019-04-17,3930,0
BHARATIYA JANATA PARTY,TL,1000000.0,2019-04-18,1636,0
BHARATIYA JANATA PARTY,TL,1000000.0,2019-04-18,1636,0
BHARATIYA JANATA PARTY,TL,1000000.0,2019-04-18,1636,0
BHARATIYA JANATA PARTY,TL,1000000.0,2019-04-18,1636,0
BHARATIYA JANATA PARTY,TL,1000000.0,2019-04-18,1636,0
BHARATIYA JANATA PARTY,TL,1000000.0,2019-04-18,1636,0
BHARATIYA JANATA PARTY,TL,1000000.0,2019-04-18,1636,0
BHARATIYA JANATA PARTY,TL,1000000.0,2019-04-18,1636,0
BHARATIYA JANATA PARTY,TL,1000000.0,2019-04-18,1636,0
BHARATIYA JANATA PARTY,TL,1000000.0,2019-04-18,1636,0
BHARATIYA JANATA PARTY,TL,1000000.0,2019-04-18,629,0
BHARATIYA JANATA PARTY,TL,1000000.0,2019-04-18,629,0
BHARATIYA JANATA PARTY,TL,1000000.0,2019-04-18,629,0
BHARATIYA JANATA PARTY,TL,1000000.0,2019-04-18,629,0
BHARATIYA JANATA PARTY,TL,1000000.0,2019-04-18,629,0
BHARATIYA JANATA PARTY,TL,1000000.0,2019-04-18,629,0
BHARATIYA JANATA PARTY,TL,1000000.0,2019-04-18,2088,0
BHARATIYA JANATA PARTY,TL,1000000.0,2019-04-18,2088,0
BHARATIYA JANATA PARTY,TL,1000000.0,2019-04-18,2088,0
BHARATIYA JANATA PARTY,TL,1000000.0,2019-04-18,2088,0
BHARATIYA JANATA PARTY,TL,1000000.0,2019-04-18,2088,0
BHARATIYA JANATA PARTY,TL,1000000.0,2019-04-18,3091,0
BHARATIYA JANATA PARTY,TL,1000000.0,2019-04-18,3091,0
BHARATIYA JANATA PARTY,TL,1000000.0,2019-04-18,3698,0
BHARATIYA JANATA PARTY,TL,1000000.0,2019-04-18,1818,0
BHARATIYA JANATA PARTY,TL,1000000.0,2019-04-18,1818,0
BHARATIYA JANATA PARTY,TL,1000000.0,2019-04-18,1818,0
BHARATIYA JANATA PARTY,TL,1000000.0,2019-04-18,1818,0
BHARATIYA JANATA PARTY,TL,1000000.0,2019-04-18,104,0
BHARATIYA JANATA PARTY,TL,1000000.0,2019-04-18,2563,0
BHARATIYA JANATA PARTY,TL,1000000.0,2019-04-18,582,0
BHARATIYA JANATA PARTY,TL,1000000.0,2019-04-18,582,0
BHARATIYA JANATA PARTY,TL,1000000.0,2019-04-18,582,0
BHARATIYA JANATA PARTY,TL,1000000.0,2019-04-18,582,0
BHARATIYA JANATA PARTY,TL,1000000.0,2019-04-18,582,0
BHARATIYA JANATA PARTY,TL,1000000.0,2019-04-18,582,0
BHARATIYA JANATA PARTY,TL,1000000.0,2019-04-18,582,0
BHARATIYA JANATA PARTY,TL,1000000.0,2019-04-18,582,0
BHARATIYA JANATA PARTY,TL,1000000.0,2019-04-18,582,0
BHARATIYA JANATA PARTY,TL,1000000.0,2019-04-18,582,0
BHARATIYA JANATA PARTY,TL,1000000.0,2019-04-18,582,0
BHARATIYA JANATA PARTY,TL,1000000.0,2019-04-18,582,0
BHARATIYA JANATA PARTY,TL,1000000.0,2019-04-18,582,0
BHARATIYA JANATA PARTY,TL,1000000.0,2019-04-18,582,0
BHARATIYA JANATA PARTY,TL,1000000.0,2019-04-18,1320,0
BHARATIYA JANATA PARTY,TL,1000000.0,2019-04-18,1320,0
BHARATIYA JANATA PARTY,TL,1000000.0,2019-04-18,1311,0
BHARATIYA JANATA PARTY,TL,1000000.0,2019-04-18,1311,0
BHARATIYA JANATA PARTY,TL,1000000.0,2019-04-18,1311,0
BHARATIYA JANATA PARTY,TL,1000000.0,2019-04-18,1311,0
BHARATIYA JANATA PARTY,TL,1000000.0,2019-04-18,1311,0
BHARATIYA JANATA PARTY,TL,1000000.0,2019-04-18,1311,0
BHARATIYA JANATA PARTY,TL,1000000.0,2019-04-18,1311,0
BHARATIYA JANATA PARTY,TL,1000000.0,2019-04-18,1311,0
BHARATIYA JANATA PARTY,OL,100000.0,2019-04-15,4140,0
BHARATIYA JANATA PARTY,OL,100000.0,2019-04-15,4140,0
BHARATIYA JANATA PARTY,OL,100000.0,2019-04-15,4140,0
BHARATIYA JANATA PARTY,OL,100000.0,2019-04-15,4140,0
BHARATIYA JANATA PARTY,OL,100000.0,2019-04-15,4140,0
BHARATIYA JANATA PARTY,OL,100000.0,2019-04-15,1196,0
BHARATIYA JANATA PARTY,OL,100000.0,2019-04-15,1196,0
BHARATIYA JANATA PARTY,OL,100000.0,2019-04-15,1196,0
BHARATIYA JANATA PARTY,OL,100000.0,2019-04-15,1196,0
BHARATIYA JANATA PARTY,OL,100000.0,2019-04-15,1196,0
BHARATIYA JANATA PARTY,OL,100000.0,2019-04-16,1320,0
BHARATIYA JANATA PARTY,OL,100000.0,2019-04-16,1320,0
BHARATIYA JANATA PARTY,OL,100000.0,2019-04-16,1320,0
BHARATIYA JANATA PARTY,OL,100000.0,2019-04-16,1320,0
BHARATIYA JANATA PARTY,OL,100000.0,2019-04-16,1320,0
BHARATIYA JANATA PARTY,OL,100000.0,2019-04-16,3345,0
BHARATIYA JANATA PARTY,OL,100000.0,2019-04-16,3345,0
BHARATIYA JANATA PARTY,OL,100000.0,2019-04-16,3345,0
BHARATIYA JANATA PARTY,OL,100000.0,2019-04-16,3345,0
BHARATIYA JANATA PARTY,OL,100000.0,2019-04-16,3345,0
BHARATIYA JANATA PARTY,OL,100000.0,2019-04-16,4017,0
BHARATIYA JANATA PARTY,OL,100000.0,2019-04-16,4017,0
BHARATIYA JANATA PARTY,OL,100000.0,2019-04-16,4017,0
BHARATIYA JANATA PARTY,OL,100000.0,2019-04-16,4017,0
BHARATIYA JANATA PARTY,OL,100000.0,2019-04-16,4017,0
BHARATIYA JANATA PARTY,OL,100000.0,2019-04-18,3091,0
BHARATIYA JANATA PARTY,OL,100000.0,2019-04-18,3091,0
BHARATIYA JANATA PARTY,OL,100000.0,2019-04-18,3091,0
BHARATIYA JANATA PARTY,OL,100000.0,2019-04-18,3091,0
BHARATIYA JANATA PARTY,OL,100000.0,2019-04-18,3091,0
BHARATIYA JANATA PARTY,OL,100000.0,2019-04-18,1320,0
BHARATIYA JANATA PARTY,OL,100000.0,2019-04-18,1320,0
BHARATIYA JANATA PARTY,OL,100000.0,2019-04-18,1320,0
BHARATIYA JANATA PARTY,OL,100000.0,2019-04-18,1320,0
BHARATIYA JANATA PARTY,OL,100000.0,2019-04-18,1320,0
BHARATIYA JANATA PARTY,OL,100000.0,2019-04-18,1320,0
BHARATIYA JANATA PARTY,OL,100000.0,2019-04-18,1320,0
BHARATIYA JANATA PARTY,OL,100000.0,2019-04-18,1320,0
BHARATIYA JANATA PARTY,OL,100000.0,2019-04-18,1320,0
BHARATIYA JANATA PARTY,OL,100000.0,2019-04-18,1320,0
BHARATIYA JANATA PARTY,OL,100000.0,2019-04-18,1311,0
BHARATIYA JANATA PARTY,OL,100000.0,2019-04-18,1311,0
BHARATIYA JANATA PARTY,OL,100000.0,2019-04-18,1311,0
BHARATIYA JANATA PARTY,OL,100000.0,2019-04-18,1311,0
BHARATIYA JANATA PARTY,OL,100000.0,2019-04-18,1311,0
BHARATIYA JANATA PARTY,OC,10000000.0,2019-04-18,1062,0
BHARATIYA JANATA PARTY,OC,10000000.0,2019-04-18,1062,0
BHARATIYA JANATA PARTY,OC,10000000.0,2019-04-18,1062,0
BHARATIYA JANATA PARTY,OC,10000000.0,2019-04-18,1062,0
BHARATIYA JANATA PARTY,OC,10000000.0,2019-04-18,1494,0
BHARATIYA JANATA PARTY,OC,10000000.0,2019-04-15,3012,0
BHARATIYA JANATA PARTY,OC,10000000.0,2019-04-15,1601,0
BHARATIYA JANATA PARTY,OC,10000000.0,2019-04-15,1601,0
BHARATIYA JANATA PARTY,OC,10000000.0,2019-04-15,1601,0
BHARATIYA JANATA PARTY,OC,10000000.0,2019-04-15,1601,0
BHARATIYA JANATA PARTY,OC,10000000.0,2019-04-15,1601,0
BHARATIYA JANATA PARTY,OC,10000000.0,2019-04-15,1601,0
BHARATIYA JANATA PARTY,OC,10000000.0,2019-04-15,1601,0
BHARATIYA JANATA PARTY,OC,10000000.0,2019-04-15,1601,0
BHARATIYA JANATA PARTY,OC,10000000.0,2019-04-15,1601,0
BHARATIYA JANATA PARTY,OC,10000000.0,2019-04-15,1601,0
BHARATIYA JANATA PARTY,OC,10000000.0,2019-04-16,1653,0
BHARATIYA JANATA PARTY,OC,10000000.0,2019-04-16,359,0
BHARATIYA JANATA PARTY,OC,10000000.0,2019-04-16,359,0
BHARATIYA JANATA PARTY,OC,10000000.0,2019-04-16,734,0
BHARATIYA JANATA PARTY,OC,10000000.0,2019-04-16,734,0
BHARATIYA JANATA PARTY,OC,10000000.0,2019-04-16,734,0
BHARATIYA JANATA PARTY,OC,10000000.0,2019-04-16,734,0
BHARATIYA JANATA PARTY,OC,10000000.0,2019-04-16,734,0
BHARATIYA JANATA PARTY,OC,10000000.0,2019-04-16,734,0
BHARATIYA JANATA PARTY,OC,10000000.0,2019-04-16,734,0
BHARATIYA JANATA PARTY,OC,10000000.0,2019-04-16,734,0
BHARATIYA JANATA PARTY,OC,10000000.0,2019-04-16,734,0
BHARATIYA JANATA PARTY,OC,10000000.0,2019-04-16,734,0
BHARATIYA JANATA PARTY,OC,10000000.0,2019-04-16,734,0
BHARATIYA JANATA PARTY,OC,10000000.0,2019-04-16,734,0
BHARATIYA JANATA PARTY,OC,10000000.0,2019-04-16,734,0
BHARATIYA JANATA PARTY,OC,10000000.0,2019-04-16,734,0
BHARATIYA JANATA PARTY,OC,10000000.0,2019-04-16,734,0
BHARATIYA JANATA PARTY,OC,10000000.0,2019-04-18,135,0
BHARATIYA JANATA PARTY,OC,10000000.0,2019-04-20,1973,0
BHARATIYA JANATA PARTY,OC,10000000.0,2019-04-20,1973,0
BHARATIYA JANATA PARTY,OC,10000000.0,2019-04-20,1973,0
BHARATIYA JANATA PARTY,OC,10000000.0,2019-04-20,1973,0
BHARATIYA JANATA PARTY,TL,1000000.0,2019-04-12,3231,0
BHARATIYA JANATA PARTY,TL,1000000.0,2019-04-12,3231,0
BHARATIYA JANATA PARTY,TL,1000000.0,2019-04-12,3231,0
BHARATIYA JANATA PARTY,TL,1000000.0,2019-04-12,3231,0
BHARATIYA JANATA PARTY,TL,1000000.0,2019-04-12,3231,0
BHARATIYA JANATA PARTY,TL,1000000.0,2019-04-12,3231,0
BHARATIYA JANATA PARTY,TL,1000000.0,2019-04-12,3231,0
BHARATIYA JANATA PARTY,TL,1000000.0,2019-04-12,3231,0
BHARATIYA JANATA PARTY,TL,1000000.0,2019-04-12,3231,0
BHARATIYA JANATA PARTY,TL,1000000.0,2019-04-15,1700,0
BHARATIYA JANATA PARTY,TL,1000000.0,2019-04-15,1700,0
BHARATIYA JANATA PARTY,TL,1000000.0,2019-04-15,1700,0
BHARATIYA JANATA PARTY,TL,1000000.0,2019-04-15,1700,0
BHARATIYA JANATA PARTY,TL,1000000.0,2019-04-15,1700,0
BHARATIYA JANATA PARTY,TL,1000000.0,2019-04-16,1700,0
BHARATIYA JANATA PARTY,TL,1000000.0,2019-04-16,1700,0
BHARATIYA JANATA PARTY,TL,1000000.0,2019-04-16,1700,0
BHARATIYA JANATA PARTY,TL,1000000.0,2019-04-16,1700,0
BHARATIYA JANATA PARTY,TL,1000000.0,2019-04-16,1700,0
BHARATIYA JANATA PARTY,TL,1000000.0,2019-04-20,1973,0
BHARATIYA JANATA PARTY,TL,1000000.0,2019-04-20,1973,0
BHARATIYA JANATA PARTY,TL,1000000.0,2019-04-20,1973,0
BHARATIYA JANATA PARTY,TL,1000000.0,2019-04-20,1973,0
BHARATIYA JANATA PARTY,TL,1000000.0,2019-04-20,1973,0
BHARATIYA JANATA PARTY,OT,1000.0,2019-04-16,135,0
BHARATIYA JANATA PARTY,OC,10000000.0,2019-04-16,1029,0
BHARATIYA JANATA PARTY,OC,10000000.0,2019-04-16,1029,0
BHARATIYA JANATA PARTY,OC,10000000.0,2019-04-16,1029,0
BHARATIYA JANATA PARTY,OC,10000000.0,2019-04-16,1029,0
BHARATIYA JANATA PARTY,OC,10000000.0,2019-04-16,1029,0
BHARATIYA JANATA PARTY,OC,10000000.0,2019-04-16,1029,0
BHARATIYA JANATA PARTY,OC,10000000.0,2019-04-16,1029,0
BHARATIYA JANATA PARTY,OC,10000000.0,2019-04-16,1029,0
BHARATIYA JANATA PARTY,OC,10000000.0,2019-04-16,1029,0
BHARATIYA JANATA PARTY,OC,10000000.0,2019-04-16,207,0
BHARATIYA JANATA PARTY,OC,10000000.0,2019-04-16,207,0
BHARATIYA JANATA PARTY,OC,10000000.0,2019-04-16,207,0
BHARATIYA JANATA PARTY,OC,10000000.0,2019-04-16,947,0
BHARATIYA JANATA PARTY,OC,10000000.0,2019-04-18,3960,0
BHARATIYA JANATA PARTY,OC,10000000.0,2019-04-18,2205,0
BHARATIYA JANATA PARTY,OC,10000000.0,2019-04-18,2205,0
BHARATIYA JANATA PARTY,OC,10000000.0,2019-04-18,2205,0
BHARATIYA JANATA PARTY,OC,10000000.0,2019-04-18,2205,0
BHARATIYA JANATA PARTY,OC,10000000.0,2019-04-18,2795,0
BHARATIYA JANATA PARTY,OC,10000000.0,2019-04-18,2795,0
BHARATIYA JANATA PARTY,OC,10000000.0,2019-04-18,2795,0
BHARATIYA JANATA PARTY,OC,10000000.0,2019-04-18,2795,0
BHARATIYA JANATA PARTY,OC,10000000.0,2019-04-18,2795,0
BHARATIYA JANATA PARTY,OC,10000000.0,2019-04-18,2795,0
BHARATIYA JANATA PARTY,OC,10000000.0,2019-04-18,2795,0
BHARATIYA JANATA PARTY,OC,10000000.0,2019-04-18,2795,0
BHARATIYA JANATA PARTY,OC,10000000.0,2019-04-18,2795,0
BHARATIYA JANATA PARTY,OC,10000000.0,2019-04-18,2795,0
BHARATIYA JANATA PARTY,OC,10000000.0,2019-04-18,2795,0
BHARATIYA JANATA PARTY,OC,10000000.0,2019-04-18,2795,0
BHARATIYA JANATA PARTY,OC,10000000.0,2019-04-18,2795,0
BHARATIYA JANATA PARTY,OC,10000000.0,2019-04-18,2795,0
BHARATIYA JANATA PARTY,OC,10000000.0,2019-04-18,2795,0
BHARATIYA JANATA PARTY,OC,10000000.0,2019-04-18,2795,0
BHARATIYA JANATA PARTY,OC,10000000.0,2019-04-18,2795,0
BHARATIYA JANATA PARTY,OC,10000000.0,2019-04-18,2795,0
BHARATIYA JANATA PARTY,OC,10000000.0,2019-04-18,3131,0
BHARATIYA JANATA PARTY,OC,10000000.0,2019-04-18,3131,0
BHARATIYA JANATA PARTY,OC,10000000.0,2019-04-18,3131,0
BHARATIYA JANATA PARTY,OC,10000000.0,2019-04-18,3131,0
BHARATIYA JANATA PARTY,OC,10000000.0,2019-04-18,3131,0
BHARATIYA JANATA PARTY,OC,10000000.0,2019-04-18,3131,0
BHARATIYA JANATA PARTY,OC,10000000.0,2019-04-18,3131,0
BHARATIYA JANATA PARTY,OC,10000000.0,2019-04-18,3131,0
BHARATIYA JANATA PARTY,OC,10000000.0,2019-04-18,3131,0
BHARATIYA JANATA PARTY,OC,10000000.0,2019-04-18,2394,0
BHARATIYA JANATA PARTY,OC,10000000.0,2019-04-18,2394,0
BHARATIYA JANATA PARTY,OC,10000000.0,2019-04-18,2394,0
BHARATIYA JANATA PARTY,OC,10000000.0,2019-04-18,2394,0
BHARATIYA JANATA PARTY,OC,10000000.0,2019-04-18,2394,0
BHARATIYA JANATA PARTY,OC,10000000.0,2019-04-18,2394,0
BHARATIYA JANATA PARTY,OC,10000000.0,2019-04-18,2394,0
BHARATIYA JANATA PARTY,OC,10000000.0,2019-04-18,2394,0
BHARATIYA JANATA PARTY,OC,10000000.0,2019-04-18,2394,0
BHARATIYA JANATA PARTY,OC,10000000.0,2019-04-18,2394,0
BHARATIYA JANATA PARTY,OC,10000000.0,2019-04-18,1852,0
BHARATIYA JANATA PARTY,OC,10000000.0,2019-04-18,1852,0
BHARATIYA JANATA PARTY,OC,10000000.0,2019-04-18,1852,0
BHARATIYA JANATA PARTY,OC,10000000.0,2019-04-18,1852,0
BHARATIYA JANATA PARTY,OC,10000000.0,2019-04-18,1852,0
BHARATIYA JANATA PARTY,OC,10000000.0,2019-04-18,1852,0
BHARATIYA JANATA PARTY,OC,10000000.0,2019-04-18,1852,0
BHARATIYA JANATA PARTY,OC,10000000.0,2019-04-18,1852,0
BHARATIYA JANATA PARTY,OC,10000000.0,2019-04-18,1852,0
BHARATIYA JANATA PARTY,OC,10000000.0,2019-04-18,1852,0
BHARATIYA JANATA PARTY,OC,10000000.0,2019-04-18,1852,0
BHARATIYA JANATA PARTY,OC,10000000.0,2019-04-18,1852,0
BHARATIYA JANATA PARTY,OC,10000000.0,2019-04-18,1852,0
BHARATIYA JANATA PARTY,OC,10000000.0,2019-04-18,1852,0
BHARATIYA JANATA PARTY,OC,10000000.0,2019-04-18,1852,0
BHARATIYA JANATA PARTY,OC,10000000.0,2019-04-18,1852,0
BHARATIYA JANATA PARTY,OC,10000000.0,2019-04-18,1852,0
BHARATIYA JANATA PARTY,OC,10000000.0,2019-04-18,1852,0
BHARATIYA JANATA PARTY,OC,10000000.0,2019-04-18,1852,0
BHARATIYA JANATA PARTY,OC,10000000.0,2019-04-18,1852,0
BHARATIYA JANATA PARTY,OC,10000000.0,2019-04-20,3872,0
BHARATIYA JANATA PARTY,OC,10000000.0,2019-04-15,3464,0
BHARATIYA JANATA PARTY,OC,10000000.0,2019-04-15,3464,0
BHARATIYA JANATA PARTY,OC,10000000.0,2019-04-15,3464,0
BHARATIYA JANATA PARTY,OC,10000000.0,2019-04-15,3464,0
BHARATIYA JANATA PARTY,OC,10000000.0,2019-04-15,3464,0
BHARATIYA JANATA PARTY,OC,10000000.0,2019-04-18,1662,0
BHARATIYA JANATA PARTY,OC,10000000.0,2019-04-18,1662,0
BHARATIYA JANATA PARTY,OC,10000000.0,2019-04-18,1662,0
BHARATIYA JANATA PARTY,OC,10000000.0,2019-04-18,1662,0
BHARATIYA JANATA PARTY,OC,10000000.0,2019-04-18,1662,0
BHARATIYA JANATA PARTY,OC,10000000.0,2019-04-18,1662,0
BHARATIYA JANATA PARTY,OC,10000000.0,2019-04-18,1662,0
BHARATIYA JANATA PARTY,OC,10000000.0,2019-04-18,1662,0
BHARATIYA JANATA PARTY,OC,10000000.0,2019-04-18,1662,0
BHARATIYA JANATA PARTY,OC,10000000.0,2019-04-18,1662,0
BHARATIYA JANATA PARTY,OC,10000000.0,2019-04-18,1662,0
BHARATIYA JANATA PARTY,OC,10000000.0,2019-04-18,1662,0
BHARATIYA JANATA PARTY,OC,10000000.0,2019-04-18,1662,0
BHARATIYA JANATA PARTY,OC,10000000.0,2019-04-18,1662,0
BHARATIYA JANATA PARTY,OC,10000000.0,2019-04-18,1662,0
BHARATIYA JANATA PARTY,OC,10000000.0,2019-04-18,1662,0
BHARATIYA JANATA PARTY,OC,10000000.0,2019-04-18,1662,0
BHARATIYA JANATA PARTY,OC,10000000.0,2019-04-18,1662,0
BHARATIYA JANATA PARTY,OC,10000000.0,2019-04-18,1662,0
BHARATIYA JANATA PARTY,OC,10000000.0,2019-04-18,1662,0
BHARATIYA JANATA PARTY,OC,10000000.0,2019-04-18,1662,0
BHARATIYA JANATA PARTY,OC,10000000.0,2019-04-18,1662,0
BHARATIYA JANATA PARTY,OC,10000000.0,2019-04-18,1662,0
BHARATIYA JANATA PARTY,OC,10000000.0,2019-04-18,1662,0
BHARATIYA JANATA PARTY,OC,10000000.0,2019-04-18,1662,0
BHARATIYA JANATA PARTY,OC,10000000.0,2019-04-18,1662,0
BHARATIYA JANATA PARTY,OC,10000000.0,2019-04-18,1662,0
BHARATIYA JANATA PARTY,OC,10000000.0,2019-04-18,1662,0
BHARATIYA JANATA PARTY,OC,10000000.0,2019-04-18,1662,0
BHARATIYA JANATA PARTY,OC,10000000.0,2019-04-18,1662,0
BHARATIYA JANATA PARTY,OC,10000000.0,2019-04-20,628,0
BHARATIYA JANATA PARTY,OC,10000000.0,2019-04-20,3965,0
BHARATIYA JANATA PARTY,OC,10000000.0,2019-04-20,3566,0
BHARATIYA JANATA PARTY,OC,10000000.0,2019-04-20,3566,0
BHARATIYA JANATA PARTY,OC,10000000.0,2019-04-20,3566,0
BHARATIYA JANATA PARTY,TL,1000000.0,2019-04-16,1029,0
BHARATIYA JANATA PARTY,TL,1000000.0,2019-04-16,1029,0
BHARATIYA JANATA PARTY,TL,1000000.0,2019-04-16,1029,0
BHARATIYA JANATA PARTY,TL,1000000.0,2019-04-16,1029,0
BHARATIYA JANATA PARTY,TL,1000000.0,2019-04-16,1029,0
BHARATIYA JANATA PARTY,TL,1000000.0,2019-04-16,1029,0
BHARATIYA JANATA PARTY,TL,1000000.0,2019-04-16,1029,0
BHARATIYA JANATA PARTY,TL,1000000.0,2019-04-16,1029,0
BHARATIYA JANATA PARTY,TL,1000000.0,2019-04-16,1029,0
BHARATIYA JANATA PARTY,TL,1000000.0,2019-04-16,1029,0
BHARATIYA JANATA PARTY,TL,1000000.0,2019-04-16,3102,0
BHARATIYA JANATA PARTY,TL,1000000.0,2019-04-18,2205,0
BHARATIYA JANATA PARTY,TL,1000000.0,2019-04-18,2205,0
BHARATIYA JANATA PARTY,TL,1000000.0,2019-04-18,2205,0
BHARATIYA JANATA PARTY,TL,1000000.0,2019-04-18,2205,0
BHARATIYA JANATA PARTY,TL,1000000.0,2019-04-18,2205,0
BHARATIYA JANATA PARTY,TL,1000000.0,2019-04-18,2205,0
BHARATIYA JANATA PARTY,TL,1000000.0,2019-04-18,2205,0
BHARATIYA JANATA PARTY,TL,1000000.0,2019-04-18,2205,0
BHARATIYA JANATA PARTY,TL,1000000.0,2019-04-18,2205,0
BHARATIYA JANATA PARTY,TL,1000000.0,2019-04-18,2205,0
BHARATIYA JANATA PARTY,TL,1000000.0,2019-04-18,13,0
BHARATIYA JANATA PARTY,TL,1000000.0,2019-04-18,13,0
BHARATIYA JANATA PARTY,TL,1000000.0,2019-04-18,13,0
BHARATIYA JANATA PARTY,TL,1000000.0,2019-04-18,13,0
BHARATIYA JANATA PARTY,TL,1000000.0,2019-04-18,13,0
BHARATIYA JANATA PARTY,TL,1000000.0,2019-04-18,3131,0
BHARATIYA JANATA PARTY,TL,1000000.0,2019-04-18,3131,0
BHARATIYA JANATA PARTY,TL,1000000.0,2019-04-18,3131,0
BHARATIYA JANATA PARTY,TL,1000000.0,2019-04-18,3131,0
BHARATIYA JANATA PARTY,TL,1000000.0,2019-04-18,3131,0
BHARATIYA JANATA PARTY,TL,1000000.0,2019-04-18,3131,0
BHARATIYA JANATA PARTY,TL,1000000.0,2019-04-18,3131,0
BHARATIYA JANATA PARTY,TL,1000000.0,2019-04-18,3131,0
BHARATIYA JANATA PARTY,TL,1000000.0,2019-04-18,3131,0
BHARATIYA JANATA PARTY,TL,1000000.0,2019-04-18,3131,0
BHARATIYA JANATA PARTY,TL,1000000.0,2019-04-20,3872,0
BHARATIYA JANATA PARTY,TL,1000000.0,2019-04-20,3872,0
BHARATIYA JANATA PARTY,TL,1000000.0,2019-04-20,3872,0
BHARATIYA JANATA PARTY,TL,1000000.0,2019-04-20,3872,0
BHARATIYA JANATA PARTY,TL,1000000.0,2019-04-20,3872,0
BHARATIYA JANATA PARTY,TL,1000000.0,2019-04-12,1078,0
BHARATIYA JANATA PARTY,TL,1000000.0,2019-04-12,1078,0
BHARATIYA JANATA PARTY,TL,1000000.0,2019-04-12,3516,0
BHARATIYA JANATA PARTY,TL,1000000.0,2019-04-12,2845,0
BHARATIYA JANATA PARTY,TL,1000000.0,2019-04-12,1290,0
BHARATIYA JANATA PARTY,TL,1000000.0,2019-04-12,1290,0
BHARATIYA JANATA PARTY,TL,1000000.0,2019-04-12,1290,0
BHARATIYA JANATA PARTY,TL,1000000.0,2019-04-12,1290,0
BHARATIYA JANATA PARTY,TL,1000000.0,2019-04-12,1290,0
BHARATIYA JANATA PARTY,TL,1000000.0,2019-04-16,644,0
BHARATIYA JANATA PARTY,TL,1000000.0,2019-04-16,644,0
BHARATIYA JANATA PARTY,TL,1000000.0,2019-04-16,644,0
BHARATIYA JANATA PARTY,TL,1000000.0,2019-04-16,644,0
BHARATIYA JANATA PARTY,TL,1000000.0,2019-04-16,644,0
BHARATIYA JANATA PARTY,TL,1000000.0,2019-04-16,644,0
BHARATIYA JANATA PARTY,TL,1000000.0,2019-04-16,644,0
BHARATIYA JANATA PARTY,TL,1000000.0,2019-04-16,644,0
BHARATIYA JANATA PARTY,TL,1000000.0,2019-04-16,644,0
BHARATIYA JANATA PARTY,TL,1000000.0,2019-04-16,644,0
BHARATIYA JANATA PARTY,TL,1000000.0,2019-04-16,644,0
BHARATIYA JANATA PARTY,TL,1000000.0,2019-04-16,644,0
BHARATIYA JANATA PARTY,TL,1000000.0,2019-04-16,644,0
BHARATIYA JANATA PARTY,TL,1000000.0,2019-04-16,644,0
BHARATIYA JANATA PARTY,TL,1000000.0,2019-04-16,644,0
BHARATIYA JANATA PARTY,TL,1000000.0,2019-04-16,644,0
BHARATIYA JANATA PARTY,TL,1000000.0,2019-04-16,644,0
BHARATIYA JANATA PARTY,TL,1000000.0,2019-04-16,644,0
BHARATIYA JANATA PARTY,TL,1000000.0,2019-04-16,644,0
BHARATIYA JANATA PARTY,TL,1000000.0,2019-04-16,644,0
BHARATIYA JANATA PARTY,TL,1000000.0,2019-04-16,545,0
BHARATIYA JANATA PARTY,TL,1000000.0,2019-04-16,545,0
BHARATIYA JANATA PARTY,TL,1000000.0,2019-04-16,545,0
BHARATIYA JANATA PARTY,TL,1000000.0,2019-04-16,545,0
BHARATIYA JANATA PARTY,TL,1000000.0,2019-04-16,545,0
BHARATIYA JANATA PARTY,TL,1000000.0,2019-04-18,3698,0
BHARATIYA JANATA PARTY,TL,1000000.0,2019-04-18,3698,0
BHARATIYA JANATA PARTY,TL,1000000.0,2019-04-18,3698,0
BHARATIYA JANATA PARTY,TL,1000000.0,2019-04-18,3698,0
BHARATIYA JANATA PARTY,TL,1000000.0,2019-04-18,3698,0
BHARATIYA JANATA PARTY,TL,1000000.0,2019-04-20,953,0
BHARATIYA JANATA PARTY,TL,1000000.0,2019-04-20,953,0
BHARATIYA JANATA PARTY,TL,1000000.0,2019-04-20,953,0
BHARATIYA JANATA PARTY,TL,1000000.0,2019-04-20,953,0
BHARATIYA JANATA PARTY,TL,1000000.0,2019-04-20,953,0
BHARATIYA JANATA PARTY,TL,1000000.0,2019-04-20,4141,0
BHARATIYA JANATA PARTY,TL,1000000.0,2019-04-20,3659,0
BHARATIYA JANATA PARTY,TL,1000000.0,2019-04-20,3659,0
BHARATIYA JANATA PARTY,TL,1000000.0,2019-04-20,3659,0
BHARATIYA JANATA PARTY,TL,1000000.0,2019-04-20,3659,0
BHARATIYA JANATA PARTY,TL,1000000.0,2019-04-20,3659,0
BHARATIYA JANATA PARTY,TL,1000000.0,2019-04-20,557,0
BHARATIYA JANATA PARTY,TL,1000000.0,2019-04-20,3965,0
BHARATIYA JANATA PARTY,TL,1000000.0,2019-04-20,3965,0
BHARATIYA JANATA PARTY,TL,1000000.0,2019-04-20,3965,0
BHARATIYA JANATA PARTY,TL,1000000.0,2019-04-20,1320,0
BHARATIYA JANATA PARTY,TL,1000000.0,2019-04-20,1320,0
BHARATIYA JANATA PARTY,TL,1000000.0,2019-04-20,1320,0
BHARATIYA JANATA PARTY,TL,1000000.0,2019-04-20,1320,0
BHARATIYA JANATA PARTY,TL,1000000.0,2019-04-20,1320,0
BHARATIYA JANATA PARTY,TL,1000000.0,2019-04-20,1320,0
BHARATIYA JANATA PARTY,OL,100000.0,2019-04-15,3181,0
BHARATIYA JANATA PARTY,OL,100000.0,2019-04-15,3181,0
BHARATIYA JANATA PARTY,OL,100000.0,2019-04-15,3181,0
BHARATIYA JANATA PARTY,OL,100000.0,2019-04-15,3181,0
BHARATIYA JANATA PARTY,OL,100000.0,2019-04-15,3181,0
BHARATIYA JANATA PARTY,OL,100000.0,2019-04-15,3181,0
BHARATIYA JANATA PARTY,OL,100000.0,2019-04-15,3181,0
BHARATIYA JANATA PARTY,OL,100000.0,2019-04-15,3181,0
BHARATIYA JANATA PARTY,OL,100000.0,2019-04-15,3181,0
BHARATIYA JANATA PARTY,OL,100000.0,2019-04-15,3181,0
BHARATIYA JANATA PARTY,OL,100000.0,2019-04-12,3516,0
BHARATIYA JANATA PARTY,OL,100000.0,2019-04-12,3516,0
BHARATIYA JANATA PARTY,OL,100000.0,2019-04-12,3516,0
BHARATIYA JANATA PARTY,OL,100000.0,2019-04-12,3516,0
BHARATIYA JANATA PARTY,OL,100000.0,2019-04-12,3516,0
BHARATIYA JANATA PARTY,OL,100000.0,2019-04-12,2845,0
BHARATIYA JANATA PARTY,OL,100000.0,2019-04-12,2845,0
BHARATIYA JANATA PARTY,OL,100000.0,2019-04-12,2845,0
BHARATIYA JANATA PARTY,OL,100000.0,2019-04-12,2845,0
BHARATIYA JANATA PARTY,OL,100000.0,2019-04-12,2845,0
BHARATIYA JANATA PARTY,OL,100000.0,2019-04-20,557,0
BHARATIYA JANATA PARTY,OL,100000.0,2019-04-20,557,0
BHARATIYA JANATA PARTY,OL,100000.0,2019-04-20,557,0
BHARATIYA JANATA PARTY,OL,100000.0,2019-04-20,557,0
BHARATIYA JANATA PARTY,OL,100000.0,2019-04-20,557,0
BHARATIYA JANATA PARTY,OC,10000000.0,2019-04-20,3580,0
BHARATIYA JANATA PARTY,OC,10000000.0,2019-04-20,3580,0
BHARATIYA JANATA PARTY,OC,10000000.0,2019-04-20,3580,0
BHARATIYA JANATA PARTY,OC,10000000.0,2019-04-20,3580,0
BHARATIYA JANATA PARTY,TL,1000000.0,2019-04-12,203,0
BHARATIYA JANATA PARTY,TL,1000000.0,2019-04-12,203,0
BHARATIYA JANATA PARTY,TL,1000000.0,2019-04-12,203,0
BHARATIYA JANATA PARTY,TL,1000000.0,2019-04-12,4076,0
BHARATIYA JANATA PARTY,TL,1000000.0,2019-04-12,4076,0
BHARATIYA JANATA PARTY,TL,1000000.0,2019-04-12,4076,0
BHARATIYA JANATA PARTY,TL,1000000.0,2019-04-16,1747,0
BHARATIYA JANATA PARTY,TL,1000000.0,2019-04-16,1747,0
BHARATIYA JANATA PARTY,TL,1000000.0,2019-04-16,1747,0
BHARATIYA JANATA PARTY,TL,1000000.0,2019-04-16,1747,0
BHARATIYA JANATA PARTY,TL,1000000.0,2019-04-16,1747,0
BHARATIYA JANATA PARTY,TL,1000000.0,2019-04-16,1747,0
BHARATIYA JANATA PARTY,TL,1000000.0,2019-04-16,1747,0
BHARATIYA JANATA PARTY,TL,1000000.0,2019-04-16,1747,0
BHARATIYA JANATA PARTY,TL,1000000.0,2019-04-16,1747,0
BHARATIYA JANATA PARTY,TL,1000000.0,2019-04-16,1747,0
BHARATIYA JANATA PARTY,TL,1000000.0,2019-04-16,1747,0
BHARATIYA JANATA PARTY,TL,1000000.0,2019-04-16,1747,0
BHARATIYA JANATA PARTY,TL,1000000.0,2019-04-16,1747,0
BHARATIYA JANATA PARTY,TL,1000000.0,2019-04-16,1747,0
BHARATIYA JANATA PARTY,TL,1000000.0,2019-04-16,1747,0
BHARATIYA JANATA PARTY,TL,1000000.0,2019-04-16,1747,0
BHARATIYA JANATA PARTY,TL,1000000.0,2019-04-16,1747,0
BHARATIYA JANATA PARTY,TL,1000000.0,2019-04-16,1747,0
BHARATIYA JANATA PARTY,TL,1000000.0,2019-04-16,1747,0
BHARATIYA JANATA PARTY,TL,1000000.0,2019-04-16,1747,0
BHARATIYA JANATA PARTY,TL,1000000.0,2019-04-16,1747,0
BHARATIYA JANATA PARTY,TL,1000000.0,2019-04-16,1747,0
BHARATIYA JANATA PARTY,TL,1000000.0,2019-04-16,1747,0
BHARATIYA JANATA PARTY,TL,1000000.0,2019-04-16,1747,0
BHARATIYA JANATA PARTY,TL,1000000.0,2019-04-16,1747,0
BHARATIYA JANATA PARTY,TL,1000000.0,2019-04-16,1747,0
BHARATIYA JANATA PARTY,TL,1000000.0,2019-04-16,1747,0
BHARATIYA JANATA PARTY,TL,1000000.0,2019-04-16,1747,0
BHARATIYA JANATA PARTY,TL,1000000.0,2019-04-16,1747,0
BHARATIYA JANATA PARTY,TL,1000000.0,2019-04-16,1747,0
BHARATIYA JANATA PARTY,OL,100000.0,2019-04-12,203,0
BHARATIYA JANATA PARTY,OL,100000.0,2019-04-12,203,0
BHARATIYA JANATA PARTY,OL,100000.0,2019-04-12,203,0
BHARATIYA JANATA PARTY,OL,100000.0,2019-04-12,203,0
BHARATIYA JANATA PARTY,OL,100000.0,2019-04-12,203,0
BHARATIYA JANATA PARTY,OL,100000.0,2019-04-12,203,0
BHARATIYA JANATA PARTY,OL,100000.0,2019-04-12,203,0
BHARATIYA JANATA PARTY,OL,100000.0,2019-04-12,203,0
BHARATIYA JANATA PARTY,OL,100000.0,2019-04-12,203,0
BHARATIYA JANATA PARTY,OL,100000.0,2019-04-12,203,0
BHARATIYA JANATA PARTY,OL,100000.0,2019-04-15,3194,0
BHARATIYA JANATA PARTY,OL,100000.0,2019-04-15,3194,0
BHARATIYA JANATA PARTY,OL,100000.0,2019-04-15,3194,0
BHARATIYA JANATA PARTY,OL,100000.0,2019-04-15,3194,0
BHARATIYA JANATA PARTY,OL,100000.0,2019-04-15,3194,0
BHARATIYA JANATA PARTY,OL,100000.0,2019-04-15,3032,0
BHARATIYA JANATA PARTY,OL,100000.0,2019-04-15,3032,0
BHARATIYA JANATA PARTY,OL,100000.0,2019-04-15,3032,0
BHARATIYA JANATA PARTY,OL,100000.0,2019-04-15,3032,0
BHARATIYA JANATA PARTY,OL,100000.0,2019-04-15,3032,0
BHARATIYA JANATA PARTY,OL,100000.0,2019-04-18,1647,0
BHARATIYA JANATA PARTY,OL,100000.0,2019-04-18,1647,0
BHARATIYA JANATA PARTY,OL,100000.0,2019-04-18,1647,0
BHARATIYA JANATA PARTY,OL,100000.0,2019-04-18,1647,0
BHARATIYA JANATA PARTY,OL,100000.0,2019-04-18,1647,0
BHARATIYA JANATA PARTY,OL,100000.0,2019-04-18,1647,0
BHARATIYA JANATA PARTY,OL,100000.0,2019-04-18,1647,0
BHARATIYA JANATA PARTY,OL,100000.0,2019-04-18,1647,0
BHARATIYA JANATA PARTY,OL,100000.0,2019-04-18,1647,0
BHARATIYA JANATA PARTY,OL,100000.0,2019-04-18,1647,0
BHARATIYA JANATA PARTY,OL,100000.0,2019-04-18,1647,0
BHARATIYA JANATA PARTY,OL,100000.0,2019-04-18,1647,0
BHARATIYA JANATA PARTY,OL,100000.0,2019-04-18,1647,0
BHARATIYA JANATA PARTY,OL,100000.0,2019-04-18,1647,0
BHARATIYA JANATA PARTY,OL,100000.0,2019-04-18,1647,0
BHARATIYA JANATA PARTY,OL,100000.0,2019-04-18,1647,0
BHARATIYA JANATA PARTY,OL,100000.0,2019-04-18,1647,0
BHARATIYA JANATA PARTY,OL,100000.0,2019-04-18,1647,0
BHARATIYA JANATA PARTY,OL,100000.0,2019-04-18,1647,0
BHARATIYA JANATA PARTY,OL,100000.0,2019-04-18,1647,0
BHARATIYA JANATA PARTY,OL,100000.0,2019-04-18,2319,0
BHARATIYA JANATA PARTY,OL,100000.0,2019-04-18,2319,0
BHARATIYA JANATA PARTY,OL,100000.0,2019-04-18,2319,0
BHARATIYA JANATA PARTY,OL,100000.0,2019-04-18,2319,0
BHARATIYA JANATA PARTY,OL,100000.0,2019-04-18,2319,0
BHARATIYA JANATA PARTY,OC,10000000.0,2019-04-20,2968,0
BHARATIYA JANATA PARTY,OC,10000000.0,2019-04-20,2968,0
BHARATIYA JANATA PARTY,OC,10000000.0,2019-04-20,2968,0
BHARATIYA JANATA PARTY,OC,10000000.0,2019-04-20,2968,0
BHARATIYA JANATA PARTY,OC,10000000.0,2019-04-20,2968,0
BHARATIYA JANATA PARTY,OC,10000000.0,2019-04-20,2968,0
BHARATIYA JANATA PARTY,OC,10000000.0,2019-04-20,2968,0
BHARATIYA JANATA PARTY,OC,10000000.0,2019-04-16,1653,0
BHARATIYA JANATA PARTY,OC,10000000.0,2019-04-16,1653,0
BHARATIYA JANATA PARTY,OC,10000000.0,2019-04-16,1653,0
BHARATIYA JANATA PARTY,OC,10000000.0,2019-04-18,2894,0
BHARATIYA JANATA PARTY,OC,10000000.0,2019-04-18,2894,0
BHARATIYA JANATA PARTY,OC,10000000.0,2019-04-20,3803,0
BHARATIYA JANATA PARTY,TL,1000000.0,2019-04-16,3102,0
BHARATIYA JANATA PARTY,TL,1000000.0,2019-04-16,3102,0
BHARATIYA JANATA PARTY,TL,1000000.0,2019-04-16,3102,0
BHARATIYA JANATA PARTY,TL,1000000.0,2019-04-16,3102,0
BHARATIYA JANATA PARTY,TL,1000000.0,2019-04-16,3102,0
BHARATIYA JANATA PARTY,TL,1000000.0,2019-04-16,3102,0
BHARATIYA JANATA PARTY,TL,1000000.0,2019-04-16,3102,0
BHARATIYA JANATA PARTY,TL,1000000.0,2019-04-16,3102,0
BHARATIYA JANATA PARTY,TL,1000000.0,2019-04-16,3102,0
BHARATIYA JANATA PARTY,TL,1000000.0,2019-04-16,3102,0
BHARATIYA JANATA PARTY,TL,1000000.0,2019-04-16,3102,0
BHARATIYA JANATA PARTY,TL,1000000.0,2019-04-16,3102,0
BHARATIYA JANATA PARTY,TL,1000000.0,2019-04-16,3102,0
BHARATIYA JANATA PARTY,TL,1000000.0,2019-04-16,3102,0
BHARATIYA JANATA PARTY,TL,1000000.0,2019-04-16,3102,0
BHARATIYA JANATA PARTY,TL,1000000.0,2019-04-16,3102,0
BHARATIYA JANATA PARTY,TL,1000000.0,2019-04-16,3102,0
BHARATIYA JANATA PARTY,TL,1000000.0,2019-04-16,3102,0
BHARATIYA JANATA PARTY,TL,1000000.0,2019-04-16,3102,0
BHARATIYA JANATA PARTY,TL,1000000.0,2019-04-16,3102,0
BHARATIYA JANATA PARTY,TL,1000000.0,2019-04-16,3102,0
BHARATIYA JANATA PARTY,TL,1000000.0,2019-04-16,3102,0
BHARATIYA JANATA PARTY,TL,1000000.0,2019-04-16,3102,0
BHARATIYA JANATA PARTY,TL,1000000.0,2019-04-16,3102,0
BHARATIYA JANATA PARTY,TL,1000000.0,2019-04-16,3102,0
BHARATIYA JANATA PARTY,TL,1000000.0,2019-04-16,3102,0
BHARATIYA JANATA PARTY,TL,1000000.0,2019-04-16,3102,0
BHARATIYA JANATA PARTY,TL,1000000.0,2019-04-16,3102,0
BHARATIYA JANATA PARTY,TL,1000000.0,2019-04-16,3102,0
BHARATIYA JANATA PARTY,TL,1000000.0,2019-04-16,1653,0
BHARATIYA JANATA PARTY,TL,1000000.0,2019-04-16,1653,0
BHARATIYA JANATA PARTY,TL,1000000.0,2019-04-16,1653,0
BHARATIYA JANATA PARTY,TL,1000000.0,2019-04-16,1653,0
BHARATIYA JANATA PARTY,TL,1000000.0,2019-04-16,1653,0
BHARATIYA JANATA PARTY,TL,1000000.0,2019-04-16,1653,0
BHARATIYA JANATA PARTY,TL,1000000.0,2019-04-18,1818,0
BHARATIYA JANATA PARTY,TL,1000000.0,2019-04-18,1818,0
BHARATIYA JANATA PARTY,TL,1000000.0,2019-04-18,2563,0
BHARATIYA JANATA PARTY,TL,1000000.0,2019-04-18,2563,0
BHARATIYA JANATA PARTY,TL,1000000.0,2019-04-18,2563,0
BHARATIYA JANATA PARTY,TL,1000000.0,2019-04-18,1311,0
BHARATIYA JANATA PARTY,TL,1000000.0,2019-04-20,4141,0
BHARATIYA JANATA PARTY,TL,1000000.0,2019-04-20,3659,0
BHARATIYA JANATA PARTY,TL,1000000.0,2019-04-20,557,0
BHARATIYA JANATA PARTY,TL,1000000.0,2019-04-20,557,0
BHARATIYA JANATA PARTY,TL,1000000.0,2019-04-20,3965,0
BHARATIYA JANATA PARTY,TL,1000000.0,2019-04-20,3965,0
BHARATIYA JANATA PARTY,TL,1000000.0,2019-04-20,3803,0
BHARATIYA JANATA PARTY,OL,100000.0,2019-04-16,1653,0
BHARATIYA JANATA PARTY,OL,100000.0,2019-04-16,1653,0
BHARATIYA JANATA PARTY,OL,100000.0,2019-04-16,1653,0
BHARATIYA JANATA PARTY,OL,100000.0,2019-04-16,1653,0
BHARATIYA JANATA PARTY,OL,100000.0,2019-04-16,1653,0
BHARATIYA JANATA PARTY,OC,10000000.0,2019-04-20,3289,0
BHARATIYA JANATA PARTY,OC,10000000.0,2019-04-20,3289,0
BHARATIYA JANATA PARTY,OL,100000.0,2019-04-18,402,0
BHARATIYA JANATA PARTY,OC,10000000.0,2019-04-20,1345,0
BHARATIYA JANATA PARTY,OC,10000000.0,2019-04-20,1345,0
BHARATIYA JANATA PARTY,OC,10000000.0,2019-04-20,1345,0
BHARATIYA JANATA PARTY,OC,10000000.0,2019-04-20,1345,0
BHARATIYA JANATA PARTY,OC,10000000.0,2019-04-20,1345,0
BHARATIYA JANATA PARTY,OC,10000000.0,2019-05-06,993,1
BHARATIYA JANATA PARTY,OC,10000000.0,2019-05-06,993,1
BHARATIYA JANATA PARTY,OC,10000000.0,2019-05-06,993,1
BHARATIYA JANATA PARTY,OC,10000000.0,2019-05-06,993,1
BHARATIYA JANATA PARTY,OC,10000000.0,2019-05-06,993,1
BHARATIYA JANATA PARTY,OC,10000000.0,2019-05-06,993,1
BHARATIYA JANATA PARTY,OC,10000000.0,2019-05-06,993,1
BHARATIYA JANATA PARTY,OC,10000000.0,2019-05-06,993,1
BHARATIYA JANATA PARTY,OC,10000000.0,2019-05-06,993,1
BHARATIYA JANATA PARTY,OC,10000000.0,2019-05-06,193,1
BHARATIYA JANATA PARTY,OC,10000000.0,2019-05-06,193,1
BHARATIYA JANATA PARTY,OC,10000000.0,2019-05-06,193,1
BHARATIYA JANATA PARTY,OC,10000000.0,2019-05-06,193,1
BHARATIYA JANATA PARTY,OC,10000000.0,2019-05-06,193,1
BHARATIYA JANATA PARTY,OC,10000000.0,2019-05-06,193,1
BHARATIYA JANATA PARTY,OC,10000000.0,2019-05-06,193,1
BHARATIYA JANATA PARTY,OC,10000000.0,2019-05-06,193,1
BHARATIYA JANATA PARTY,OC,10000000.0,2019-05-06,193,1
BHARATIYA JANATA PARTY,OC,10000000.0,2019-05-06,193,1
BHARATIYA JANATA PARTY,OC,10000000.0,2019-05-06,927,1
BHARATIYA JANATA PARTY,OC,10000000.0,2019-05-06,927,1
BHARATIYA JANATA PARTY,OC,10000000.0,2019-05-06,927,1
BHARATIYA JANATA PARTY,OC,10000000.0,2019-05-06,927,1
BHARATIYA JANATA PARTY,OC,10000000.0,2019-05-06,927,1
BHARATIYA JANATA PARTY,OC,10000000.0,2019-05-06,927,1
BHARATIYA JANATA PARTY,OC,10000000.0,2019-05-06,927,1
BHARATIYA JANATA PARTY,OC,10000000.0,2019-05-06,927,1
BHARATIYA JANATA PARTY,OC,10000000.0,2019-05-06,927,1
BHARATIYA JANATA PARTY,OC,10000000.0,2019-05-06,927,1
BHARATIYA JANATA PARTY,OC,10000000.0,2019-05-06,927,1
BHARATIYA JANATA PARTY,OC,10000000.0,2019-05-06,2199,1
BHARATIYA JANATA PARTY,OC,10000000.0,2019-05-06,2199,1
BHARATIYA JANATA PARTY,OC,10000000.0,2019-05-06,2199,1
BHARATIYA JANATA PARTY,OC,10000000.0,2019-05-06,2199,1
BHARATIYA JANATA PARTY,OC,10000000.0,2019-05-06,2199,1
BHARATIYA JANATA PARTY,OC,10000000.0,2019-05-06,2199,1
BHARATIYA JANATA PARTY,OC,10000000.0,2019-05-06,2199,1
BHARATIYA JANATA PARTY,OC,10000000.0,2019-05-06,2199,1
BHARATIYA JANATA PARTY,OC,10000000.0,2019-05-06,2199,1
BHARATIYA JANATA PARTY,OC,10000000.0,2019-05-06,2199,1
BHARATIYA JANATA PARTY,OC,10000000.0,2019-05-06,2199,1
BHARATIYA JANATA PARTY,OC,10000000.0,2019-05-06,2199,1
BHARATIYA JANATA PARTY,OC,10000000.0,2019-05-06,153,1
BHARATIYA JANATA PARTY,OC,10000000.0,2019-05-06,153,1
BHARATIYA JANATA PARTY,OC,10000000.0,2019-05-06,153,1
BHARATIYA JANATA PARTY,OC,10000000.0,2019-05-06,153,1
BHARATIYA JANATA PARTY,OC,10000000.0,2019-05-06,153,1
BHARATIYA JANATA PARTY,OC,10000000.0,2019-05-06,153,1
BHARATIYA JANATA PARTY,OC,10000000.0,2019-05-06,153,1
BHARATIYA JANATA PARTY,OC,10000000.0,2019-05-06,153,1
BHARATIYA JANATA PARTY,OC,10000000.0,2019-05-06,153,1
BHARATIYA JANATA PARTY,OC,10000000.0,2019-05-06,153,1
BHARATIYA JANATA PARTY,OC,10000000.0,2019-05-06,153,1
BHARATIYA JANATA PARTY,OC,10000000.0,2019-05-06,153,1
BHARATIYA JANATA PARTY,OC,10000000.0,2019-05-06,153,1
BHARATIYA JANATA PARTY,OC,10000000.0,2019-05-06,153,1
BHARATIYA JANATA PARTY,OC,10000000.0,2019-05-06,153,1
BHARATIYA JANATA PARTY,OC,10000000.0,2019-05-06,153,1
BHARATIYA JANATA PARTY,OC,10000000.0,2019-05-06,2550,1
BHARATIYA JANATA PARTY,OC,10000000.0,2019-05-06,2550,1
BHARATIYA JANATA PARTY,OC,10000000.0,2019-05-07,2630,1
BHARATIYA JANATA PARTY,OC,10000000.0,2019-05-07,2630,1
BHARATIYA JANATA PARTY,OC,10000000.0,2019-05-07,2630,1
BHARATIYA JANATA PARTY,OC,10000000.0,2019-05-07,2630,1
BHARATIYA JANATA PARTY,OC,10000000.0,2019-05-07,2630,1
BHARATIYA JANATA PARTY,OC,10000000.0,2019-05-07,2630,1
BHARATIYA JANATA PARTY,OC,10000000.0,2019-05-07,2630,1
BHARATIYA JANATA PARTY,OC,10000000.0,2019-05-07,2630,1
BHARATIYA JANATA PARTY,OC,10000000.0,2019-05-07,2630,1
BHARATIYA JANATA PARTY,OC,10000000.0,2019-05-07,2630,1
BHARATIYA JANATA PARTY,OC,10000000.0,2019-05-07,2630,1
BHARATIYA JANATA PARTY,OC,10000000.0,2019-05-07,2630,1
BHARATIYA JANATA PARTY,OC,10000000.0,2019-05-07,2630,1
BHARATIYA JANATA PARTY,OC,10000000.0,2019-05-07,2630,1
BHARATIYA JANATA PARTY,OC,10000000.0,2019-05-07,2253,1
BHARATIYA JANATA PARTY,OC,10000000.0,2019-05-07,2253,1
BHARATIYA JANATA PARTY,OC,10000000.0,2019-05-07,2253,1
BHARATIYA JANATA PARTY,OC,10000000.0,2019-05-07,2253,1
BHARATIYA JANATA PARTY,OC,10000000.0,2019-05-07,2253,1
BHARATIYA JANATA PARTY,OC,10000000.0,2019-05-07,2253,1
BHARATIYA JANATA PARTY,OC,10000000.0,2019-05-07,2253,1
BHARATIYA JANATA PARTY,OC,10000000.0,2019-05-07,2253,1
BHARATIYA JANATA PARTY,OC,10000000.0,2019-05-07,2253,1
BHARATIYA JANATA PARTY,OC,10000000.0,2019-05-07,2253,1
BHARATIYA JANATA PARTY,OC,10000000.0,2019-05-07,2253,1
BHARATIYA JANATA PARTY,OC,10000000.0,2019-05-07,2253,1
BHARATIYA JANATA PARTY,OC,10000000.0,2019-05-07,2253,1
BHARATIYA JANATA PARTY,OC,10000000.0,2019-05-07,2253,1
BHARATIYA JANATA PARTY,OC,10000000.0,2019-05-07,2253,1
BHARATIYA JANATA PARTY,OC,10000000.0,2019-05-07,2253,1
BHARATIYA JANATA PARTY,OC,10000000.0,2019-05-07,2253,1
BHARATIYA JANATA PARTY,OC,10000000.0,2019-05-07,2253,1
BHARATIYA JANATA PARTY,OC,10000000.0,2019-05-07,2253,1
BHARATIYA JANATA PARTY,OC,10000000.0,2019-05-07,2253,1
BHARATIYA JANATA PARTY,OC,10000000.0,2019-05-07,2253,1
BHARATIYA JANATA PARTY,OC,10000000.0,2019-05-07,2253,1
BHARATIYA JANATA PARTY,OC,10000000.0,2019-05-07,2253,1
BHARATIYA JANATA PARTY,OC,10000000.0,2019-05-07,2253,1
BHARATIYA JANATA PARTY,OC,10000000.0,2019-05-07,2253,1
BHARATIYA JANATA PARTY,OC,10000000.0,2019-05-07,2253,1
BHARATIYA JANATA PARTY,OC,10000000.0,2019-05-07,2253,1
BHARATIYA JANATA PARTY,OC,10000000.0,2019-05-07,2253,1
BHARATIYA JANATA PARTY,OC,10000000.0,2019-05-07,2253,1
BHARATIYA JANATA PARTY,OC,10000000.0,2019-05-07,2253,1
BHARATIYA JANATA PARTY,OC,10000000.0,2019-05-07,2253,1
BHARATIYA JANATA PARTY,OC,10000000.0,2019-05-07,2253,1
BHARATIYA JANATA PARTY,OC,10000000.0,2019-05-07,2253,1
BHARATIYA JANATA PARTY,OC,10000000.0,2019-05-07,2253,1
BHARATIYA JANATA PARTY,OC,10000000.0,2019-05-07,2253,1
BHARATIYA JANATA PARTY,OC,10000000.0,2019-05-07,2253,1
BHARATIYA JANATA PARTY,OC,10000000.0,2019-05-07,2253,1
BHARATIYA JANATA PARTY,OC,10000000.0,2019-05-07,2253,1
BHARATIYA JANATA PARTY,OC,10000000.0,2019-05-07,2253,1
BHARATIYA JANATA PARTY,OC,10000000.0,2019-05-07,2253,1
BHARATIYA JANATA PARTY,OC,10000000.0,2019-05-07,2253,1
BHARATIYA JANATA PARTY,OC,10000000.0,2019-05-07,2253,1
BHARATIYA JANATA PARTY,OC,10000000.0,2019-05-07,2253,1
BHARATIYA JANATA PARTY,OC,10000000.0,2019-05-07,2253,1
BHARATIYA JANATA PARTY,OC,10000000.0,2019-05-07,267,1
BHARATIYA JANATA PARTY,OC,10000000.0,2019-05-07,267,1
BHARATIYA JANATA PARTY,OC,10000000.0,2019-05-07,3661,1
BHARATIYA JANATA PARTY,OC,10000000.0,2019-05-07,4155,1
BHARATIYA JANATA PARTY,OC,10000000.0,2019-05-07,1259,1
BHARATIYA JANATA PARTY,OC,10000000.0,2019-05-07,1259,1
BHARATIYA JANATA PARTY,OC,10000000.0,2019-05-07,734,1
BHARATIYA JANATA PARTY,OC,10000000.0,2019-05-07,734,1
BHARATIYA JANATA PARTY,OC,10000000.0,2019-05-07,734,1
BHARATIYA JANATA PARTY,OC,10000000.0,2019-05-07,734,1
BHARATIYA JANATA PARTY,OC,10000000.0,2019-05-07,734,1
BHARATIYA JANATA PARTY,OC,10000000.0,2019-05-07,734,1
BHARATIYA JANATA PARTY,OC,10000000.0,2019-05-07,734,1
BHARATIYA JANATA PARTY,OC,10000000.0,2019-05-07,734,1
BHARATIYA JANATA PARTY,OC,10000000.0,2019-05-07,734,1
BHARATIYA JANATA PARTY,OC,10000000.0,2019-05-07,734,1
BHARATIYA JANATA PARTY,OC,10000000.0,2019-05-07,734,1
BHARATIYA JANATA PARTY,OC,10000000.0,2019-05-07,734,1
BHARATIYA JANATA PARTY,OC,10000000.0,2019-05-07,734,1
BHARATIYA JANATA PARTY,OC,10000000.0,2019-05-07,734,1
BHARATIYA JANATA PARTY,OC,10000000.0,2019-05-07,734,1
BHARATIYA JANATA PARTY,OC,10000000.0,2019-05-07,734,1
BHARATIYA JANATA PARTY,OC,10000000.0,2019-05-07,734,1
BHARATIYA JANATA PARTY,OC,10000000.0,2019-05-07,734,1
BHARATIYA JANATA PARTY,OC,10000000.0,2019-05-07,734,1
BHARATIYA JANATA PARTY,OC,10000000.0,2019-05-07,734,1
BHARATIYA JANATA PARTY,OC,10000000.0,2019-05-07,1241,1
BHARATIYA JANATA PARTY,OC,10000000.0,2019-05-07,2797,1
BHARATIYA JANATA PARTY,OC,10000000.0,2019-05-07,2797,1
BHARATIYA JANATA PARTY,OC,10000000.0,2019-05-07,2797,1
BHARATIYA JANATA PARTY,OC,10000000.0,2019-05-07,2797,1
BHARATIYA JANATA PARTY,OC,10000000.0,2019-05-07,2797,1
BHARATIYA JANATA PARTY,OC,10000000.0,2019-05-07,2797,1
BHARATIYA JANATA PARTY,OC,10000000.0,2019-05-07,2797,1
BHARATIYA JANATA PARTY,OC,10000000.0,2019-05-08,2253,1
BHARATIYA JANATA PARTY,OC,10000000.0,2019-05-08,2253,1
BHARATIYA JANATA PARTY,OC,10000000.0,2019-05-08,2253,1
BHARATIYA JANATA PARTY,OC,10000000.0,2019-05-08,2253,1
BHARATIYA JANATA PARTY,OC,10000000.0,2019-05-08,2253,1
BHARATIYA JANATA PARTY,OC,10000000.0,2019-05-08,2253,1
BHARATIYA JANATA PARTY,OC,10000000.0,2019-05-08,2253,1
BHARATIYA JANATA PARTY,OC,10000000.0,2019-05-08,2253,1
BHARATIYA JANATA PARTY,OC,10000000.0,2019-05-08,2253,1
BHARATIYA JANATA PARTY,OC,10000000.0,2019-05-08,2253,1
BHARATIYA JANATA PARTY,OC,10000000.0,2019-05-08,2253,1
BHARATIYA JANATA PARTY,OC,10000000.0,2019-05-08,2253,1
BHARATIYA JANATA PARTY,OC,10000000.0,2019-05-08,2253,1
BHARATIYA JANATA PARTY,OC,10000000.0,2019-05-08,2253,1
BHARATIYA JANATA PARTY,OC,10000000.0,2019-05-08,2253,1
BHARATIYA JANATA PARTY,OC,10000000.0,2019-05-08,2253,1
BHARATIYA JANATA PARTY,OC,10000000.0,2019-05-08,2253,1
BHARATIYA JANATA PARTY,OC,10000000.0,2019-05-08,2253,1
BHARATIYA JANATA PARTY,OC,10000000.0,2019-05-08,2253,1
BHARATIYA JANATA PARTY,OC,10000000.0,2019-05-08,2253,1
BHARATIYA JANATA PARTY,OC,10000000.0,2019-05-08,2253,1
BHARATIYA JANATA PARTY,OC,10000000.0,2019-05-08,2253,1
BHARATIYA JANATA PARTY,OC,10000000.0,2019-05-08,2253,1
BHARATIYA JANATA PARTY,OC,10000000.0,2019-05-08,2253,1
BHARATIYA JANATA PARTY,OC,10000000.0,2019-05-08,2253,1
BHARATIYA JANATA PARTY,OC,10000000.0,2019-05-08,2253,1
BHARATIYA JANATA PARTY,OC,10000000.0,2019-05-08,2253,1
BHARATIYA JANATA PARTY,OC,10000000.0,2019-05-08,2253,1
BHARATIYA JANATA PARTY,OC,10000000.0,2019-05-08,2253,1
BHARATIYA JANATA PARTY,OC,10000000.0,2019-05-08,2253,1
BHARATIYA JANATA PARTY,OC,10000000.0,2019-05-08,2253,1
BHARATIYA JANATA PARTY,OC,10000000.0,2019-05-08,2253,1
BHARATIYA JANATA PARTY,OC,10000000.0,2019-05-08,2253,1
BHARATIYA JANATA PARTY,OC,10000000.0,2019-05-08,2253,1
BHARATIYA JANATA PARTY,OC,10000000.0,2019-05-08,2253,1
BHARATIYA JANATA PARTY,OC,10000000.0,2019-05-08,2253,1
BHARATIYA JANATA PARTY,OC,10000000.0,2019-05-08,2253,1
BHARATIYA JANATA PARTY,OC,10000000.0,2019-05-08,2253,1
BHARATIYA JANATA PARTY,OC,10000000.0,2019-05-08,2253,1
BHARATIYA JANATA PARTY,OC,10000000.0,2019-05-08,2253,1
BHARATIYA JANATA PARTY,OC,10000000.0,2019-05-08,2253,1
BHARATIYA JANATA PARTY,OC,10000000.0,2019-05-08,2253,1
BHARATIYA JANATA PARTY,OC,10000000.0,2019-05-08,2253,1
BHARATIYA JANATA PARTY,OC,10000000.0,2019-05-08,2253,1
BHARATIYA JANATA PARTY,OC,10000000.0,2019-05-08,2253,1
BHARATIYA JANATA PARTY,OC,10000000.0,2019-05-08,2253,1
BHARATIYA JANATA PARTY,OC,10000000.0,2019-05-08,2253,1
BHARATIYA JANATA PARTY,OC,10000000.0,2019-05-08,2253,1
BHARATIYA JANATA PARTY,OC,10000000.0,2019-05-08,2253,1
BHARATIYA JANATA PARTY,OC,10000000.0,2019-05-08,2253,1
BHARATIYA JANATA PARTY,OC,10000000.0,2019-05-08,2575,1
BHARATIYA JANATA PARTY,OC,10000000.0,2019-05-08,2575,1
BHARATIYA JANATA PARTY,OC,10000000.0,2019-05-08,2575,1
BHARATIYA JANATA PARTY,OC,10000000.0,2019-05-08,2575,1
BHARATIYA JANATA PARTY,OC,10000000.0,2019-05-08,2575,1
BHARATIYA JANATA PARTY,OC,10000000.0,2019-05-08,2575,1
BHARATIYA JANATA PARTY,OC,10000000.0,2019-05-08,2575,1
BHARATIYA JANATA PARTY,OC,10000000.0,2019-05-08,2575,1
BHARATIYA JANATA PARTY,OC,10000000.0,2019-05-08,2575,1
BHARATIYA JANATA PARTY,OC,10000000.0,2019-05-08,2575,1
BHARATIYA JANATA PARTY,OC,10000000.0,2019-05-08,2575,1
BHARATIYA JANATA PARTY,OC,10000000.0,2019-05-08,2575,1
BHARATIYA JANATA PARTY,OC,10000000.0,2019-05-08,2575,1
BHARATIYA JANATA PARTY,OC,10000000.0,2019-05-08,2575,1
BHARATIYA JANATA PARTY,OC,10000000.0,2019-05-08,2575,1
BHARATIYA JANATA PARTY,OC,10000000.0,2019-05-08,2575,1
BHARATIYA JANATA PARTY,OC,10000000.0,2019-05-08,2575,1
BHARATIYA JANATA PARTY,OC,10000000.0,2019-05-08,2575,1
BHARATIYA JANATA PARTY,OC,10000000.0,2019-05-08,2575,1
BHARATIYA JANATA PARTY,OC,10000000.0,2019-05-08,2575,1
BHARATIYA JANATA PARTY,OC,10000000.0,2019-05-08,2575,1
BHARATIYA JANATA PARTY,OC,10000000.0,2019-05-08,2575,1
BHARATIYA JANATA PARTY,OC,10000000.0,2019-05-08,2575,1
BHARATIYA JANATA PARTY,OC,10000000.0,2019-05-08,2575,1
BHARATIYA JANATA PARTY,OC,10000000.0,2019-05-08,2575,1
BHARATIYA JANATA PARTY,OC,10000000.0,2019-05-08,2575,1
BHARATIYA JANATA PARTY,OC,10000000.0,2019-05-08,2575,1
BHARATIYA JANATA PARTY,OC,10000000.0,2019-05-08,2575,1
BHARATIYA JANATA PARTY,OC,10000000.0,2019-05-08,2575,1
BHARATIYA JANATA PARTY,OC,10000000.0,2019-05-08,2575,1
BHARATIYA JANATA PARTY,OC,10000000.0,2019-05-08,2575,1
BHARATIYA JANATA PARTY,OC,10000000.0,2019-05-08,2575,1
BHARATIYA JANATA PARTY,OC,10000000.0,2019-05-08,2575,1
BHARATIYA JANATA PARTY,OC,10000000.0,2019-05-08,2575,1
BHARATIYA JANATA PARTY,OC,10000000.0,2019-05-08,2575,1
BHARATIYA JANATA PARTY,OC,10000000.0,2019-05-08,2575,1
BHARATIYA JANATA PARTY,OC,10000000.0,2019-05-08,2575,1
BHARATIYA JANATA PARTY,OC,10000000.0,2019-05-08,2575,1
BHARATIYA JANATA PARTY,OC,10000000.0,2019-05-08,2575,1
BHARATIYA JANATA PARTY,OC,10000000.0,2019-05-08,2575,1
BHARATIYA JANATA PARTY,OC,10000000.0,2019-05-08,2575,1
BHARATIYA JANATA PARTY,OC,10000000.0,2019-05-08,2575,1
BHARATIYA JANATA PARTY,OC,10000000.0,2019-05-08,2575,1
BHARATIYA JANATA PARTY,OC,10000000.0,2019-05-08,2575,1
BHARATIYA JANATA PARTY,OC,10000000.0,2019-05-08,2575,1
BHARATIYA JANATA PARTY,OC,10000000.0,2019-05-08,2575,1
BHARATIYA JANATA PARTY,OC,10000000.0,2019-05-08,2575,1
BHARATIYA JANATA PARTY,OC,10000000.0,2019-05-08,2575,1
BHARATIYA JANATA PARTY,OC,10000000.0,2019-05-08,2575,1
BHARATIYA JANATA PARTY,OC,10000000.0,2019-05-08,2575,1
BHARATIYA JANATA PARTY,OC,10000000.0,2019-05-08,2575,1
BHARATIYA JANATA PARTY,OC,10000000.0,2019-05-08,2575,1
BHARATIYA JANATA PARTY,OC,10000000.0,2019-05-08,2575,1
BHARATIYA JANATA PARTY,OC,10000000.0,2019-05-08,2575,1
BHARATIYA JANATA PARTY,OC,10000000.0,2019-05-08,2575,1
BHARATIYA JANATA PARTY,OC,10000000.0,2019-05-08,2575,1
BHARATIYA JANATA PARTY,OC,10000000.0,2019-05-08,2575,1
BHARATIYA JANATA PARTY,OC,10000000.0,2019-05-08,2575,1
BHARATIYA JANATA PARTY,OC,10000000.0,2019-05-08,2575,1
BHARATIYA JANATA PARTY,OC,10000000.0,2019-05-08,2575,1
BHARATIYA JANATA PARTY,OC,10000000.0,2019-05-08,2575,1
BHARATIYA JANATA PARTY,OC,10000000.0,2019-05-08,2575,1
BHARATIYA JANATA PARTY,OC,10000000.0,2019-05-08,2575,1
BHARATIYA JANATA PARTY,OC,10000000.0,2019-05-08,2575,1
BHARATIYA JANATA PARTY,OC,10000000.0,2019-05-08,2575,1
BHARATIYA JANATA PARTY,OC,10000000.0,2019-05-08,2575,1
BHARATIYA JANATA PARTY,OC,10000000.0,2019-05-08,2575,1
BHARATIYA JANATA PARTY,OC,10000000.0,2019-05-08,2575,1
BHARATIYA JANATA PARTY,OC,10000000.0,2019-05-08,2575,1
BHARATIYA JANATA PARTY,OC,10000000.0,2019-05-08,2575,1
BHARATIYA JANATA PARTY,OC,10000000.0,2019-05-08,2575,1
BHARATIYA JANATA PARTY,OC,10000000.0,2019-05-08,2575,1
BHARATIYA JANATA PARTY,OC,10000000.0,2019-05-08,2575,1
BHARATIYA JANATA PARTY,OC,10000000.0,2019-05-08,2575,1
BHARATIYA JANATA PARTY,OC,10000000.0,2019-05-08,2575,1
BHARATIYA JANATA PARTY,OC,10000000.0,2019-05-08,2575,1
BHARATIYA JANATA PARTY,OC,10000000.0,2019-05-08,2575,1
BHARATIYA JANATA PARTY,OC,10000000.0,2019-05-08,2575,1
BHARATIYA JANATA PARTY,OC,10000000.0,2019-05-08,2575,1
BHARATIYA JANATA PARTY,OC,10000000.0,2019-05-08,2575,1
BHARATIYA JANATA PARTY,OC,10000000.0,2019-05-08,2575,1
BHARATIYA JANATA PARTY,OC,10000000.0,2019-05-08,2575,1
BHARATIYA JANATA PARTY,OC,10000000.0,2019-05-08,2575,1
BHARATIYA JANATA PARTY,OC,10000000.0,2019-05-08,2575,1
BHARATIYA JANATA PARTY,OC,10000000.0,2019-05-08,2575,1
BHARATIYA JANATA PARTY,OC,10000000.0,2019-05-08,2575,1
BHARATIYA JANATA PARTY,OC,10000000.0,2019-05-08,2575,1
BHARATIYA JANATA PARTY,OC,10000000.0,2019-05-08,2575,1
BHARATIYA JANATA PARTY,OC,10000000.0,2019-05-08,2575,1
BHARATIYA JANATA PARTY,OC,10000000.0,2019-05-08,2575,1
BHARATIYA JANATA PARTY,OC,10000000.0,2019-05-08,2575,1
BHARATIYA JANATA PARTY,OC,10000000.0,2019-05-08,2575,1
BHARATIYA JANATA PARTY,OC,10000000.0,2019-05-08,2575,1
BHARATIYA JANATA PARTY,OC,10000000.0,2019-05-08,2575,1
BHARATIYA JANATA PARTY,OC,10000000.0,2019-05-08,2575,1
BHARATIYA JANATA PARTY,OC,10000000.0,2019-05-08,2575,1
BHARATIYA JANATA PARTY,OC,10000000.0,2019-05-08,2575,1
BHARATIYA JANATA PARTY,OC,10000000.0,2019-05-08,2575,1
BHARATIYA JANATA PARTY,OC,10000000.0,2019-05-08,2575,1
BHARATIYA JANATA PARTY,OC,10000000.0,2019-05-08,2575,1
BHARATIYA JANATA PARTY,OC,10000000.0,2019-05-09,560,1
BHARATIYA JANATA PARTY,OC,10000000.0,2019-05-09,560,1
BHARATIYA JANATA PARTY,OC,10000000.0,2019-05-09,560,1
BHARATIYA JANATA PARTY,OC,10000000.0,2019-05-09,560,1
BHARATIYA JANATA PARTY,OC,10000000.0,2019-05-09,560,1
BHARATIYA JANATA PARTY,OC,10000000.0,2019-05-09,1357,1
BHARATIYA JANATA PARTY,OC,10000000.0,2019-05-09,1357,1
BHARATIYA JANATA PARTY,OC,10000000.0,2019-05-09,1357,1
BHARATIYA JANATA PARTY,OC,10000000.0,2019-05-09,1357,1
BHARATIYA JANATA PARTY,OC,10000000.0,2019-05-09,1357,1
BHARATIYA JANATA PARTY,OC,10000000.0,2019-05-09,1357,1
BHARATIYA JANATA PARTY,OC,10000000.0,2019-05-09,1357,1
BHARATIYA JANATA PARTY,OC,10000000.0,2019-05-09,1357,1
BHARATIYA JANATA PARTY,OC,10000000.0,2019-05-09,1357,1
BHARATIYA JANATA PARTY,OC,10000000.0,2019-05-09,1357,1
BHARATIYA JANATA PARTY,OC,10000000.0,2019-05-09,3631,1
BHARATIYA JANATA PARTY,OC,10000000.0,2019-05-09,3631,1
BHARATIYA JANATA PARTY,OC,10000000.0,2019-05-09,3631,1
BHARATIYA JANATA PARTY,OC,10000000.0,2019-05-09,3631,1
BHARATIYA JANATA PARTY,OC,10000000.0,2019-05-09,3631,1
BHARATIYA JANATA PARTY,OC,10000000.0,2019-05-09,3631,1
BHARATIYA JANATA PARTY,OC,10000000.0,2019-05-09,3631,1
BHARATIYA JANATA PARTY,OC,10000000.0,2019-05-09,3631,1
BHARATIYA JANATA PARTY,OC,10000000.0,2019-05-09,3631,1
BHARATIYA JANATA PARTY,OC,10000000.0,2019-05-09,3631,1
BHARATIYA JANATA PARTY,OC,10000000.0,2019-05-09,3631,1
BHARATIYA JANATA PARTY,OC,10000000.0,2019-05-09,3631,1
BHARATIYA JANATA PARTY,OC,10000000.0,2019-05-09,3631,1
BHARATIYA JANATA PARTY,OC,10000000.0,2019-05-09,3631,1
BHARATIYA JANATA PARTY,OC,10000000.0,2019-05-09,3631,1
BHARATIYA JANATA PARTY,OC,10000000.0,2019-05-09,3631,1
BHARATIYA JANATA PARTY,OC,10000000.0,2019-05-09,3631,1
BHARATIYA JANATA PARTY,OC,10000000.0,2019-05-09,3631,1
BHARATIYA JANATA PARTY,OC,10000000.0,2019-05-09,3631,1
BHARATIYA JANATA PARTY,OC,10000000.0,2019-05-09,3378,1
BHARATIYA JANATA PARTY,OC,10000000.0,2019-05-09,2435,1
BHARATIYA JANATA PARTY,OC,10000000.0,2019-05-09,2435,1
BHARATIYA JANATA PARTY,OC,10000000.0,2019-05-09,2435,1
BHARATIYA JANATA PARTY,OC,10000000.0,2019-05-09,2435,1
BHARATIYA JANATA PARTY,OC,10000000.0,2019-05-09,2435,1
BHARATIYA JANATA PARTY,OC,10000000.0,2019-05-09,2435,1
BHARATIYA JANATA PARTY,OC,10000000.0,2019-05-09,2435,1
BHARATIYA JANATA PARTY,OC,10000000.0,2019-05-09,2435,1
BHARATIYA JANATA PARTY,OC,10000000.0,2019-05-09,2435,1
BHARATIYA JANATA PARTY,OC,10000000.0,2019-05-09,2435,1
BHARATIYA JANATA PARTY,OC,10000000.0,2019-05-09,2435,1
BHARATIYA JANATA PARTY,OC,10000000.0,2019-05-09,2435,1
BHARATIYA JANATA PARTY,OC,10000000.0,2019-05-09,2435,1
BHARATIYA JANATA PARTY,OC,10000000.0,2019-05-09,2435,1
BHARATIYA JANATA PARTY,OC,10000000.0,2019-05-09,2435,1
BHARATIYA JANATA PARTY,OC,10000000.0,2019-05-09,734,1
BHARATIYA JANATA PARTY,OC,10000000.0,2019-05-09,734,1
BHARATIYA JANATA PARTY,OC,10000000.0,2019-05-09,734,1
BHARATIYA JANATA PARTY,OC,10000000.0,2019-05-09,734,1
BHARATIYA JANATA PARTY,OC,10000000.0,2019-05-09,734,1
BHARATIYA JANATA PARTY,OC,10000000.0,2019-05-09,734,1
BHARATIYA JANATA PARTY,OC,10000000.0,2019-05-09,734,1
BHARATIYA JANATA PARTY,OC,10000000.0,2019-05-09,734,1
BHARATIYA JANATA PARTY,OC,10000000.0,2019-05-09,734,1
BHARATIYA JANATA PARTY,OC,10000000.0,2019-05-09,734,1
BHARATIYA JANATA PARTY,OC,10000000.0,2019-05-09,734,1
BHARATIYA JANATA PARTY,OC,10000000.0,2019-05-09,734,1
BHARATIYA JANATA PARTY,OC,10000000.0,2019-05-09,734,1
BHARATIYA JANATA PARTY,OC,10000000.0,2019-05-09,734,1
BHARATIYA JANATA PARTY,OC,10000000.0,2019-05-09,734,1
BHARATIYA JANATA PARTY,OC,10000000.0,2019-05-09,734,1
BHARATIYA JANATA PARTY,OC,10000000.0,2019-05-09,734,1
BHARATIYA JANATA PARTY,OC,10000000.0,2019-05-09,734,1
BHARATIYA JANATA PARTY,OC,10000000.0,2019-05-09,734,1
BHARATIYA JANATA PARTY,OC,10000000.0,2019-05-09,734,1
BHARATIYA JANATA PARTY,OC,10000000.0,2019-05-09,734,1
BHARATIYA JANATA PARTY,OC,10000000.0,2019-05-09,734,1
BHARATIYA JANATA PARTY,OC,10000000.0,2019-05-09,734,1
BHARATIYA JANATA PARTY,OC,10000000.0,2019-05-09,734,1
BHARATIYA JANATA PARTY,OC,10000000.0,2019-05-09,734,1
BHARATIYA JANATA PARTY,OC,10000000.0,2019-05-09,734,1
BHARATIYA JANATA PARTY,OC,10000000.0,2019-05-09,734,1
BHARATIYA JANATA PARTY,OC,10000000.0,2019-05-09,734,1
BHARATIYA JANATA PARTY,OC,10000000.0,2019-05-09,734,1
BHARATIYA JANATA PARTY,OC,10000000.0,2019-05-09,734,1
BHARATIYA JANATA PARTY,OC,10000000.0,2019-05-09,734,1
BHARATIYA JANATA PARTY,OC,10000000.0,2019-05-09,734,1
BHARATIYA JANATA PARTY,OC,10000000.0,2019-05-09,734,1
BHARATIYA JANATA PARTY,OC,10000000.0,2019-05-09,734,1
BHARATIYA JANATA PARTY,OC,10000000.0,2019-05-09,734,1
BHARATIYA JANATA PARTY,TL,1000000.0,2019-05-06,193,1
BHARATIYA JANATA PARTY,TL,1000000.0,2019-05-06,193,1
BHARATIYA JANATA PARTY,TL,1000000.0,2019-05-06,193,1
BHARATIYA JANATA PARTY,TL,1000000.0,2019-05-06,193,1
BHARATIYA JANATA PARTY,TL,1000000.0,2019-05-06,193,1
BHARATIYA JANATA PARTY,TL,1000000.0,2019-05-06,1309,1
BHARATIYA JANATA PARTY,TL,1000000.0,2019-05-06,1309,1
BHARATIYA JANATA PARTY,TL,1000000.0,2019-05-06,1309,1
BHARATIYA JANATA PARTY,TL,1000000.0,2019-05-06,1309,1
BHARATIYA JANATA PARTY,TL,1000000.0,2019-05-06,1309,1
BHARATIYA JANATA PARTY,TL,1000000.0,2019-05-06,1309,1
BHARATIYA JANATA PARTY,TL,1000000.0,2019-05-06,1309,1
BHARATIYA JANATA PARTY,TL,1000000.0,2019-05-06,1874,1
BHARATIYA JANATA PARTY,TL,1000000.0,2019-05-06,1874,1
BHARATIYA JANATA PARTY,TL,1000000.0,2019-05-06,1874,1
BHARATIYA JANATA PARTY,TL,1000000.0,2019-05-06,1874,1
BHARATIYA JANATA PARTY,TL,1000000.0,2019-05-06,1874,1
BHARATIYA JANATA PARTY,TL,1000000.0,2019-05-06,1874,1
BHARATIYA JANATA PARTY,TL,1000000.0,2019-05-06,1874,1
BHARATIYA JANATA PARTY,TL,1000000.0,2019-05-06,1874,1
BHARATIYA JANATA PARTY,TL,1000000.0,2019-05-06,1874,1
BHARATIYA JANATA PARTY,TL,1000000.0,2019-05-06,1874,1
BHARATIYA JANATA PARTY,TL,1000000.0,2019-05-06,2102,1
BHARATIYA JANATA PARTY,TL,1000000.0,2019-05-06,2550,1
BHARATIYA JANATA PARTY,TL,1000000.0,2019-05-06,2550,1
BHARATIYA JANATA PARTY,TL,1000000.0,2019-05-06,2550,1
BHARATIYA JANATA PARTY,TL,1000000.0,2019-05-06,2550,1
BHARATIYA JANATA PARTY,TL,1000000.0,2019-05-06,2550,1
BHARATIYA JANATA PARTY,TL,1000000.0,2019-05-06,784,1
BHARATIYA JANATA PARTY,TL,1000000.0,2019-05-06,784,1
BHARATIYA JANATA PARTY,TL,1000000.0,2019-05-07,2630,1
BHARATIYA JANATA PARTY,TL,1000000.0,2019-05-07,2630,1
BHARATIYA JANATA PARTY,TL,1000000.0,2019-05-07,2630,1
BHARATIYA JANATA PARTY,TL,1000000.0,2019-05-07,2630,1
BHARATIYA JANATA PARTY,TL,1000000.0,2019-05-07,2630,1
BHARATIYA JANATA PARTY,TL,1000000.0,2019-05-07,2630,1
BHARATIYA JANATA PARTY,TL,1000000.0,2019-05-07,2630,1
BHARATIYA JANATA PARTY,TL,1000000.0,2019-05-07,2630,1
BHARATIYA JANATA PARTY,TL,1000000.0,2019-05-07,2630,1
BHARATIYA JANATA PARTY,TL,1000000.0,2019-05-07,2630,1
BHARATIYA JANATA PARTY,TL,1000000.0,2019-05-07,2253,1
BHARATIYA JANATA PARTY,TL,1000000.0,2019-05-07,2253,1
BHARATIYA JANATA PARTY,TL,1000000.0,2019-05-07,2253,1
BHARATIYA JANATA PARTY,TL,1000000.0,2019-05-07,2253,1
BHARATIYA JANATA PARTY,TL,1000000.0,2019-05-07,2253,1
BHARATIYA JANATA PARTY,TL,1000000.0,2019-05-07,1959,1
BHARATIYA JANATA PARTY,TL,1000000.0,2019-05-07,1959,1
BHARATIYA JANATA PARTY,TL,1000000.0,2019-05-07,1959,1
BHARATIYA JANATA PARTY,TL,1000000.0,2019-05-07,1959,1
BHARATIYA JANATA PARTY,TL,1000000.0,2019-05-07,1959,1
BHARATIYA JANATA PARTY,TL,1000000.0,2019-05-07,1959,1
BHARATIYA JANATA PARTY,TL,1000000.0,2019-05-07,1959,1
BHARATIYA JANATA PARTY,TL,1000000.0,2019-05-07,1959,1
BHARATIYA JANATA PARTY,TL,1000000.0,2019-05-07,1959,1
BHARATIYA JANATA PARTY,TL,1000000.0,2019-05-07,1959,1
BHARATIYA JANATA PARTY,TL,1000000.0,2019-05-07,1385,1
BHARATIYA JANATA PARTY,TL,1000000.0,2019-05-07,1385,1
BHARATIYA JANATA PARTY,TL,1000000.0,2019-05-07,1385,1
BHARATIYA JANATA PARTY,TL,1000000.0,2019-05-07,1385,1
BHARATIYA JANATA PARTY,TL,1000000.0,2019-05-07,1385,1
BHARATIYA JANATA PARTY,TL,1000000.0,2019-05-07,1385,1
BHARATIYA JANATA PARTY,TL,1000000.0,2019-05-07,1385,1
BHARATIYA JANATA PARTY,TL,1000000.0,2019-05-07,1385,1
BHARATIYA JANATA PARTY,TL,1000000.0,2019-05-07,1385,1
BHARATIYA JANATA PARTY,TL,1000000.0,2019-05-07,1385,1
BHARATIYA JANATA PARTY,TL,1000000.0,2019-05-07,513,1
BHARATIYA JANATA PARTY,TL,1000000.0,2019-05-07,513,1
BHARATIYA JANATA PARTY,TL,1000000.0,2019-05-07,1259,1
BHARATIYA JANATA PARTY,TL,1000000.0,2019-05-07,1259,1
BHARATIYA JANATA PARTY,TL,1000000.0,2019-05-07,1259,1
BHARATIYA JANATA PARTY,TL,1000000.0,2019-05-07,1241,1
BHARATIYA JANATA PARTY,TL,1000000.0,2019-05-07,1241,1
BHARATIYA JANATA PARTY,TL,1000000.0,2019-05-07,1241,1
BHARATIYA JANATA PARTY,TL,1000000.0,2019-05-07,1241,1
BHARATIYA JANATA PARTY,TL,1000000.0,2019-05-07,1241,1
BHARATIYA JANATA PARTY,TL,1000000.0,2019-05-07,2797,1
BHARATIYA JANATA PARTY,TL,1000000.0,2019-05-07,2797,1
BHARATIYA JANATA PARTY,TL,1000000.0,2019-05-07,2797,1
BHARATIYA JANATA PARTY,TL,1000000.0,2019-05-07,2797,1
BHARATIYA JANATA PARTY,TL,1000000.0,2019-05-07,2797,1
BHARATIYA JANATA PARTY,TL,1000000.0,2019-05-08,3492,1
BHARATIYA JANATA PARTY,TL,1000000.0,2019-05-08,3492,1
BHARATIYA JANATA PARTY,TL,1000000.0,2019-05-08,3492,1
BHARATIYA JANATA PARTY,TL,1000000.0,2019-05-08,3492,1
BHARATIYA JANATA PARTY,TL,1000000.0,2019-05-08,3492,1
BHARATIYA JANATA PARTY,TL,1000000.0,2019-05-08,3492,1
BHARATIYA JANATA PARTY,TL,1000000.0,2019-05-08,3492,1
BHARATIYA JANATA PARTY,TL,1000000.0,2019-05-08,3492,1
BHARATIYA JANATA PARTY,TL,1000000.0,2019-05-08,3492,1
BHARATIYA JANATA PARTY,TL,1000000.0,2019-05-08,3492,1
BHARATIYA JANATA PARTY,OL,100000.0,2019-05-06,1309,1
BHARATIYA JANATA PARTY,OL,100000.0,2019-05-06,1309,1
BHARATIYA JANATA PARTY,OL,100000.0,2019-05-06,1309,1
BHARATIYA JANATA PARTY,OL,100000.0,2019-05-06,1309,1
BHARATIYA JANATA PARTY,OL,100000.0,2019-05-06,1309,1
BHARATIYA JANATA PARTY,OL,100000.0,2019-05-06,2102,1
BHARATIYA JANATA PARTY,OL,100000.0,2019-05-06,2102,1
BHARATIYA JANATA PARTY,OL,100000.0,2019-05-06,2102,1
BHARATIYA JANATA PARTY,OL,100000.0,2019-05-06,2102,1
BHARATIYA JANATA PARTY,OL,100000.0,2019-05-06,2102,1
BHARATIYA JANATA PARTY,OL,100000.0,2019-05-06,784,1
BHARATIYA JANATA PARTY,OL,100000.0,2019-05-06,784,1
BHARATIYA JANATA PARTY,OL,100000.0,2019-05-06,784,1
BHARATIYA JANATA PARTY,OL,100000.0,2019-05-06,784,1
BHARATIYA JANATA PARTY,OL,100000.0,2019-05-06,784,1
BHARATIYA JANATA PARTY,OC,10000000.0,2019-05-07,3448,1
BHARATIYA JANATA PARTY,OC,10000000.0,2019-05-07,3448,1
BHARATIYA JANATA PARTY,OC,10000000.0,2019-05-07,3448,1
BHARATIYA JANATA PARTY,OC,10000000.0,2019-05-08,1905,1
BHARATIYA JANATA PARTY,OC,10000000.0,2019-05-08,1905,1
BHARATIYA JANATA PARTY,OC,10000000.0,2019-05-08,1905,1
BHARATIYA JANATA PARTY,OC,10000000.0,2019-05-08,1905,1
BHARATIYA JANATA PARTY,OC,10000000.0,2019-05-08,1905,1
BHARATIYA JANATA PARTY,OC,10000000.0,2019-05-08,1905,1
BHARATIYA JANATA PARTY,OC,10000000.0,2019-05-08,1847,1
BHARATIYA JANATA PARTY,OC,10000000.0,2019-05-08,1847,1
BHARATIYA JANATA PARTY,OC,10000000.0,2019-05-08,1847,1
BHARATIYA JANATA PARTY,OC,10000000.0,2019-05-08,1847,1
BHARATIYA JANATA PARTY,OC,10000000.0,2019-05-08,1847,1
BHARATIYA JANATA PARTY,OC,10000000.0,2019-05-08,1566,1
BHARATIYA JANATA PARTY,OC,10000000.0,2019-05-08,1566,1
BHARATIYA JANATA PARTY,OC,10000000.0,2019-05-08,1566,1
BHARATIYA JANATA PARTY,OC,10000000.0,2019-05-08,1566,1
BHARATIYA JANATA PARTY,OC,10000000.0,2019-05-08,1566,1
BHARATIYA JANATA PARTY,OC,10000000.0,2019-05-08,182,1
BHARATIYA JANATA PARTY,OC,10000000.0,2019-05-08,182,1
BHARATIYA JANATA PARTY,OC,10000000.0,2019-05-08,182,1
BHARATIYA JANATA PARTY,OC,10000000.0,2019-05-08,182,1
BHARATIYA JANATA PARTY,OC,10000000.0,2019-05-08,182,1
BHARATIYA JANATA PARTY,OC,10000000.0,2019-05-08,3749,1
BHARATIYA JANATA PARTY,OC,10000000.0,2019-05-08,3749,1
BHARATIYA JANATA PARTY,OC,10000000.0,2019-05-08,3749,1
BHARATIYA JANATA PARTY,OC,10000000.0,2019-05-08,3749,1
BHARATIYA JANATA PARTY,OC,10000000.0,2019-05-08,3749,1
BHARATIYA JANATA PARTY,OC,10000000.0,2019-05-08,3749,1
BHARATIYA JANATA PARTY,OC,10000000.0,2019-05-08,3749,1
BHARATIYA JANATA PARTY,OC,10000000.0,2019-05-08,3749,1
BHARATIYA JANATA PARTY,OC,10000000.0,2019-05-08,3749,1
BHARATIYA JANATA PARTY,OC,10000000.0,2019-05-08,3749,1
BHARATIYA JANATA PARTY,OC,10000000.0,2019-05-08,2430,1
BHARATIYA JANATA PARTY,OC,10000000.0,2019-05-08,2430,1
BHARATIYA JANATA PARTY,OC,10000000.0,2019-05-08,2430,1
BHARATIYA JANATA PARTY,OC,10000000.0,2019-05-08,2430,1
BHARATIYA JANATA PARTY,OC,10000000.0,2019-05-08,2430,1
BHARATIYA JANATA PARTY,OC,10000000.0,2019-05-08,2430,1
BHARATIYA JANATA PARTY,OC,10000000.0,2019-05-08,2430,1
BHARATIYA JANATA PARTY,OC,10000000.0,2019-05-08,2430,1
BHARATIYA JANATA PARTY,OC,10000000.0,2019-05-08,2430,1
BHARATIYA JANATA PARTY,OC,10000000.0,2019-05-08,2430,1
BHARATIYA JANATA PARTY,OC,10000000.0,2019-05-08,3565,1
BHARATIYA JANATA PARTY,OC,10000000.0,2019-05-08,3565,1
BHARATIYA JANATA PARTY,OC,10000000.0,2019-05-08,3565,1
BHARATIYA JANATA PARTY,OC,10000000.0,2019-05-08,3565,1
BHARATIYA JANATA PARTY,OC,10000000.0,2019-05-08,3565,1
BHARATIYA JANATA PARTY,OC,10000000.0,2019-05-09,2964,1
BHARATIYA JANATA PARTY,OC,10000000.0,2019-05-09,2964,1
BHARATIYA JANATA PARTY,OC,10000000.0,2019-05-09,2964,1
BHARATIYA JANATA PARTY,OC,10000000.0,2019-05-09,2964,1
BHARATIYA JANATA PARTY,OC,10000000.0,2019-05-09,2964,1
BHARATIYA JANATA PARTY,OC,10000000.0,2019-05-09,2964,1
BHARATIYA JANATA PARTY,OC,10000000.0,2019-05-09,2964,1
BHARATIYA JANATA PARTY,OC,10000000.0,2019-05-09,2964,1
BHARATIYA JANATA PARTY,OC,10000000.0,2019-05-09,2964,1
BHARATIYA JANATA PARTY,OC,10000000.0,2019-05-09,2964,1
BHARATIYA JANATA PARTY,OC,10000000.0,2019-05-09,2964,1
BHARATIYA JANATA PARTY,OC,10000000.0,2019-05-09,3631,1
BHARATIYA JANATA PARTY,OC,10000000.0,2019-05-09,3378,1
BHARATIYA JANATA PARTY,OC,10000000.0,2019-05-10,2575,1
BHARATIYA JANATA PARTY,OC,10000000.0,2019-05-10,2575,1
BHARATIYA JANATA PARTY,OC,10000000.0,2019-05-10,2575,1
BHARATIYA JANATA PARTY,OC,10000000.0,2019-05-10,2575,1
BHARATIYA JANATA PARTY,OC,10000000.0,2019-05-10,2575,1
BHARATIYA JANATA PARTY,OC,10000000.0,2019-05-10,2575,1
BHARATIYA JANATA PARTY,OC,10000000.0,2019-05-10,2575,1
BHARATIYA JANATA PARTY,OC,10000000.0,2019-05-10,2575,1
BHARATIYA JANATA PARTY,OC,10000000.0,2019-05-10,2575,1
BHARATIYA JANATA PARTY,OC,10000000.0,2019-05-10,2575,1
BHARATIYA JANATA PARTY,OC,10000000.0,2019-05-10,2575,1
BHARATIYA JANATA PARTY,OC,10000000.0,2019-05-10,2575,1
BHARATIYA JANATA PARTY,OC,10000000.0,2019-05-10,2575,1
BHARATIYA JANATA PARTY,OC,10000000.0,2019-05-10,2575,1
BHARATIYA JANATA PARTY,OC,10000000.0,2019-05-10,2575,1
BHARATIYA JANATA PARTY,OC,10000000.0,2019-05-10,2575,1
BHARATIYA JANATA PARTY,OC,10000000.0,2019-05-10,2575,1
BHARATIYA JANATA PARTY,OC,10000000.0,2019-05-10,2575,1
BHARATIYA JANATA PARTY,OC,10000000.0,2019-05-10,2575,1
BHARATIYA JANATA PARTY,OC,10000000.0,2019-05-10,2575,1
BHARATIYA JANATA PARTY,OC,10000000.0,2019-05-10,2575,1
BHARATIYA JANATA PARTY,OC,10000000.0,2019-05-10,2575,1
BHARATIYA JANATA PARTY,OC,10000000.0,2019-05-10,2575,1
BHARATIYA JANATA PARTY,OC,10000000.0,2019-05-10,2575,1
BHARATIYA JANATA PARTY,OC,10000000.0,2019-05-10,2575,1
BHARATIYA JANATA PARTY,OC,10000000.0,2019-05-10,2575,1
BHARATIYA JANATA PARTY,OC,10000000.0,2019-05-10,2575,1
BHARATIYA JANATA PARTY,OC,10000000.0,2019-05-10,2575,1
BHARATIYA JANATA PARTY,OC,10000000.0,2019-05-10,2575,1
BHARATIYA JANATA PARTY,OC,10000000.0,2019-05-10,2575,1
BHARATIYA JANATA PARTY,OC,10000000.0,2019-05-10,2575,1
BHARATIYA JANATA PARTY,OC,10000000.0,2019-05-10,2575,1
BHARATIYA JANATA PARTY,OC,10000000.0,2019-05-10,2575,1
BHARATIYA JANATA PARTY,OC,10000000.0,2019-05-10,2575,1
BHARATIYA JANATA PARTY,OC,10000000.0,2019-05-10,2575,1
BHARATIYA JANATA PARTY,OC,10000000.0,2019-05-10,2575,1
BHARATIYA JANATA PARTY,OC,10000000.0,2019-05-10,2575,1
BHARATIYA JANATA PARTY,OC,10000000.0,2019-05-10,2575,1
BHARATIYA JANATA PARTY,OC,10000000.0,2019-05-10,2575,1
BHARATIYA JANATA PARTY,OC,10000000.0,2019-05-10,2575,1
BHARATIYA JANATA PARTY,OC,10000000.0,2019-05-10,2575,1
BHARATIYA JANATA PARTY,OC,10000000.0,2019-05-10,2575,1
BHARATIYA JANATA PARTY,OC,10000000.0,2019-05-10,2575,1
BHARATIYA JANATA PARTY,OC,10000000.0,2019-05-10,2575,1
BHARATIYA JANATA PARTY,OC,10000000.0,2019-05-10,2575,1
BHARATIYA JANATA PARTY,OC,10000000.0,2019-05-10,2575,1
BHARATIYA JANATA PARTY,OC,10000000.0,2019-05-10,2575,1
BHARATIYA JANATA PARTY,OC,10000000.0,2019-05-10,2575,1
BHARATIYA JANATA PARTY,OC,10000000.0,2019-05-10,2575,1
BHARATIYA JANATA PARTY,OC,10000000.0,2019-05-10,2575,1
BHARATIYA JANATA PARTY,OC,10000000.0,2019-05-10,2575,1
BHARATIYA JANATA PARTY,OC,10000000.0,2019-05-10,2575,1
BHARATIYA JANATA PARTY,OC,10000000.0,2019-05-10,2575,1
BHARATIYA JANATA PARTY,OC,10000000.0,2019-05-10,2575,1
BHARATIYA JANATA PARTY,OC,10000000.0,2019-05-10,2575,1
BHARATIYA JANATA PARTY,OC,10000000.0,2019-05-10,2575,1
BHARATIYA JANATA PARTY,OC,10000000.0,2019-05-10,2575,1
BHARATIYA JANATA PARTY,OC,10000000.0,2019-05-10,2575,1
BHARATIYA JANATA PARTY,OC,10000000.0,2019-05-10,2575,1
BHARATIYA JANATA PARTY,OC,10000000.0,2019-05-10,2575,1
BHARATIYA JANATA PARTY,OC,10000000.0,2019-05-10,2575,1
BHARATIYA JANATA PARTY,OC,10000000.0,2019-05-10,2575,1
BHARATIYA JANATA PARTY,OC,10000000.0,2019-05-10,2575,1
BHARATIYA JANATA PARTY,OC,10000000.0,2019-05-10,2575,1
BHARATIYA JANATA PARTY,OC,10000000.0,2019-05-10,2575,1
BHARATIYA JANATA PARTY,OC,10000000.0,2019-05-10,2575,1
BHARATIYA JANATA PARTY,OC,10000000.0,2019-05-10,2575,1
BHARATIYA JANATA PARTY,OC,10000000.0,2019-05-10,2575,1
BHARATIYA JANATA PARTY,OC,10000000.0,2019-05-10,2575,1
BHARATIYA JANATA PARTY,OC,10000000.0,2019-05-10,2575,1
BHARATIYA JANATA PARTY,OC,10000000.0,2019-05-10,2575,1
BHARATIYA JANATA PARTY,OC,10000000.0,2019-05-10,2575,1
BHARATIYA JANATA PARTY,OC,10000000.0,2019-05-10,2575,1
BHARATIYA JANATA PARTY,OC,10000000.0,2019-05-10,2575,1
BHARATIYA JANATA PARTY,OC,10000000.0,2019-05-10,2037,1
BHARATIYA JANATA PARTY,OC,10000000.0,2019-05-10,2037,1
BHARATIYA JANATA PARTY,OC,10000000.0,2019-05-10,2037,1
BHARATIYA JANATA PARTY,OC,10000000.0,2019-05-10,2037,1
BHARATIYA JANATA PARTY,OC,10000000.0,2019-05-10,2037,1
BHARATIYA JANATA PARTY,OC,10000000.0,2019-05-10,2037,1
BHARATIYA JANATA PARTY,OC,10000000.0,2019-05-10,2037,1
BHARATIYA JANATA PARTY,OC,10000000.0,2019-05-10,2037,1
BHARATIYA JANATA PARTY,OC,10000000.0,2019-05-10,2037,1
BHARATIYA JANATA PARTY,OC,10000000.0,2019-05-10,2037,1
BHARATIYA JANATA PARTY,OC,10000000.0,2019-05-10,682,1
BHARATIYA JANATA PARTY,OC,10000000.0,2019-05-10,682,1
BHARATIYA JANATA PARTY,OC,10000000.0,2019-05-10,682,1
BHARATIYA JANATA PARTY,OC,10000000.0,2019-05-10,682,1
BHARATIYA JANATA PARTY,OC,10000000.0,2019-05-10,682,1
BHARATIYA JANATA PARTY,OC,10000000.0,2019-05-10,682,1
BHARATIYA JANATA PARTY,OC,10000000.0,2019-05-10,682,1
BHARATIYA JANATA PARTY,OC,10000000.0,2019-05-10,682,1
BHARATIYA JANATA PARTY,OC,10000000.0,2019-05-10,682,1
BHARATIYA JANATA PARTY,OC,10000000.0,2019-05-10,682,1
BHARATIYA JANATA PARTY,OC,10000000.0,2019-05-10,3208,1
BHARATIYA JANATA PARTY,OC,10000000.0,2019-05-10,3208,1
BHARATIYA JANATA PARTY,OC,10000000.0,2019-05-10,3208,1
BHARATIYA JANATA PARTY,OC,10000000.0,2019-05-10,3208,1
BHARATIYA JANATA PARTY,OC,10000000.0,2019-05-10,3208,1
BHARATIYA JANATA PARTY,OC,10000000.0,2019-05-10,3208,1
BHARATIYA JANATA PARTY,OC,10000000.0,2019-05-10,3208,1
BHARATIYA JANATA PARTY,OC,10000000.0,2019-05-10,3208,1
BHARATIYA JANATA PARTY,OC,10000000.0,2019-05-10,3208,1
BHARATIYA JANATA PARTY,OC,10000000.0,2019-05-10,3208,1
BHARATIYA JANATA PARTY,OC,10000000.0,2019-05-10,3208,1
BHARATIYA JANATA PARTY,OC,10000000.0,2019-05-10,3208,1
BHARATIYA JANATA PARTY,OC,10000000.0,2019-05-10,3208,1
BHARATIYA JANATA PARTY,OC,10000000.0,2019-05-10,3208,1
BHARATIYA JANATA PARTY,OC,10000000.0,2019-05-10,3208,1
BHARATIYA JANATA PARTY,OC,10000000.0,2019-05-10,3208,1
BHARATIYA JANATA PARTY,OC,10000000.0,2019-05-10,3208,1
BHARATIYA JANATA PARTY,OC,10000000.0,2019-05-10,3208,1
BHARATIYA JANATA PARTY,OC,10000000.0,2019-05-10,3208,1
BHARATIYA JANATA PARTY,OC,10000000.0,2019-05-10,3208,1
BHARATIYA JANATA PARTY,OC,10000000.0,2019-05-10,1716,1
BHARATIYA JANATA PARTY,OC,10000000.0,2019-05-10,1716,1
BHARATIYA JANATA PARTY,OC,10000000.0,2019-05-10,1716,1
BHARATIYA JANATA PARTY,OC,10000000.0,2019-05-10,1716,1
BHARATIYA JANATA PARTY,OC,10000000.0,2019-05-10,1716,1
BHARATIYA JANATA PARTY,OC,10000000.0,2019-05-10,1716,1
BHARATIYA JANATA PARTY,OC,10000000.0,2019-05-10,1716,1
BHARATIYA JANATA PARTY,OC,10000000.0,2019-05-10,1716,1
BHARATIYA JANATA PARTY,OC,10000000.0,2019-05-10,1716,1
BHARATIYA JANATA PARTY,OC,10000000.0,2019-05-10,1716,1
BHARATIYA JANATA PARTY,OC,10000000.0,2019-05-10,758,1
BHARATIYA JANATA PARTY,OC,10000000.0,2019-05-10,758,1
BHARATIYA JANATA PARTY,OC,10000000.0,2019-05-10,758,1
BHARATIYA JANATA PARTY,OC,10000000.0,2019-05-10,758,1
BHARATIYA JANATA PARTY,OC,10000000.0,2019-05-10,758,1
BHARATIYA JANATA PARTY,OC,10000000.0,2019-05-10,758,1
BHARATIYA JANATA PARTY,OC,10000000.0,2019-05-10,758,1
BHARATIYA JANATA PARTY,OC,10000000.0,2019-05-10,758,1
BHARATIYA JANATA PARTY,OC,10000000.0,2019-05-10,758,1
BHARATIYA JANATA PARTY,OC,10000000.0,2019-05-10,758,1
BHARATIYA JANATA PARTY,OC,10000000.0,2019-05-10,490,1
BHARATIYA JANATA PARTY,OC,10000000.0,2019-05-10,490,1
BHARATIYA JANATA PARTY,OC,10000000.0,2019-05-10,490,1
BHARATIYA JANATA PARTY,OC,10000000.0,2019-05-10,490,1
BHARATIYA JANATA PARTY,OC,10000000.0,2019-05-10,490,1
BHARATIYA JANATA PARTY,OC,10000000.0,2019-05-10,490,1
BHARATIYA JANATA PARTY,OC,10000000.0,2019-05-10,490,1
BHARATIYA JANATA PARTY,OC,10000000.0,2019-05-10,490,1
BHARATIYA JANATA PARTY,OC,10000000.0,2019-05-10,490,1
BHARATIYA JANATA PARTY,OC,10000000.0,2019-05-10,490,1
BHARATIYA JANATA PARTY,OC,10000000.0,2019-05-10,490,1
BHARATIYA JANATA PARTY,OC,10000000.0,2019-05-10,490,1
BHARATIYA JANATA PARTY,OC,10000000.0,2019-05-10,490,1
BHARATIYA JANATA PARTY,OC,10000000.0,2019-05-10,490,1
BHARATIYA JANATA PARTY,OC,10000000.0,2019-05-10,490,1
BHARATIYA JANATA PARTY,OC,10000000.0,2019-05-10,490,1
BHARATIYA JANATA PARTY,OC,10000000.0,2019-05-10,490,1
BHARATIYA JANATA PARTY,OC,10000000.0,2019-05-10,490,1
BHARATIYA JANATA PARTY,OC,10000000.0,2019-05-10,490,1
BHARATIYA JANATA PARTY,OC,10000000.0,2019-05-10,490,1
BHARATIYA JANATA PARTY,OC,10000000.0,2019-05-10,3786,1
BHARATIYA JANATA PARTY,OC,10000000.0,2019-05-10,3786,1
BHARATIYA JANATA PARTY,OC,10000000.0,2019-05-10,3786,1
BHARATIYA JANATA PARTY,OC,10000000.0,2019-05-10,3786,1
BHARATIYA JANATA PARTY,OC,10000000.0,2019-05-10,3786,1
BHARATIYA JANATA PARTY,OC,10000000.0,2019-05-10,3786,1
BHARATIYA JANATA PARTY,OC,10000000.0,2019-05-10,3786,1
BHARATIYA JANATA PARTY,OC,10000000.0,2019-05-10,3786,1
BHARATIYA JANATA PARTY,OC,10000000.0,2019-05-10,3786,1
BHARATIYA JANATA PARTY,OC,10000000.0,2019-05-10,3786,1
BHARATIYA JANATA PARTY,OC,10000000.0,2019-05-10,3786,1
BHARATIYA JANATA PARTY,OC,10000000.0,2019-05-10,1653,1
BHARATIYA JANATA PARTY,OC,10000000.0,2019-05-10,1653,1
BHARATIYA JANATA PARTY,OC,10000000.0,2019-05-10,1653,1
BHARATIYA JANATA PARTY,OC,10000000.0,2019-05-10,1653,1
BHARATIYA JANATA PARTY,OC,10000000.0,2019-05-10,512,1
BHARATIYA JANATA PARTY,OC,10000000.0,2019-05-10,512,1
BHARATIYA JANATA PARTY,OC,10000000.0,2019-05-10,512,1
BHARATIYA JANATA PARTY,OC,10000000.0,2019-05-10,1718,1
BHARATIYA JANATA PARTY,OC,10000000.0,2019-05-10,1241,1
BHARATIYA JANATA PARTY,OC,10000000.0,2019-05-10,1241,1
BHARATIYA JANATA PARTY,OC,10000000.0,2019-05-10,1241,1
BHARATIYA JANATA PARTY,OC,10000000.0,2019-05-10,1241,1
BHARATIYA JANATA PARTY,OC,10000000.0,2019-05-10,1241,1
BHARATIYA JANATA PARTY,TL,1000000.0,2019-05-07,513,1
BHARATIYA JANATA PARTY,TL,1000000.0,2019-05-07,513,1
BHARATIYA JANATA PARTY,TL,1000000.0,2019-05-07,513,1
BHARATIYA JANATA PARTY,TL,1000000.0,2019-05-07,1259,1
BHARATIYA JANATA PARTY,TL,1000000.0,2019-05-07,1259,1
BHARATIYA JANATA PARTY,TL,1000000.0,2019-05-10,3057,1
BHARATIYA JANATA PARTY,TL,1000000.0,2019-05-10,3057,1
BHARATIYA JANATA PARTY,TL,1000000.0,2019-05-10,3057,1
BHARATIYA JANATA PARTY,TL,1000000.0,2019-05-10,3057,1
BHARATIYA JANATA PARTY,TL,1000000.0,2019-05-10,3057,1
BHARATIYA JANATA PARTY,TL,1000000.0,2019-05-10,1718,1
BHARATIYA JANATA PARTY,TL,1000000.0,2019-05-10,1718,1
BHARATIYA JANATA PARTY,OL,100000.0,2019-05-10,1718,1
BHARATIYA JANATA PARTY,OL,100000.0,2019-05-10,1718,1
BHARATIYA JANATA PARTY,OL,100000.0,2019-05-10,1718,1
BHARATIYA JANATA PARTY,OL,100000.0,2019-05-10,1718,1
BHARATIYA JANATA PARTY,OL,100000.0,2019-05-10,1718,1
BHARATIYA JANATA PARTY,OC,10000000.0,2019-05-07,3661,1
BHARATIYA JANATA PARTY,OC,10000000.0,2019-05-07,4155,1
BHARATIYA JANATA PARTY,OC,10000000.0,2019-05-09,3580,1
BHARATIYA JANATA PARTY,OC,10000000.0,2019-05-09,3580,1
BHARATIYA JANATA PARTY,OC,10000000.0,2019-05-09,3580,1
BHARATIYA JANATA PARTY,OC,10000000.0,2019-05-09,3580,1
BHARATIYA JANATA PARTY,OC,10000000.0,2019-05-09,3580,1
BHARATIYA JANATA PARTY,OC,10000000.0,2019-05-09,3580,1
BHARATIYA JANATA PARTY,OC,10000000.0,2019-05-09,3580,1
BHARATIYA JANATA PARTY,OC,10000000.0,2019-05-09,3580,1
BHARATIYA JANATA PARTY,OC,10000000.0,2019-05-09,3580,1
BHARATIYA JANATA PARTY,OC,10000000.0,2019-05-09,3580,1
BHARATIYA JANATA PARTY,OC,10000000.0,2019-05-09,1488,1
BHARATIYA JANATA PARTY,OC,10000000.0,2019-05-09,1488,1
BHARATIYA JANATA PARTY,OC,10000000.0,2019-05-09,1488,1
BHARATIYA JANATA PARTY,OC,10000000.0,2019-05-09,1488,1
BHARATIYA JANATA PARTY,OC,10000000.0,2019-05-09,1488,1
BHARATIYA JANATA PARTY,OC,10000000.0,2019-05-09,1809,1
BHARATIYA JANATA PARTY,OC,10000000.0,2019-05-09,1809,1
BHARATIYA JANATA PARTY,OC,10000000.0,2019-05-09,1809,1
BHARATIYA JANATA PARTY,OC,10000000.0,2019-05-09,1809,1
BHARATIYA JANATA PARTY,OC,10000000.0,2019-05-09,1809,1
BHARATIYA JANATA PARTY,OC,10000000.0,2019-05-09,1809,1
BHARATIYA JANATA PARTY,OC,10000000.0,2019-05-09,1809,1
BHARATIYA JANATA PARTY,OC,10000000.0,2019-05-09,1809,1
BHARATIYA JANATA PARTY,OC,10000000.0,2019-05-09,1809,1
BHARATIYA JANATA PARTY,OC,10000000.0,2019-05-09,1809,1
BHARATIYA JANATA PARTY,OC,10000000.0,2019-05-09,3153,1
BHARATIYA JANATA PARTY,OC,10000000.0,2019-05-10,1057,1
BHARATIYA JANATA PARTY,OC,10000000.0,2019-05-10,1057,1
BHARATIYA JANATA PARTY,OC,10000000.0,2019-05-10,1057,1
BHARATIYA JANATA PARTY,OC,10000000.0,2019-05-10,1057,1
BHARATIYA JANATA PARTY,OC,10000000.0,2019-05-10,1778,1
BHARATIYA JANATA PARTY,OC,10000000.0,2019-05-10,1778,1
BHARATIYA JANATA PARTY,OC,10000000.0,2019-05-10,2582,1
BHARATIYA JANATA PARTY,OC,10000000.0,2019-05-10,2582,1
BHARATIYA JANATA PARTY,OC,10000000.0,2019-05-10,2582,1
BHARATIYA JANATA PARTY,OC,10000000.0,2019-05-10,2582,1
BHARATIYA JANATA PARTY,OC,10000000.0,2019-05-10,2582,1
BHARATIYA JANATA PARTY,OC,10000000.0,2019-05-10,1949,1
BHARATIYA JANATA PARTY,OC,10000000.0,2019-05-10,1949,1
BHARATIYA JANATA PARTY,OC,10000000.0,2019-05-10,532,1
BHARATIYA JANATA PARTY,OC,10000000.0,2019-05-10,532,1
BHARATIYA JANATA PARTY,OC,10000000.0,2019-05-10,528,1
BHARATIYA JANATA PARTY,OC,10000000.0,2019-05-10,528,1
BHARATIYA JANATA PARTY,OC,10000000.0,2019-05-10,528,1
BHARATIYA JANATA PARTY,OC,10000000.0,2019-05-10,528,1
BHARATIYA JANATA PARTY,OC,10000000.0,2019-05-10,528,1
BHARATIYA JANATA PARTY,OC,10000000.0,2019-05-10,37,1
BHARATIYA JANATA PARTY,OC,10000000.0,2019-05-10,37,1
BHARATIYA JANATA PARTY,OC,10000000.0,2019-05-10,37,1
BHARATIYA JANATA PARTY,OC,10000000.0,2019-05-10,1653,1
BHARATIYA JANATA PARTY,OC,10000000.0,2019-05-10,1653,1
BHARATIYA JANATA PARTY,OC,10000000.0,2019-05-10,1653,1
BHARATIYA JANATA PARTY,OC,10000000.0,2019-05-10,1653,1
BHARATIYA JANATA PARTY,OC,10000000.0,2019-05-10,1653,1
BHARATIYA JANATA PARTY,OC,10000000.0,2019-05-10,1653,1
BHARATIYA JANATA PARTY,OC,10000000.0,2019-05-10,795,1
BHARATIYA JANATA PARTY,OC,10000000.0,2019-05-10,795,1
BHARATIYA JANATA PARTY,OC,10000000.0,2019-05-10,795,1
BHARATIYA JANATA PARTY,OC,10000000.0,2019-05-10,795,1
BHARATIYA JANATA PARTY,TL,1000000.0,2019-05-07,644,1
BHARATIYA JANATA PARTY,TL,1000000.0,2019-05-07,644,1
BHARATIYA JANATA PARTY,TL,1000000.0,2019-05-07,644,1
BHARATIYA JANATA PARTY,TL,1000000.0,2019-05-07,644,1
BHARATIYA JANATA PARTY,TL,1000000.0,2019-05-07,644,1
BHARATIYA JANATA PARTY,TL,1000000.0,2019-05-07,644,1
BHARATIYA JANATA PARTY,TL,1000000.0,2019-05-07,644,1
BHARATIYA JANATA PARTY,TL,1000000.0,2019-05-07,644,1
BHARATIYA JANATA PARTY,TL,1000000.0,2019-05-07,644,1
BHARATIYA JANATA PARTY,TL,1000000.0,2019-05-07,644,1
BHARATIYA JANATA PARTY,TL,1000000.0,2019-05-07,644,1
BHARATIYA JANATA PARTY,TL,1000000.0,2019-05-07,644,1
BHARATIYA JANATA PARTY,TL,1000000.0,2019-05-07,644,1
BHARATIYA JANATA PARTY,TL,1000000.0,2019-05-07,644,1
BHARATIYA JANATA PARTY,TL,1000000.0,2019-05-07,644,1
BHARATIYA JANATA PARTY,TL,1000000.0,2019-05-07,644,1
BHARATIYA JANATA PARTY,TL,1000000.0,2019-05-07,644,1
BHARATIYA JANATA PARTY,TL,1000000.0,2019-05-07,644,1
BHARATIYA JANATA PARTY,TL,1000000.0,2019-05-07,644,1
BHARATIYA JANATA PARTY,TL,1000000.0,2019-05-07,644,1
BHARATIYA JANATA PARTY,TL,1000000.0,2019-05-08,43,1
BHARATIYA JANATA PARTY,TL,1000000.0,2019-05-08,2379,1
BHARATIYA JANATA PARTY,TL,1000000.0,2019-05-08,1690,1
BHARATIYA JANATA PARTY,TL,1000000.0,2019-05-08,3962,1
BHARATIYA JANATA PARTY,TL,1000000.0,2019-05-10,2575,1
BHARATIYA JANATA PARTY,TL,1000000.0,2019-05-10,2575,1
BHARATIYA JANATA PARTY,TL,1000000.0,2019-05-10,2575,1
BHARATIYA JANATA PARTY,TL,1000000.0,2019-05-10,2575,1
BHARATIYA JANATA PARTY,TL,1000000.0,2019-05-10,2575,1
BHARATIYA JANATA PARTY,TL,1000000.0,2019-05-10,2575,1
BHARATIYA JANATA PARTY,TL,1000000.0,2019-05-10,2575,1
BHARATIYA JANATA PARTY,TL,1000000.0,2019-05-10,2575,1
BHARATIYA JANATA PARTY,TL,1000000.0,2019-05-10,2575,1
BHARATIYA JANATA PARTY,TL,1000000.0,2019-05-10,2575,1
BHARATIYA JANATA PARTY,TL,1000000.0,2019-05-10,2575,1
BHARATIYA JANATA PARTY,TL,1000000.0,2019-05-10,2575,1
BHARATIYA JANATA PARTY,TL,1000000.0,2019-05-10,2575,1
BHARATIYA JANATA PARTY,TL,1000000.0,2019-05-10,2575,1
BHARATIYA JANATA PARTY,TL,1000000.0,2019-05-10,2575,1
BHARATIYA JANATA PARTY,TL,1000000.0,2019-05-10,1057,1
BHARATIYA JANATA PARTY,TL,1000000.0,2019-05-10,1057,1
BHARATIYA JANATA PARTY,TL,1000000.0,2019-05-10,1057,1
BHARATIYA JANATA PARTY,TL,1000000.0,2019-05-10,1057,1
BHARATIYA JANATA PARTY,TL,1000000.0,2019-05-10,1057,1
BHARATIYA JANATA PARTY,TL,1000000.0,2019-05-10,1057,1
BHARATIYA JANATA PARTY,TL,1000000.0,2019-05-10,1057,1
BHARATIYA JANATA PARTY,TL,1000000.0,2019-05-10,1057,1
BHARATIYA JANATA PARTY,TL,1000000.0,2019-05-10,1057,1
BHARATIYA JANATA PARTY,TL,1000000.0,2019-05-10,1057,1
BHARATIYA JANATA PARTY,TL,1000000.0,2019-05-10,3562,1
BHARATIYA JANATA PARTY,TL,1000000.0,2019-05-10,3562,1
BHARATIYA JANATA PARTY,TL,1000000.0,2019-05-10,3562,1
BHARATIYA JANATA PARTY,TL,1000000.0,2019-05-10,3562,1
BHARATIYA JANATA PARTY,TL,1000000.0,2019-05-10,3562,1
BHARATIYA JANATA PARTY,TL,1000000.0,2019-05-10,1949,1
BHARATIYA JANATA PARTY,TL,1000000.0,2019-05-10,1949,1
BHARATIYA JANATA PARTY,TL,1000000.0,2019-05-10,1949,1
BHARATIYA JANATA PARTY,TL,1000000.0,2019-05-10,1949,1
BHARATIYA JANATA PARTY,TL,1000000.0,2019-05-10,1949,1
BHARATIYA JANATA PARTY,TL,1000000.0,2019-05-10,532,1
BHARATIYA JANATA PARTY,TL,1000000.0,2019-05-10,532,1
BHARATIYA JANATA PARTY,TL,1000000.0,2019-05-10,532,1
BHARATIYA JANATA PARTY,TL,1000000.0,2019-05-10,532,1
BHARATIYA JANATA PARTY,TL,1000000.0,2019-05-10,532,1
BHARATIYA JANATA PARTY,TL,1000000.0,2019-05-10,2042,1
BHARATIYA JANATA PARTY,TL,1000000.0,2019-05-10,2042,1
BHARATIYA JANATA PARTY,TL,1000000.0,2019-05-10,2042,1
BHARATIYA JANATA PARTY,TL,1000000.0,2019-05-10,2042,1
BHARATIYA JANATA PARTY,TL,1000000.0,2019-05-10,2042,1
BHARATIYA JANATA PARTY,TL,1000000.0,2019-05-10,1547,1
BHARATIYA JANATA PARTY,TL,1000000.0,2019-05-10,1547,1
BHARATIYA JANATA PARTY,TL,1000000.0,2019-05-10,1547,1
BHARATIYA JANATA PARTY,TL,1000000.0,2019-05-10,1547,1
BHARATIYA JANATA PARTY,TL,1000000.0,2019-05-10,1547,1
BHARATIYA JANATA PARTY,TL,1000000.0,2019-05-10,3207,1
BHARATIYA JANATA PARTY,TL,1000000.0,2019-05-10,3207,1
BHARATIYA JANATA PARTY,TL,1000000.0,2019-05-10,3207,1
BHARATIYA JANATA PARTY,TL,1000000.0,2019-05-10,3207,1
BHARATIYA JANATA PARTY,TL,1000000.0,2019-05-10,3207,1
BHARATIYA JANATA PARTY,TL,1000000.0,2019-05-10,3762,1
BHARATIYA JANATA PARTY,TL,1000000.0,2019-05-10,3762,1
BHARATIYA JANATA PARTY,TL,1000000.0,2019-05-10,3762,1
BHARATIYA JANATA PARTY,TL,1000000.0,2019-05-10,3762,1
BHARATIYA JANATA PARTY,TL,1000000.0,2019-05-10,3762,1
BHARATIYA JANATA PARTY,TL,1000000.0,2019-05-10,2783,1
BHARATIYA JANATA PARTY,TL,1000000.0,2019-05-10,2783,1
BHARATIYA JANATA PARTY,TL,1000000.0,2019-05-10,2783,1
BHARATIYA JANATA PARTY,TL,1000000.0,2019-05-10,2783,1
BHARATIYA JANATA PARTY,TL,1000000.0,2019-05-10,2783,1
BHARATIYA JANATA PARTY,TL,1000000.0,2019-05-10,3057,1
BHARATIYA JANATA PARTY,TL,1000000.0,2019-05-10,3057,1
BHARATIYA JANATA PARTY,OL,100000.0,2019-05-10,3057,1
BHARATIYA JANATA PARTY,OL,100000.0,2019-05-10,3057,1
BHARATIYA JANATA PARTY,OL,100000.0,2019-05-10,3057,1
BHARATIYA JANATA PARTY,OL,100000.0,2019-05-10,3057,1
BHARATIYA JANATA PARTY,OL,100000.0,2019-05-10,3057,1
BHARATIYA JANATA PARTY,TL,1000000.0,2019-05-08,747,1
BHARATIYA JANATA PARTY,OL,100000.0,2019-05-08,747,1
BHARATIYA JANATA PARTY,OL,100000.0,2019-05-08,747,1
BHARATIYA JANATA PARTY,OL,100000.0,2019-05-08,747,1
BHARATIYA JANATA PARTY,OL,100000.0,2019-05-08,747,1
BHARATIYA JANATA PARTY,OL,100000.0,2019-05-08,747,1
BHARATIYA JANATA PARTY,OC,10000000.0,2019-07-09,847,2
BHARATIYA JANATA PARTY,OC,10000000.0,2019-07-09,847,2
BHARATIYA JANATA PARTY,OC,10000000.0,2019-07-09,847,2
BHARATIYA JANATA PARTY,OC,10000000.0,2019-07-09,847,2
BHARATIYA JANATA PARTY,OC,10000000.0,2019-07-10,1740,2
BHARATIYA JANATA PARTY,OC,10000000.0,2019-07-10,1740,2
BHARATIYA JANATA PARTY,OC,10000000.0,2019-07-10,1740,2
BHARATIYA JANATA PARTY,OC,10000000.0,2019-07-10,1740,2
BHARATIYA JANATA PARTY,OC,10000000.0,2019-07-10,1740,2
BHARATIYA JANATA PARTY,OC,10000000.0,2019-07-10,1740,2
BHARATIYA JANATA PARTY,OC,10000000.0,2019-07-10,1740,2
BHARATIYA JANATA PARTY,OC,10000000.0,2019-07-08,1488,2
BHARATIYA JANATA PARTY,OC,10000000.0,2019-07-08,1488,2
BHARATIYA JANATA PARTY,OC,10000000.0,2019-07-08,1488,2
BHARATIYA JANATA PARTY,OC,10000000.0,2019-07-08,1488,2
BHARATIYA JANATA PARTY,OC,10000000.0,2019-10-01,1241,3
BHARATIYA JANATA PARTY,OC,10000000.0,2019-10-01,1241,3
BHARATIYA JANATA PARTY,OC,10000000.0,2019-10-01,1241,3
BHARATIYA JANATA PARTY,OC,10000000.0,2019-10-01,1241,3
BHARATIYA JANATA PARTY,OC,10000000.0,2019-10-01,1241,3
BHARATIYA JANATA PARTY,OC,10000000.0,2019-10-01,2797,3
BHARATIYA JANATA PARTY,OC,10000000.0,2019-10-01,2797,3
BHARATIYA JANATA PARTY,OC,10000000.0,2019-10-01,2797,3
BHARATIYA JANATA PARTY,OC,10000000.0,2019-10-01,2797,3
BHARATIYA JANATA PARTY,OC,10000000.0,2019-10-01,2797,3
BHARATIYA JANATA PARTY,OC,10000000.0,2019-10-03,2137,3
BHARATIYA JANATA PARTY,OC,10000000.0,2019-10-03,2137,3
BHARATIYA JANATA PARTY,OC,10000000.0,2019-10-03,2137,3
BHARATIYA JANATA PARTY,OC,10000000.0,2019-10-03,2137,3
BHARATIYA JANATA PARTY,OC,10000000.0,2019-10-03,2137,3
BHARATIYA JANATA PARTY,OC,10000000.0,2019-10-03,2137,3
BHARATIYA JANATA PARTY,OC,10000000.0,2019-10-03,2137,3
BHARATIYA JANATA PARTY,OC,10000000.0,2019-10-03,2137,3
BHARATIYA JANATA PARTY,OC,10000000.0,2019-10-03,734,3
BHARATIYA JANATA PARTY,OC,10000000.0,2019-10-03,734,3
BHARATIYA JANATA PARTY,OC,10000000.0,2019-10-03,734,3
BHARATIYA JANATA PARTY,OC,10000000.0,2019-10-03,734,3
BHARATIYA JANATA PARTY,OC,10000000.0,2019-10-03,734,3
BHARATIYA JANATA PARTY,OC,10000000.0,2019-10-04,3056,3
BHARATIYA JANATA PARTY,OC,10000000.0,2019-10-04,3056,3
BHARATIYA JANATA PARTY,OC,10000000.0,2019-10-04,3056,3
BHARATIYA JANATA PARTY,OC,10000000.0,2019-10-04,3056,3
BHARATIYA JANATA PARTY,OC,10000000.0,2019-10-04,3056,3
BHARATIYA JANATA PARTY,OC,10000000.0,2019-10-04,3056,3
BHARATIYA JANATA PARTY,OC,10000000.0,2019-10-04,3056,3
BHARATIYA JANATA PARTY,OC,10000000.0,2019-10-04,3675,3
BHARATIYA JANATA PARTY,OC,10000000.0,2019-10-04,3675,3
BHARATIYA JANATA PARTY,OC,10000000.0,2019-10-05,3661,3
BHARATIYA JANATA PARTY,OC,10000000.0,2019-10-05,2938,3
BHARATIYA JANATA PARTY,OC,10000000.0,2019-10-05,2938,3
BHARATIYA JANATA PARTY,OC,10000000.0,2019-10-05,2938,3
BHARATIYA JANATA PARTY,OC,10000000.0,2019-10-05,2938,3
BHARATIYA JANATA PARTY,OC,10000000.0,2019-10-05,2938,3
BHARATIYA JANATA PARTY,OC,10000000.0,2019-10-05,1014,3
BHARATIYA JANATA PARTY,OC,10000000.0,2019-10-05,1014,3
BHARATIYA JANATA PARTY,OC,10000000.0,2019-10-05,1014,3
BHARATIYA JANATA PARTY,OC,10000000.0,2019-10-05,1014,3
BHARATIYA JANATA PARTY,OC,10000000.0,2019-10-05,1014,3
BHARATIYA JANATA PARTY,OC,10000000.0,2019-10-05,348,3
BHARATIYA JANATA PARTY,OC,10000000.0,2019-10-05,348,3
BHARATIYA JANATA PARTY,OC,10000000.0,2019-10-05,348,3
BHARATIYA JANATA PARTY,OC,10000000.0,2019-10-05,348,3
BHARATIYA JANATA PARTY,OC,10000000.0,2019-10-05,348,3
BHARATIYA JANATA PARTY,OC,10000000.0,2019-10-07,2260,3
BHARATIYA JANATA PARTY,OC,10000000.0,2019-10-07,2260,3
BHARATIYA JANATA PARTY,OC,10000000.0,2019-10-07,2260,3
BHARATIYA JANATA PARTY,OC,10000000.0,2019-10-09,1792,3
BHARATIYA JANATA PARTY,OC,10000000.0,2019-10-09,1792,3
BHARATIYA JANATA PARTY,OC,10000000.0,2019-10-09,1792,3
BHARATIYA JANATA PARTY,OC,10000000.0,2019-10-09,1792,3
BHARATIYA JANATA PARTY,OC,10000000.0,2019-10-09,1792,3
BHARATIYA JANATA PARTY,OC,10000000.0,2019-10-09,1792,3
BHARATIYA JANATA PARTY,OC,10000000.0,2019-10-09,1792,3
BHARATIYA JANATA PARTY,OC,10000000.0,2019-10-09,1792,3
BHARATIYA JANATA PARTY,OC,10000000.0,2019-10-09,1792,3
BHARATIYA JANATA PARTY,OC,10000000.0,2019-10-09,1792,3
BHARATIYA JANATA PARTY,OC,10000000.0,2019-10-09,514,3
BHARATIYA JANATA PARTY,OC,10000000.0,2019-10-09,514,3
BHARATIYA JANATA PARTY,OC,10000000.0,2019-10-09,514,3
BHARATIYA JANATA PARTY,OC,10000000.0,2019-10-09,514,3
BHARATIYA JANATA PARTY,OC,10000000.0,2019-10-09,514,3
BHARATIYA JANATA PARTY,OC,10000000.0,2019-10-09,514,3
BHARATIYA JANATA PARTY,OC,10000000.0,2019-10-09,514,3
BHARATIYA JANATA PARTY,OC,10000000.0,2019-10-09,514,3
BHARATIYA JANATA PARTY,OC,10000000.0,2019-10-09,514,3
BHARATIYA JANATA PARTY,OC,10000000.0,2019-10-09,514,3
BHARATIYA JANATA PARTY,OC,10000000.0,2019-10-09,514,3
BHARATIYA JANATA PARTY,OC,10000000.0,2019-10-09,514,3
BHARATIYA JANATA PARTY,OC,10000000.0,2019-10-09,514,3
BHARATIYA JANATA PARTY,OC,10000000.0,2019-10-09,514,3
BHARATIYA JANATA PARTY,OC,10000000.0,2019-10-09,514,3
BHARATIYA JANATA PARTY,OC,10000000.0,2019-10-09,1623,3
BHARATIYA JANATA PARTY,OC,10000000.0,2019-10-09,1623,3
BHARATIYA JANATA PARTY,OC,10000000.0,2019-10-09,1623,3
BHARATIYA JANATA PARTY,OC,10000000.0,2019-10-09,1623,3
BHARATIYA JANATA PARTY,OC,10000000.0,2019-10-09,1623,3
BHARATIYA JANATA PARTY,OC,10000000.0,2019-10-09,1623,3
BHARATIYA JANATA PARTY,OC,10000000.0,2019-10-09,1623,3
BHARATIYA JANATA PARTY,OC,10000000.0,2019-10-09,1623,3
BHARATIYA JANATA PARTY,OC,10000000.0,2019-10-09,1623,3
BHARATIYA JANATA PARTY,OC,10000000.0,2019-10-09,1623,3
BHARATIYA JANATA PARTY,OC,10000000.0,2019-10-09,1623,3
BHARATIYA JANATA PARTY,OC,10000000.0,2019-10-09,1623,3
BHARATIYA JANATA PARTY,OC,10000000.0,2019-10-09,1623,3
BHARATIYA JANATA PARTY,OC,10000000.0,2019-10-09,1623,3
BHARATIYA JANATA PARTY,OC,10000000.0,2019-10-09,1623,3
BHARATIYA JANATA PARTY,OC,10000000.0,2019-10-10,2163,3
BHARATIYA JANATA PARTY,TL,1000000.0,2019-10-01,2630,3
BHARATIYA JANATA PARTY,TL,1000000.0,2019-10-01,2630,3
BHARATIYA JANATA PARTY,TL,1000000.0,2019-10-01,2630,3
BHARATIYA JANATA PARTY,TL,1000000.0,2019-10-01,2630,3
BHARATIYA JANATA PARTY,TL,1000000.0,2019-10-01,2630,3
BHARATIYA JANATA PARTY,TL,1000000.0,2019-10-01,2630,3
BHARATIYA JANATA PARTY,TL,1000000.0,2019-10-01,2630,3
BHARATIYA JANATA PARTY,TL,1000000.0,2019-10-01,2630,3
BHARATIYA JANATA PARTY,TL,1000000.0,2019-10-01,2630,3
BHARATIYA JANATA PARTY,TL,1000000.0,2019-10-01,2630,3
BHARATIYA JANATA PARTY,TL,1000000.0,2019-10-05,2102,3
BHARATIYA JANATA PARTY,TL,1000000.0,2019-10-05,2102,3
BHARATIYA JANATA PARTY,OL,100000.0,2019-10-05,2102,3
BHARATIYA JANATA PARTY,OL,100000.0,2019-10-05,2102,3
BHARATIYA JANATA PARTY,OL,100000.0,2019-10-05,2102,3
BHARATIYA JANATA PARTY,OL,100000.0,2019-10-05,2102,3
BHARATIYA JANATA PARTY,OL,100000.0,2019-10-05,2102,3
BHARATIYA JANATA PARTY,OC,10000000.0,2019-10-09,3056,3
BHARATIYA JANATA PARTY,OC,10000000.0,2019-10-09,3056,3
BHARATIYA JANATA PARTY,OC,10000000.0,2019-10-09,3056,3
BHARATIYA JANATA PARTY,OC,10000000.0,2019-10-09,3056,3
BHARATIYA JANATA PARTY,OC,10000000.0,2019-10-09,3056,3
BHARATIYA JANATA PARTY,OC,10000000.0,2019-10-09,3056,3
BHARATIYA JANATA PARTY,OC,10000000.0,2019-10-09,1623,3
BHARATIYA JANATA PARTY,OC,10000000.0,2019-10-09,1623,3
BHARATIYA JANATA PARTY,OC,10000000.0,2019-10-09,1623,3
BHARATIYA JANATA PARTY,OC,10000000.0,2019-10-09,1623,3
BHARATIYA JANATA PARTY,OC,10000000.0,2019-10-09,1623,3
BHARATIYA JANATA PARTY,OC,10000000.0,2019-10-10,2622,3
BHARATIYA JANATA PARTY,OC,10000000.0,2019-10-10,1662,3
BHARATIYA JANATA PARTY,OC,10000000.0,2019-10-10,1662,3
BHARATIYA JANATA PARTY,OC,10000000.0,2019-10-10,1662,3
BHARATIYA JANATA PARTY,OC,10000000.0,2019-10-10,1662,3
BHARATIYA JANATA PARTY,OC,10000000.0,2019-10-10,1662,3
BHARATIYA JANATA PARTY,OC,10000000.0,2019-10-10,1662,3
BHARATIYA JANATA PARTY,OC,10000000.0,2019-10-10,1662,3
BHARATIYA JANATA PARTY,OC,10000000.0,2019-10-10,1662,3
BHARATIYA JANATA PARTY,OC,10000000.0,2019-10-10,1662,3
BHARATIYA JANATA PARTY,OC,10000000.0,2019-10-10,1662,3
BHARATIYA JANATA PARTY,OC,10000000.0,2019-10-10,1662,3
BHARATIYA JANATA PARTY,OC,10000000.0,2019-10-10,1662,3
BHARATIYA JANATA PARTY,OC,10000000.0,2019-10-10,1662,3
BHARATIYA JANATA PARTY,OC,10000000.0,2019-10-10,1662,3
BHARATIYA JANATA PARTY,OC,10000000.0,2019-10-10,1662,3
BHARATIYA JANATA PARTY,TL,1000000.0,2019-10-03,1966,3
BHARATIYA JANATA PARTY,TL,1000000.0,2019-10-03,1966,3
BHARATIYA JANATA PARTY,TL,1000000.0,2019-10-03,1966,3
BHARATIYA JANATA PARTY,TL,1000000.0,2019-10-03,1966,3
BHARATIYA JANATA PARTY,TL,1000000.0,2019-10-03,1966,3
BHARATIYA JANATA PARTY,TL,1000000.0,2019-10-03,4138,3
BHARATIYA JANATA PARTY,TL,1000000.0,2019-10-03,4138,3
BHARATIYA JANATA PARTY,TL,1000000.0,2019-10-03,4138,3
BHARATIYA JANATA PARTY,TL,1000000.0,2019-10-03,4138,3
BHARATIYA JANATA PARTY,TL,1000000.0,2019-10-03,4138,3
BHARATIYA JANATA PARTY,TL,1000000.0,2019-10-03,4138,3
BHARATIYA JANATA PARTY,TL,1000000.0,2019-10-03,4138,3
BHARATIYA JANATA PARTY,TL,1000000.0,2019-10-04,3577,3
BHARATIYA JANATA PARTY,TL,1000000.0,2019-10-04,3577,3
BHARATIYA JANATA PARTY,TL,1000000.0,2019-10-04,3577,3
BHARATIYA JANATA PARTY,TL,1000000.0,2019-10-04,3577,3
BHARATIYA JANATA PARTY,TL,1000000.0,2019-10-04,3577,3
BHARATIYA JANATA PARTY,TL,1000000.0,2019-10-04,3577,3
BHARATIYA JANATA PARTY,TL,1000000.0,2019-10-04,3577,3
BHARATIYA JANATA PARTY,TL,1000000.0,2019-10-04,3577,3
BHARATIYA JANATA PARTY,TL,1000000.0,2019-10-04,3577,3
BHARATIYA JANATA PARTY,TL,1000000.0,2019-10-04,2892,3
BHARATIYA JANATA PARTY,TL,1000000.0,2019-10-04,2892,3
BHARATIYA JANATA PARTY,TL,1000000.0,2019-10-04,2892,3
BHARATIYA JANATA PARTY,TL,1000000.0,2019-10-04,2892,3
BHARATIYA JANATA PARTY,TL,1000000.0,2019-10-04,2892,3
BHARATIYA JANATA PARTY,TL,1000000.0,2019-10-04,2892,3
BHARATIYA JANATA PARTY,TL,1000000.0,2019-10-04,2461,3
BHARATIYA JANATA PARTY,TL,1000000.0,2019-10-04,2461,3
BHARATIYA JANATA PARTY,TL,1000000.0,2019-10-04,2461,3
BHARATIYA JANATA PARTY,TL,1000000.0,2019-10-04,2461,3
BHARATIYA JANATA PARTY,TL,1000000.0,2019-10-04,2461,3
BHARATIYA JANATA PARTY,TL,1000000.0,2019-10-07,144,3
BHARATIYA JANATA PARTY,TL,1000000.0,2019-10-07,144,3
BHARATIYA JANATA PARTY,TL,1000000.0,2019-10-07,144,3
BHARATIYA JANATA PARTY,TL,1000000.0,2019-10-07,144,3
BHARATIYA JANATA PARTY,TL,1000000.0,2019-10-07,144,3
BHARATIYA JANATA PARTY,TL,1000000.0,2019-10-07,144,3
BHARATIYA JANATA PARTY,TL,1000000.0,2019-10-07,144,3
BHARATIYA JANATA PARTY,TL,1000000.0,2019-10-07,144,3
BHARATIYA JANATA PARTY,TL,1000000.0,2019-10-07,144,3
BHARATIYA JANATA PARTY,TL,1000000.0,2019-10-07,144,3
BHARATIYA JANATA PARTY,TL,1000000.0,2019-10-09,1377,3
BHARATIYA JANATA PARTY,TL,1000000.0,2019-10-09,3056,3
BHARATIYA JANATA PARTY,TL,1000000.0,2019-10-09,3056,3
BHARATIYA JANATA PARTY,TL,1000000.0,2019-10-09,3056,3
BHARATIYA JANATA PARTY,TL,1000000.0,2019-10-09,3056,3
BHARATIYA JANATA PARTY,TL,1000000.0,2019-10-09,3056,3
BHARATIYA JANATA PARTY,TL,1000000.0,2019-10-09,3056,3
BHARATIYA JANATA PARTY,TL,1000000.0,2019-10-09,3056,3
BHARATIYA JANATA PARTY,TL,1000000.0,2019-10-09,3056,3
BHARATIYA JANATA PARTY,TL,1000000.0,2019-10-09,3056,3
BHARATIYA JANATA PARTY,TL,1000000.0,2019-10-09,3056,3
BHARATIYA JANATA PARTY,TL,1000000.0,2019-10-09,3056,3
BHARATIYA JANATA PARTY,TL,1000000.0,2019-10-09,3056,3
BHARATIYA JANATA PARTY,TL,1000000.0,2019-10-09,3056,3
BHARATIYA JANATA PARTY,TL,1000000.0,2019-10-09,3056,3
BHARATIYA JANATA PARTY,TL,1000000.0,2019-10-09,2024,3
BHARATIYA JANATA PARTY,TL,1000000.0,2019-10-09,2024,3
BHARATIYA JANATA PARTY,TL,1000000.0,2019-10-09,2024,3
BHARATIYA JANATA PARTY,TL,1000000.0,2019-10-09,2024,3
BHARATIYA JANATA PARTY,TL,1000000.0,2019-10-09,2024,3
BHARATIYA JANATA PARTY,TL,1000000.0,2019-10-09,2024,3
BHARATIYA JANATA PARTY,TL,1000000.0,2019-10-09,2024,3
BHARATIYA JANATA PARTY,TL,1000000.0,2019-10-09,2024,3
BHARATIYA JANATA PARTY,TL,1000000.0,2019-10-09,2024,3
BHARATIYA JANATA PARTY,TL,1000000.0,2019-10-09,2024,3
BHARATIYA JANATA PARTY,TL,1000000.0,2019-10-09,889,3
BHARATIYA JANATA PARTY,TL,1000000.0,2019-10-09,889,3
BHARATIYA JANATA PARTY,TL,1000000.0,2019-10-09,889,3
BHARATIYA JANATA PARTY,TL,1000000.0,2019-10-09,889,3
BHARATIYA JANATA PARTY,TL,1000000.0,2019-10-09,889,3
BHARATIYA JANATA PARTY,TL,1000000.0,2019-10-09,3823,3
BHARATIYA JANATA PARTY,TL,1000000.0,2019-10-09,3823,3
BHARATIYA JANATA PARTY,TL,1000000.0,2019-10-09,3823,3
BHARATIYA JANATA PARTY,OL,100000.0,2019-10-03,4138,3
BHARATIYA JANATA PARTY,OL,100000.0,2019-10-03,4138,3
BHARATIYA JANATA PARTY,OL,100000.0,2019-10-03,4138,3
BHARATIYA JANATA PARTY,OL,100000.0,2019-10-03,4138,3
BHARATIYA JANATA PARTY,OL,100000.0,2019-10-03,4138,3
BHARATIYA JANATA PARTY,OL,100000.0,2019-10-09,1573,3
BHARATIYA JANATA PARTY,OL,100000.0,2019-10-09,3471,3
BHARATIYA JANATA PARTY,OL,100000.0,2019-10-09,3471,3
BHARATIYA JANATA PARTY,OL,100000.0,2019-10-09,3222,3
BHARATIYA JANATA PARTY,OL,100000.0,2019-10-09,3222,3
BHARATIYA JANATA PARTY,OL,100000.0,2019-10-09,920,3
BHARATIYA JANATA PARTY,OL,100000.0,2019-10-09,920,3
BHARATIYA JANATA PARTY,OL,100000.0,2019-10-09,305,3
BHARATIYA JANATA PARTY,OL,100000.0,2019-10-09,480,3
BHARATIYA JANATA PARTY,OL,100000.0,2019-10-09,480,3
BHARATIYA JANATA PARTY,OL,100000.0,2019-10-09,1270,3
BHARATIYA JANATA PARTY,OL,100000.0,2019-10-09,1270,3
BHARATIYA JANATA PARTY,OL,100000.0,2019-10-09,1270,3
BHARATIYA JANATA PARTY,OL,100000.0,2019-10-09,1270,3
BHARATIYA JANATA PARTY,OL,100000.0,2019-10-09,1270,3
BHARATIYA JANATA PARTY,OL,100000.0,2019-10-09,1270,3
BHARATIYA JANATA PARTY,OL,100000.0,2019-10-09,1270,3
BHARATIYA JANATA PARTY,OL,100000.0,2019-10-09,1270,3
BHARATIYA JANATA PARTY,OL,100000.0,2019-10-09,1270,3
BHARATIYA JANATA PARTY,OL,100000.0,2019-10-09,1308,3
BHARATIYA JANATA PARTY,OL,100000.0,2019-10-09,1308,3
BHARATIYA JANATA PARTY,OL,100000.0,2019-10-09,1308,3
BHARATIYA JANATA PARTY,OL,100000.0,2019-10-09,1007,3
BHARATIYA JANATA PARTY,OL,100000.0,2019-10-09,1007,3
BHARATIYA JANATA PARTY,OL,100000.0,2019-10-09,1124,3
BHARATIYA JANATA PARTY,OL,100000.0,2019-10-09,1124,3
BHARATIYA JANATA PARTY,OL,100000.0,2019-10-09,3424,3
BHARATIYA JANATA PARTY,OL,100000.0,2019-10-09,3424,3
BHARATIYA JANATA PARTY,OL,100000.0,2019-10-09,3424,3
BHARATIYA JANATA PARTY,OL,100000.0,2019-10-09,3424,3
BHARATIYA JANATA PARTY,OL,100000.0,2019-10-09,1059,3
BHARATIYA JANATA PARTY,OL,100000.0,2019-10-09,1059,3
BHARATIYA JANATA PARTY,OL,100000.0,2019-10-09,1059,3
BHARATIYA JANATA PARTY,OL,100000.0,2019-10-09,1059,3
BHARATIYA JANATA PARTY,OL,100000.0,2019-10-09,1059,3
BHARATIYA JANATA PARTY,OL,100000.0,2019-10-09,781,3
BHARATIYA JANATA PARTY,OL,100000.0,2019-10-09,781,3
BHARATIYA JANATA PARTY,OL,100000.0,2019-10-09,781,3
BHARATIYA JANATA PARTY,OL,100000.0,2019-10-09,781,3
BHARATIYA JANATA PARTY,OL,100000.0,2019-10-09,781,3
BHARATIYA JANATA PARTY,OL,100000.0,2019-10-09,907,3
BHARATIYA JANATA PARTY,OL,100000.0,2019-10-09,907,3
BHARATIYA JANATA PARTY,OL,100000.0,2019-10-09,907,3
BHARATIYA JANATA PARTY,OL,100000.0,2019-10-09,907,3
BHARATIYA JANATA PARTY,OL,100000.0,2019-10-09,2040,3
BHARATIYA JANATA PARTY,OL,100000.0,2019-10-09,3858,3
BHARATIYA JANATA PARTY,OL,100000.0,2019-10-09,997,3
BHARATIYA JANATA PARTY,OL,100000.0,2019-10-09,997,3
BHARATIYA JANATA PARTY,OL,100000.0,2019-10-09,997,3
BHARATIYA JANATA PARTY,OL,100000.0,2019-10-09,997,3
BHARATIYA JANATA PARTY,OL,100000.0,2019-10-09,997,3
BHARATIYA JANATA PARTY,OL,100000.0,2019-10-09,3119,3
BHARATIYA JANATA PARTY,OL,100000.0,2019-10-09,3119,3
BHARATIYA JANATA PARTY,OL,100000.0,2019-10-09,2747,3
BHARATIYA JANATA PARTY,OL,100000.0,2019-10-09,2747,3
BHARATIYA JANATA PARTY,OL,100000.0,2019-10-09,981,3
BHARATIYA JANATA PARTY,OL,100000.0,2019-10-09,981,3
BHARATIYA JANATA PARTY,OL,100000.0,2019-10-09,1739,3
BHARATIYA JANATA PARTY,OL,100000.0,2019-10-09,1739,3
BHARATIYA JANATA PARTY,OL,100000.0,2019-10-09,1739,3
BHARATIYA JANATA PARTY,OL,100000.0,2019-10-09,1739,3
BHARATIYA JANATA PARTY,OL,100000.0,2019-10-09,1739,3
BHARATIYA JANATA PARTY,OL,100000.0,2019-10-09,1739,3
BHARATIYA JANATA PARTY,OL,100000.0,2019-10-09,1739,3
BHARATIYA JANATA PARTY,OL,100000.0,2019-10-09,1739,3
BHARATIYA JANATA PARTY,OL,100000.0,2019-10-09,3341,3
BHARATIYA JANATA PARTY,OL,100000.0,2019-10-09,3341,3
BHARATIYA JANATA PARTY,OL,100000.0,2019-10-09,3341,3
BHARATIYA JANATA PARTY,OL,100000.0,2019-10-09,697,3
BHARATIYA JANATA PARTY,OL,100000.0,2019-10-09,697,3
BHARATIYA JANATA PARTY,OL,100000.0,2019-10-09,697,3
BHARATIYA JANATA PARTY,OL,100000.0,2019-10-09,1339,3
BHARATIYA JANATA PARTY,OL,100000.0,2019-10-09,3331,3
BHARATIYA JANATA PARTY,OL,100000.0,2019-10-09,1970,3
BHARATIYA JANATA PARTY,OL,100000.0,2019-10-09,970,3
BHARATIYA JANATA PARTY,OL,100000.0,2019-10-09,2259,3
BHARATIYA JANATA PARTY,OL,100000.0,2019-10-09,2259,3
BHARATIYA JANATA PARTY,OL,100000.0,2019-10-09,2259,3
BHARATIYA JANATA PARTY,OL,100000.0,2019-10-09,2259,3
BHARATIYA JANATA PARTY,OL,100000.0,2019-10-09,2259,3
BHARATIYA JANATA PARTY,OL,100000.0,2019-10-09,2259,3
BHARATIYA JANATA PARTY,OL,100000.0,2019-10-09,2259,3
BHARATIYA JANATA PARTY,OL,100000.0,2019-10-09,2259,3
BHARATIYA JANATA PARTY,OL,100000.0,2019-10-09,2259,3
BHARATIYA JANATA PARTY,OL,100000.0,2019-10-09,2458,3
BHARATIYA JANATA PARTY,OL,100000.0,2019-10-09,2458,3
BHARATIYA JANATA PARTY,OL,100000.0,2019-10-09,2458,3
BHARATIYA JANATA PARTY,OL,100000.0,2019-10-09,2458,3
BHARATIYA JANATA PARTY,OL,100000.0,2019-10-09,2458,3
BHARATIYA JANATA PARTY,OL,100000.0,2019-10-09,3909,3
BHARATIYA JANATA PARTY,OL,100000.0,2019-10-09,3909,3
BHARATIYA JANATA PARTY,OL,100000.0,2019-10-09,3909,3
BHARATIYA JANATA PARTY,OL,100000.0,2019-10-09,3909,3
BHARATIYA JANATA PARTY,OL,100000.0,2019-10-09,3909,3
BHARATIYA JANATA PARTY,OL,100000.0,2019-10-09,3283,3
BHARATIYA JANATA PARTY,OL,100000.0,2019-10-09,3283,3
BHARATIYA JANATA PARTY,OL,100000.0,2019-10-09,3283,3
BHARATIYA JANATA PARTY,OL,100000.0,2019-10-09,3283,3
BHARATIYA JANATA PARTY,OL,100000.0,2019-10-09,3283,3
BHARATIYA JANATA PARTY,OL,100000.0,2019-10-09,3932,3
BHARATIYA JANATA PARTY,OL,100000.0,2019-10-09,3932,3
BHARATIYA JANATA PARTY,OL,100000.0,2019-10-09,3932,3
BHARATIYA JANATA PARTY,OL,100000.0,2019-10-09,3932,3
BHARATIYA JANATA PARTY,OL,100000.0,2019-10-09,3932,3
BHARATIYA JANATA PARTY,OL,100000.0,2019-10-09,460,3
BHARATIYA JANATA PARTY,OL,100000.0,2019-10-09,1413,3
BHARATIYA JANATA PARTY,OL,100000.0,2019-10-09,2458,3
BHARATIYA JANATA PARTY,OL,100000.0,2019-10-09,2458,3
BHARATIYA JANATA PARTY,OL,100000.0,2019-10-09,2458,3
BHARATIYA JANATA PARTY,OL,100000.0,2019-10-09,2879,3
BHARATIYA JANATA PARTY,OL,100000.0,2019-10-09,2879,3
BHARATIYA JANATA PARTY,OL,100000.0,2019-10-09,2879,3
BHARATIYA JANATA PARTY,OL,100000.0,2019-10-09,1784,3
BHARATIYA JANATA PARTY,OL,100000.0,2019-10-09,1784,3
BHARATIYA JANATA PARTY,OL,100000.0,2019-10-09,1784,3
BHARATIYA JANATA PARTY,OL,100000.0,2019-10-09,1652,3
BHARATIYA JANATA PARTY,OL,100000.0,2019-10-09,1652,3
BHARATIYA JANATA PARTY,OL,100000.0,2019-10-09,2773,3
BHARATIYA JANATA PARTY,OL,100000.0,2019-10-09,2773,3
BHARATIYA JANATA PARTY,OL,100000.0,2019-10-09,2773,3
BHARATIYA JANATA PARTY,OL,100000.0,2019-10-09,2773,3
BHARATIYA JANATA PARTY,OL,100000.0,2019-10-09,2773,3
BHARATIYA JANATA PARTY,OL,100000.0,2019-10-09,3056,3
BHARATIYA JANATA PARTY,OL,100000.0,2019-10-09,3056,3
BHARATIYA JANATA PARTY,OL,100000.0,2019-10-09,3823,3
BHARATIYA JANATA PARTY,OL,100000.0,2019-10-09,3823,3
BHARATIYA JANATA PARTY,OL,100000.0,2019-10-09,3823,3
BHARATIYA JANATA PARTY,TT,10000.0,2019-10-09,305,3
BHARATIYA JANATA PARTY,TT,10000.0,2019-10-09,305,3
BHARATIYA JANATA PARTY,TT,10000.0,2019-10-09,305,3
BHARATIYA JANATA PARTY,TT,10000.0,2019-10-09,305,3
BHARATIYA JANATA PARTY,TT,10000.0,2019-10-09,305,3
BHARATIYA JANATA PARTY,TT,10000.0,2019-10-09,56,3
BHARATIYA JANATA PARTY,TT,10000.0,2019-10-09,56,3
BHARATIYA JANATA PARTY,TT,10000.0,2019-10-09,56,3
BHARATIYA JANATA PARTY,TT,10000.0,2019-10-09,56,3
BHARATIYA JANATA PARTY,TT,10000.0,2019-10-09,56,3
BHARATIYA JANATA PARTY,OC,10000000.0,2019-10-09,3775,3
BHARATIYA JANATA PARTY,OC,10000000.0,2019-10-09,3775,3
BHARATIYA JANATA PARTY,OC,10000000.0,2019-10-09,3775,3
BHARATIYA JANATA PARTY,OC,10000000.0,2019-10-09,3775,3
BHARATIYA JANATA PARTY,OC,10000000.0,2019-10-09,3775,3
BHARATIYA JANATA PARTY,OC,10000000.0,2019-10-09,3775,3
BHARATIYA JANATA PARTY,OC,10000000.0,2019-10-09,3775,3
BHARATIYA JANATA PARTY,OC,10000000.0,2019-10-09,3775,3
BHARATIYA JANATA PARTY,OC,10000000.0,2019-10-09,3775,3
BHARATIYA JANATA PARTY,OC,10000000.0,2019-10-09,3775,3
BHARATIYA JANATA PARTY,OC,10000000.0,2019-10-10,2893,3
BHARATIYA JANATA PARTY,OC,10000000.0,2019-10-10,2893,3
BHARATIYA JANATA PARTY,OC,10000000.0,2019-10-10,2893,3
BHARATIYA JANATA PARTY,OC,10000000.0,2019-10-10,2893,3
BHARATIYA JANATA PARTY,OC,10000000.0,2019-10-10,2893,3
BHARATIYA JANATA PARTY,OC,10000000.0,2019-10-10,2893,3
BHARATIYA JANATA PARTY,OC,10000000.0,2019-10-10,2893,3
BHARATIYA JANATA PARTY,OC,10000000.0,2019-10-10,2893,3
BHARATIYA JANATA PARTY,OC,10000000.0,2019-10-10,2893,3
BHARATIYA JANATA PARTY,OC,10000000.0,2019-10-10,2893,3
BHARATIYA JANATA PARTY,OC,10000000.0,2019-10-10,2893,3
BHARATIYA JANATA PARTY,OC,10000000.0,2019-10-10,2893,3
BHARATIYA JANATA PARTY,OC,10000000.0,2019-10-10,2893,3
BHARATIYA JANATA PARTY,OC,10000000.0,2019-10-10,2893,3
BHARATIYA JANATA PARTY,OC,10000000.0,2019-10-10,2893,3
BHARATIYA JANATA PARTY,OC,10000000.0,2019-10-10,2893,3
BHARATIYA JANATA PARTY,OC,10000000.0,2019-10-10,2893,3
BHARATIYA JANATA PARTY,OC,10000000.0,2019-10-10,2893,3
BHARATIYA JANATA PARTY,OC,10000000.0,2019-10-10,2893,3
BHARATIYA JANATA PARTY,OC,10000000.0,2019-10-10,2893,3
BHARATIYA JANATA PARTY,OC,10000000.0,2019-10-10,2893,3
BHARATIYA JANATA PARTY,OC,10000000.0,2019-10-10,2893,3
BHARATIYA JANATA PARTY,OC,10000000.0,2019-10-10,2893,3
BHARATIYA JANATA PARTY,OC,10000000.0,2019-10-10,2893,3
BHARATIYA JANATA PARTY,OC,10000000.0,2019-10-10,2893,3
BHARATIYA JANATA PARTY,OC,10000000.0,2019-10-10,3531,3
BHARATIYA JANATA PARTY,OC,10000000.0,2019-10-10,3531,3
BHARATIYA JANATA PARTY,OC,10000000.0,2019-10-10,3531,3
BHARATIYA JANATA PARTY,OC,10000000.0,2019-10-10,3531,3
BHARATIYA JANATA PARTY,OC,10000000.0,2019-10-10,3531,3
BHARATIYA JANATA PARTY,OC,10000000.0,2019-10-09,2968,3
BHARATIYA JANATA PARTY,OC,10000000.0,2019-10-09,2968,3
BHARATIYA JANATA PARTY,OC,10000000.0,2019-10-09,2968,3
BHARATIYA JANATA PARTY,OC,10000000.0,2019-10-09,2968,3
BHARATIYA JANATA PARTY,OC,10000000.0,2019-10-09,2968,3
BHARATIYA JANATA PARTY,OC,10000000.0,2019-10-09,2968,3
BHARATIYA JANATA PARTY,OC,10000000.0,2019-10-09,2968,3
BHARATIYA JANATA PARTY,OC,10000000.0,2019-10-09,77,3
BHARATIYA JANATA PARTY,OC,10000000.0,2019-10-10,2968,3
BHARATIYA JANATA PARTY,OC,10000000.0,2019-10-10,2968,3
BHARATIYA JANATA PARTY,OC,10000000.0,2019-10-10,2968,3
BHARATIYA JANATA PARTY,OC,10000000.0,2019-10-10,1660,3
BHARATIYA JANATA PARTY,OC,10000000.0,2019-10-10,1660,3
BHARATIYA JANATA PARTY,OC,10000000.0,2019-10-09,1653,3
BHARATIYA JANATA PARTY,OC,10000000.0,2019-10-09,1653,3
BHARATIYA JANATA PARTY,OC,10000000.0,2019-10-09,1653,3
BHARATIYA JANATA PARTY,TL,1000000.0,2019-10-10,3384,3
BHARATIYA JANATA PARTY,OC,10000000.0,2020-01-14,2566,4
BHARATIYA JANATA PARTY,OC,10000000.0,2020-01-14,2566,4
BHARATIYA JANATA PARTY,OC,10000000.0,2020-01-14,2566,4
BHARATIYA JANATA PARTY,OC,10000000.0,2020-01-14,2566,4
BHARATIYA JANATA PARTY,OC,10000000.0,2020-01-14,2566,4
BHARATIYA JANATA PARTY,OC,10000000.0,2020-01-14,2566,4
BHARATIYA JANATA PARTY,OC,10000000.0,2020-01-14,2566,4
BHARATIYA JANATA PARTY,OC,10000000.0,2020-01-14,2566,4
BHARATIYA JANATA PARTY,OC,10000000.0,2020-01-14,2566,4
BHARATIYA JANATA PARTY,OC,10000000.0,2020-01-14,2566,4
BHARATIYA JANATA PARTY,OC,10000000.0,2020-01-15,1781,4
BHARATIYA JANATA PARTY,OC,10000000.0,2020-01-15,1781,4
BHARATIYA JANATA PARTY,OC,10000000.0,2020-01-15,1781,4
BHARATIYA JANATA PARTY,OC,10000000.0,2020-01-15,1781,4
BHARATIYA JANATA PARTY,OC,10000000.0,2020-01-15,1781,4
BHARATIYA JANATA PARTY,OC,10000000.0,2020-01-15,1781,4
BHARATIYA JANATA PARTY,OC,10000000.0,2020-01-15,1781,4
BHARATIYA JANATA PARTY,OC,10000000.0,2020-01-15,1781,4
BHARATIYA JANATA PARTY,OC,10000000.0,2020-01-15,1781,4
BHARATIYA JANATA PARTY,OC,10000000.0,2020-01-15,1781,4
BHARATIYA JANATA PARTY,OC,10000000.0,2020-01-15,514,4
BHARATIYA JANATA PARTY,OC,10000000.0,2020-01-15,514,4
BHARATIYA JANATA PARTY,OC,10000000.0,2020-01-15,514,4
BHARATIYA JANATA PARTY,OC,10000000.0,2020-01-15,514,4
BHARATIYA JANATA PARTY,OC,10000000.0,2020-01-15,514,4
BHARATIYA JANATA PARTY,OC,10000000.0,2020-01-15,514,4
BHARATIYA JANATA PARTY,OC,10000000.0,2020-01-15,514,4
BHARATIYA JANATA PARTY,OC,10000000.0,2020-01-15,514,4
BHARATIYA JANATA PARTY,OC,10000000.0,2020-01-15,514,4
BHARATIYA JANATA PARTY,OC,10000000.0,2020-01-15,514,4
BHARATIYA JANATA PARTY,OC,10000000.0,2020-01-15,514,4
BHARATIYA JANATA PARTY,OC,10000000.0,2020-01-15,514,4
BHARATIYA JANATA PARTY,OC,10000000.0,2020-01-15,514,4
BHARATIYA JANATA PARTY,OC,10000000.0,2020-01-15,514,4
BHARATIYA JANATA PARTY,OC,10000000.0,2020-01-15,514,4
BHARATIYA JANATA PARTY,OC,10000000.0,2020-01-16,2893,4
BHARATIYA JANATA PARTY,OC,10000000.0,2020-01-16,2893,4
BHARATIYA JANATA PARTY,OC,10000000.0,2020-01-16,2893,4
BHARATIYA JANATA PARTY,OC,10000000.0,2020-01-16,2893,4
BHARATIYA JANATA PARTY,OC,10000000.0,2020-01-16,2893,4
BHARATIYA JANATA PARTY,OC,10000000.0,2020-01-16,2893,4
BHARATIYA JANATA PARTY,OC,10000000.0,2020-01-16,2893,4
BHARATIYA JANATA PARTY,OC,10000000.0,2020-01-16,2893,4
BHARATIYA JANATA PARTY,OC,10000000.0,2020-01-16,2893,4
BHARATIYA JANATA PARTY,OC,10000000.0,2020-01-16,2893,4
BHARATIYA JANATA PARTY,OC,10000000.0,2020-01-16,3642,4
BHARATIYA JANATA PARTY,OC,10000000.0,2020-01-16,3642,4
BHARATIYA JANATA PARTY,OC,10000000.0,2020-01-16,3642,4
BHARATIYA JANATA PARTY,OC,10000000.0,2020-01-16,3642,4
BHARATIYA JANATA PARTY,OC,10000000.0,2020-01-20,2579,4
BHARATIYA JANATA PARTY,OC,10000000.0,2020-01-22,2586,4
BHARATIYA JANATA PARTY,OC,10000000.0,2020-01-22,2586,4
BHARATIYA JANATA PARTY,OC,10000000.0,2020-01-22,2981,4
BHARATIYA JANATA PARTY,OC,10000000.0,2020-10-23,2252,6
BHARATIYA JANATA PARTY,OC,10000000.0,2020-10-23,2252,6
BHARATIYA JANATA PARTY,OC,10000000.0,2020-10-23,2252,6
BHARATIYA JANATA PARTY,OC,10000000.0,2020-10-23,2252,6
BHARATIYA JANATA PARTY,OC,10000000.0,2020-10-23,2252,6
BHARATIYA JANATA PARTY,OC,10000000.0,2020-10-23,2579,6
BHARATIYA JANATA PARTY,OC,10000000.0,2020-10-27,3642,6
BHARATIYA JANATA PARTY,OC,10000000.0,2020-10-27,3642,6
BHARATIYA JANATA PARTY,OC,10000000.0,2020-10-27,3642,6
BHARATIYA JANATA PARTY,OC,10000000.0,2020-10-27,3642,6
BHARATIYA JANATA PARTY,OC,10000000.0,2020-10-27,3642,6
BHARATIYA JANATA PARTY,OC,10000000.0,2020-10-27,2586,6
BHARATIYA JANATA PARTY,OC,10000000.0,2020-10-27,2586,6
BHARATIYA JANATA PARTY,OC,10000000.0,2020-10-27,2586,6
BHARATIYA JANATA PARTY,OC,10000000.0,2020-10-27,2586,6
BHARATIYA JANATA PARTY,OC,10000000.0,2020-10-27,2586,6
BHARATIYA JANATA PARTY,OC,10000000.0,2020-10-27,2586,6
BHARATIYA JANATA PARTY,OC,10000000.0,2020-10-27,2586,6
BHARATIYA JANATA PARTY,TL,1000000.0,2020-10-22,2150,6
BHARATIYA JANATA PARTY,TL,1000000.0,2020-10-22,2150,6
BHARATIYA JANATA PARTY,TL,1000000.0,2020-10-22,2150,6
BHARATIYA JANATA PARTY,TL,1000000.0,2020-10-22,2150,6
BHARATIYA JANATA PARTY,TL,1000000.0,2020-10-23,2579,6
BHARATIYA JANATA PARTY,TL,1000000.0,2020-10-23,2579,6
BHARATIYA JANATA PARTY,TL,1000000.0,2020-10-23,2579,6
BHARATIYA JANATA PARTY,TL,1000000.0,2020-10-23,2579,6
BHARATIYA JANATA PARTY,TL,1000000.0,2020-10-23,2579,6
BHARATIYA JANATA PARTY,OC,10000000.0,2020-10-28,4155,6
BHARATIYA JANATA PARTY,TL,1000000.0,2020-10-28,4155,6
BHARATIYA JANATA PARTY,TL,1000000.0,2020-10-28,4155,6
BHARATIYA JANATA PARTY,TL,1000000.0,2020-10-28,4155,6
BHARATIYA JANATA PARTY,TL,1000000.0,2020-10-28,4155,6
BHARATIYA JANATA PARTY,TL,1000000.0,2020-10-28,4155,6
BHARATIYA JANATA PARTY,TL,1000000.0,2020-10-28,4155,6
BHARATIYA JANATA PARTY,TL,1000000.0,2020-10-28,4155,6
BHARATIYA JANATA PARTY,TL,1000000.0,2020-10-28,4155,6
BHARATIYA JANATA PARTY,TL,1000000.0,2020-10-28,4155,6
BHARATIYA JANATA PARTY,OL,100000.0,2020-10-28,4155,6
BHARATIYA JANATA PARTY,OL,100000.0,2020-10-28,4155,6
BHARATIYA JANATA PARTY,OL,100000.0,2020-10-28,4155,6
BHARATIYA JANATA PARTY,OL,100000.0,2020-10-28,4155,6
BHARATIYA JANATA PARTY,OL,100000.0,2020-10-28,4155,6
BHARATIYA JANATA PARTY,OL,100000.0,2020-10-28,4155,6
BHARATIYA JANATA PARTY,OL,100000.0,2020-10-28,4155,6
BHARATIYA JANATA PARTY,OL,100000.0,2020-10-28,4155,6
BHARATIYA JANATA PARTY,OL,100000.0,2020-10-28,4155,6
BHARATIYA JANATA PARTY,OC,10000000.0,2021-01-08,671,8
BHARATIYA JANATA PARTY,TL,1000000.0,2021-01-08,3867,8
BHARATIYA JANATA PARTY,TL,1000000.0,2021-01-08,2952,8
BHARATIYA JANATA PARTY,TL,1000000.0,2021-01-08,1873,8
BHARATIYA JANATA PARTY,TL,1000000.0,2021-01-08,3852,8
BHARATIYA JANATA PARTY,OL,100000.0,2021-01-07,2824,8
BHARATIYA JANATA PARTY,OL,100000.0,2021-01-07,2824,8
BHARATIYA JANATA PARTY,OL,100000.0,2021-01-07,2824,8
BHARATIYA JANATA PARTY,OL,100000.0,2021-01-08,3867,8
BHARATIYA JANATA PARTY,OL,100000.0,2021-01-08,3867,8
BHARATIYA JANATA PARTY,OL,100000.0,2021-01-08,3867,8
BHARATIYA JANATA PARTY,OL,100000.0,2021-01-08,3867,8
BHARATIYA JANATA PARTY,OL,100000.0,2021-01-08,2829,8
BHARATIYA JANATA PARTY,OL,100000.0,2021-01-08,2829,8
BHARATIYA JANATA PARTY,TT,10000.0,2021-01-08,2829,8
BHARATIYA JANATA PARTY,TT,10000.0,2021-01-08,2829,8
BHARATIYA JANATA PARTY,TT,10000.0,2021-01-08,2829,8
BHARATIYA JANATA PARTY,TT,10000.0,2021-01-08,2829,8
BHARATIYA JANATA PARTY,TT,10000.0,2021-01-08,2829,8
BHARATIYA JANATA PARTY,OC,10000000.0,2021-04-03,3699,9
BHARATIYA JANATA PARTY,OC,10000000.0,2021-04-03,3699,9
BHARATIYA JANATA PARTY,OC,10000000.0,2021-04-03,3699,9
BHARATIYA JANATA PARTY,OC,10000000.0,2021-04-03,3699,9
BHARATIYA JANATA PARTY,OC,10000000.0,2021-04-03,3699,9
BHARATIYA JANATA PARTY,OC,10000000.0,2021-04-03,3699,9
BHARATIYA JANATA PARTY,OC,10000000.0,2021-04-03,3699,9
BHARATIYA JANATA PARTY,OC,10000000.0,2021-04-03,3699,9
BHARATIYA JANATA PARTY,OC,10000000.0,2021-04-03,3699,9
BHARATIYA JANATA PARTY,OC,10000000.0,2021-04-03,3699,9
BHARATIYA JANATA PARTY,OC,10000000.0,2021-04-03,3328,9
BHARATIYA JANATA PARTY,OC,10000000.0,2021-04-03,3328,9
BHARATIYA JANATA PARTY,OC,10000000.0,2021-04-03,3328,9
BHARATIYA JANATA PARTY,OC,10000000.0,2021-04-03,3328,9
BHARATIYA JANATA PARTY,OC,10000000.0,2021-04-03,3328,9
BHARATIYA JANATA PARTY,OC,10000000.0,2021-04-03,3303,9
BHARATIYA JANATA PARTY,OC,10000000.0,2021-04-03,3303,9
BHARATIYA JANATA PARTY,OC,10000000.0,2021-04-03,3303,9
BHARATIYA JANATA PARTY,OC,10000000.0,2021-04-03,3303,9
BHARATIYA JANATA PARTY,OC,10000000.0,2021-04-03,3303,9
BHARATIYA JANATA PARTY,OC,10000000.0,2021-04-03,3303,9
BHARATIYA JANATA PARTY,OC,10000000.0,2021-04-03,3303,9
BHARATIYA JANATA PARTY,OC,10000000.0,2021-04-03,3303,9
BHARATIYA JANATA PARTY,OC,10000000.0,2021-04-03,3303,9
BHARATIYA JANATA PARTY,OC,10000000.0,2021-04-03,3303,9
BHARATIYA JANATA PARTY,OC,10000000.0,2021-04-03,3303,9
BHARATIYA JANATA PARTY,OC,10000000.0,2021-04-03,3303,9
BHARATIYA JANATA PARTY,OC,10000000.0,2021-04-03,3303,9
BHARATIYA JANATA PARTY,OC,10000000.0,2021-04-03,3303,9
BHARATIYA JANATA PARTY,OC,10000000.0,2021-04-03,3303,9
BHARATIYA JANATA PARTY,OC,10000000.0,2021-04-03,3303,9
BHARATIYA JANATA PARTY,OC,10000000.0,2021-04-03,3303,9
BHARATIYA JANATA PARTY,OC,10000000.0,2021-04-03,3303,9
BHARATIYA JANATA PARTY,OC,10000000.0,2021-04-03,3303,9
BHARATIYA JANATA PARTY,OC,10000000.0,2021-04-03,3303,9
BHARATIYA JANATA PARTY,OC,10000000.0,2021-04-03,3303,9
BHARATIYA JANATA PARTY,OC,10000000.0,2021-04-03,3303,9
BHARATIYA JANATA PARTY,OC,10000000.0,2021-04-03,3303,9
BHARATIYA JANATA PARTY,OC,10000000.0,2021-04-03,3303,9
BHARATIYA JANATA PARTY,OC,10000000.0,2021-04-03,3303,9
BHARATIYA JANATA PARTY,OC,10000000.0,2021-04-03,3303,9
BHARATIYA JANATA PARTY,OC,10000000.0,2021-04-03,3303,9
BHARATIYA JANATA PARTY,OC,10000000.0,2021-04-03,3303,9
BHARATIYA JANATA PARTY,OC,10000000.0,2021-04-03,3303,9
BHARATIYA JANATA PARTY,OC,10000000.0,2021-04-03,3303,9
BHARATIYA JANATA PARTY,OC,10000000.0,2021-04-03,2314,9
BHARATIYA JANATA PARTY,OC,10000000.0,2021-04-03,2314,9
BHARATIYA JANATA PARTY,OC,10000000.0,2021-04-03,2314,9
BHARATIYA JANATA PARTY,OC,10000000.0,2021-04-03,2314,9
BHARATIYA JANATA PARTY,OC,10000000.0,2021-04-03,2314,9
BHARATIYA JANATA PARTY,OC,10000000.0,2021-04-03,3743,9
BHARATIYA JANATA PARTY,OC,10000000.0,2021-04-03,3743,9
BHARATIYA JANATA PARTY,OC,10000000.0,2021-04-03,3743,9
BHARATIYA JANATA PARTY,OC,10000000.0,2021-04-05,2765,9
BHARATIYA JANATA PARTY,OC,10000000.0,2021-04-05,2765,9
BHARATIYA JANATA PARTY,OC,10000000.0,2021-04-05,962,9
BHARATIYA JANATA PARTY,OC,10000000.0,2021-04-05,962,9
BHARATIYA JANATA PARTY,OC,10000000.0,2021-04-05,962,9
BHARATIYA JANATA PARTY,OC,10000000.0,2021-04-05,962,9
BHARATIYA JANATA PARTY,OC,10000000.0,2021-04-05,962,9
BHARATIYA JANATA PARTY,OC,10000000.0,2021-04-06,2630,9
BHARATIYA JANATA PARTY,OC,10000000.0,2021-04-06,2630,9
BHARATIYA JANATA PARTY,OC,10000000.0,2021-04-06,2630,9
BHARATIYA JANATA PARTY,OC,10000000.0,2021-04-06,2630,9
BHARATIYA JANATA PARTY,OC,10000000.0,2021-04-06,2630,9
BHARATIYA JANATA PARTY,OC,10000000.0,2021-04-06,2630,9
BHARATIYA JANATA PARTY,OC,10000000.0,2021-04-06,2630,9
BHARATIYA JANATA PARTY,OC,10000000.0,2021-04-06,2630,9
BHARATIYA JANATA PARTY,OC,10000000.0,2021-04-06,2630,9
BHARATIYA JANATA PARTY,OC,10000000.0,2021-04-06,2630,9
BHARATIYA JANATA PARTY,OC,10000000.0,2021-04-06,2630,9
BHARATIYA JANATA PARTY,OC,10000000.0,2021-04-06,2630,9
BHARATIYA JANATA PARTY,OC,10000000.0,2021-04-06,2630,9
BHARATIYA JANATA PARTY,OC,10000000.0,2021-04-06,2630,9
BHARATIYA JANATA PARTY,OC,10000000.0,2021-04-06,2630,9
BHARATIYA JANATA PARTY,OC,10000000.0,2021-04-06,2630,9
BHARATIYA JANATA PARTY,OC,10000000.0,2021-04-06,2630,9
BHARATIYA JANATA PARTY,OC,10000000.0,2021-04-06,2630,9
BHARATIYA JANATA PARTY,OC,10000000.0,2021-04-06,2630,9
BHARATIYA JANATA PARTY,OC,10000000.0,2021-04-06,2630,9
BHARATIYA JANATA PARTY,OC,10000000.0,2021-04-06,734,9
BHARATIYA JANATA PARTY,OC,10000000.0,2021-04-06,734,9
BHARATIYA JANATA PARTY,OC,10000000.0,2021-04-06,734,9
BHARATIYA JANATA PARTY,OC,10000000.0,2021-04-06,734,9
BHARATIYA JANATA PARTY,OC,10000000.0,2021-04-06,734,9
BHARATIYA JANATA PARTY,OC,10000000.0,2021-04-06,734,9
BHARATIYA JANATA PARTY,OC,10000000.0,2021-04-06,734,9
BHARATIYA JANATA PARTY,OC,10000000.0,2021-04-06,734,9
BHARATIYA JANATA PARTY,OC,10000000.0,2021-04-06,734,9
BHARATIYA JANATA PARTY,OC,10000000.0,2021-04-06,734,9
BHARATIYA JANATA PARTY,OC,10000000.0,2021-04-06,734,9
BHARATIYA JANATA PARTY,OC,10000000.0,2021-04-06,734,9
BHARATIYA JANATA PARTY,OC,10000000.0,2021-04-06,734,9
BHARATIYA JANATA PARTY,OC,10000000.0,2021-04-06,734,9
BHARATIYA JANATA PARTY,OC,10000000.0,2021-04-06,734,9
BHARATIYA JANATA PARTY,OC,10000000.0,2021-04-06,734,9
BHARATIYA JANATA PARTY,OC,10000000.0,2021-04-06,734,9
BHARATIYA JANATA PARTY,OC,10000000.0,2021-04-06,734,9
BHARATIYA JANATA PARTY,OC,10000000.0,2021-04-06,734,9
BHARATIYA JANATA PARTY,OC,10000000.0,2021-04-06,734,9
BHARATIYA JANATA PARTY,OC,10000000.0,2021-04-06,734,9
BHARATIYA JANATA PARTY,OC,10000000.0,2021-04-06,734,9
BHARATIYA JANATA PARTY,OC,10000000.0,2021-04-06,734,9
BHARATIYA JANATA PARTY,OC,10000000.0,2021-04-06,734,9
BHARATIYA JANATA PARTY,OC,10000000.0,2021-04-06,734,9
BHARATIYA JANATA PARTY,OC,10000000.0,2021-04-06,734,9
BHARATIYA JANATA PARTY,OC,10000000.0,2021-04-06,734,9
BHARATIYA JANATA PARTY,OC,10000000.0,2021-04-06,734,9
BHARATIYA JANATA PARTY,OC,10000000.0,2021-04-06,734,9
BHARATIYA JANATA PARTY,OC,10000000.0,2021-04-06,734,9
BHARATIYA JANATA PARTY,OC,10000000.0,2021-04-06,734,9
BHARATIYA JANATA PARTY,OC,10000000.0,2021-04-06,734,9
BHARATIYA JANATA PARTY,OC,10000000.0,2021-04-06,734,9
BHARATIYA JANATA PARTY,TL,1000000.0,2021-04-05,2765,9
BHARATIYA JANATA PARTY,TL,1000000.0,2021-04-05,2765,9
BHARATIYA JANATA PARTY,TL,1000000.0,2021-04-05,2765,9
BHARATIYA JANATA PARTY,TL,1000000.0,2021-04-05,2765,9
BHARATIYA JANATA PARTY,TL,1000000.0,2021-04-05,2765,9
BHARATIYA JANATA PARTY,OC,10000000.0,2021-04-06,109,9
BHARATIYA JANATA PARTY,OC,10000000.0,2021-04-06,109,9
BHARATIYA JANATA PARTY,OC,10000000.0,2021-04-07,1425,9
BHARATIYA JANATA PARTY,OC,10000000.0,2021-04-07,1425,9
BHARATIYA JANATA PARTY,OC,10000000.0,2021-04-07,1950,9
BHARATIYA JANATA PARTY,OC,10000000.0,2021-04-07,1950,9
BHARATIYA JANATA PARTY,OC,10000000.0,2021-04-07,1950,9
BHARATIYA JANATA PARTY,OC,10000000.0,2021-04-07,514,9
BHARATIYA JANATA PARTY,OC,10000000.0,2021-04-07,514,9
BHARATIYA JANATA PARTY,OC,10000000.0,2021-04-07,514,9
BHARATIYA JANATA PARTY,OC,10000000.0,2021-04-07,514,9
BHARATIYA JANATA PARTY,OC,10000000.0,2021-04-07,514,9
BHARATIYA JANATA PARTY,OC,10000000.0,2021-04-07,514,9
BHARATIYA JANATA PARTY,OC,10000000.0,2021-04-07,514,9
BHARATIYA JANATA PARTY,OC,10000000.0,2021-04-07,514,9
BHARATIYA JANATA PARTY,OC,10000000.0,2021-04-07,514,9
BHARATIYA JANATA PARTY,OC,10000000.0,2021-04-07,514,9
BHARATIYA JANATA PARTY,OC,10000000.0,2021-04-07,1792,9
BHARATIYA JANATA PARTY,OC,10000000.0,2021-04-07,1792,9
BHARATIYA JANATA PARTY,OC,10000000.0,2021-04-07,1792,9
BHARATIYA JANATA PARTY,OC,10000000.0,2021-04-07,1792,9
BHARATIYA JANATA PARTY,OC,10000000.0,2021-04-07,1792,9
BHARATIYA JANATA PARTY,OC,10000000.0,2021-04-07,2797,9
BHARATIYA JANATA PARTY,OC,10000000.0,2021-04-07,2797,9
BHARATIYA JANATA PARTY,OC,10000000.0,2021-04-07,2797,9
BHARATIYA JANATA PARTY,OC,10000000.0,2021-04-07,2797,9
BHARATIYA JANATA PARTY,OC,10000000.0,2021-04-07,2797,9
BHARATIYA JANATA PARTY,OC,10000000.0,2021-04-07,2797,9
BHARATIYA JANATA PARTY,OC,10000000.0,2021-04-07,2797,9
BHARATIYA JANATA PARTY,OC,10000000.0,2021-04-07,1241,9
BHARATIYA JANATA PARTY,OC,10000000.0,2021-04-07,1241,9
BHARATIYA JANATA PARTY,OC,10000000.0,2021-04-08,3699,9
BHARATIYA JANATA PARTY,OC,10000000.0,2021-04-08,3699,9
BHARATIYA JANATA PARTY,OC,10000000.0,2021-04-08,3699,9
BHARATIYA JANATA PARTY,OC,10000000.0,2021-04-08,3699,9
BHARATIYA JANATA PARTY,OC,10000000.0,2021-04-08,3699,9
BHARATIYA JANATA PARTY,OC,10000000.0,2021-04-08,3699,9
BHARATIYA JANATA PARTY,OC,10000000.0,2021-04-08,3699,9
BHARATIYA JANATA PARTY,OC,10000000.0,2021-04-08,3699,9
BHARATIYA JANATA PARTY,OC,10000000.0,2021-04-08,3699,9
BHARATIYA JANATA PARTY,OC,10000000.0,2021-04-08,3699,9
BHARATIYA JANATA PARTY,OC,10000000.0,2021-04-08,2630,9
BHARATIYA JANATA PARTY,OC,10000000.0,2021-04-08,2630,9
BHARATIYA JANATA PARTY,OC,10000000.0,2021-04-08,2630,9
BHARATIYA JANATA PARTY,OC,10000000.0,2021-04-08,2630,9
BHARATIYA JANATA PARTY,OC,10000000.0,2021-04-08,2630,9
BHARATIYA JANATA PARTY,OC,10000000.0,2021-04-08,2630,9
BHARATIYA JANATA PARTY,OC,10000000.0,2021-04-08,2630,9
BHARATIYA JANATA PARTY,OC,10000000.0,2021-04-08,2630,9
BHARATIYA JANATA PARTY,OC,10000000.0,2021-04-08,2630,9
BHARATIYA JANATA PARTY,OC,10000000.0,2021-04-08,2630,9
BHARATIYA JANATA PARTY,OC,10000000.0,2021-04-08,2630,9
BHARATIYA JANATA PARTY,OC,10000000.0,2021-04-08,2630,9
BHARATIYA JANATA PARTY,OC,10000000.0,2021-04-08,2630,9
BHARATIYA JANATA PARTY,OC,10000000.0,2021-04-08,2630,9
BHARATIYA JANATA PARTY,OC,10000000.0,2021-04-08,2630,9
BHARATIYA JANATA PARTY,OC,10000000.0,2021-04-08,2261,9
BHARATIYA JANATA PARTY,OC,10000000.0,2021-04-08,2261,9
BHARATIYA JANATA PARTY,OC,10000000.0,2021-04-08,2261,9
BHARATIYA JANATA PARTY,OC,10000000.0,2021-04-08,2261,9
BHARATIYA JANATA PARTY,OC,10000000.0,2021-04-08,2261,9
BHARATIYA JANATA PARTY,OC,10000000.0,2021-04-08,2261,9
BHARATIYA JANATA PARTY,OC,10000000.0,2021-04-08,2261,9
BHARATIYA JANATA PARTY,OC,10000000.0,2021-04-08,2261,9
BHARATIYA JANATA PARTY,OC,10000000.0,2021-04-08,2261,9
BHARATIYA JANATA PARTY,OC,10000000.0,2021-04-08,2261,9
BHARATIYA JANATA PARTY,OC,10000000.0,2021-04-09,3949,9
BHARATIYA JANATA PARTY,OC,10000000.0,2021-04-09,3949,9
BHARATIYA JANATA PARTY,OC,10000000.0,2021-04-06,1763,9
BHARATIYA JANATA PARTY,OC,10000000.0,2021-04-06,1763,9
BHARATIYA JANATA PARTY,OC,10000000.0,2021-04-06,1763,9
BHARATIYA JANATA PARTY,OC,10000000.0,2021-04-06,1763,9
BHARATIYA JANATA PARTY,OC,10000000.0,2021-04-06,1763,9
BHARATIYA JANATA PARTY,OC,10000000.0,2021-04-06,2158,9
BHARATIYA JANATA PARTY,OC,10000000.0,2021-04-06,2158,9
BHARATIYA JANATA PARTY,OC,10000000.0,2021-04-06,2158,9
BHARATIYA JANATA PARTY,OC,10000000.0,2021-04-06,2158,9
BHARATIYA JANATA PARTY,OC,10000000.0,2021-04-06,2158,9
BHARATIYA JANATA PARTY,OC,10000000.0,2021-04-07,2893,9
BHARATIYA JANATA PARTY,OC,10000000.0,2021-04-07,2893,9
BHARATIYA JANATA PARTY,OC,10000000.0,2021-04-07,2893,9
BHARATIYA JANATA PARTY,OC,10000000.0,2021-04-07,2893,9
BHARATIYA JANATA PARTY,OC,10000000.0,2021-04-07,2893,9
BHARATIYA JANATA PARTY,OC,10000000.0,2021-04-07,2893,9
BHARATIYA JANATA PARTY,OC,10000000.0,2021-04-07,2893,9
BHARATIYA JANATA PARTY,OC,10000000.0,2021-04-07,2893,9
BHARATIYA JANATA PARTY,OC,10000000.0,2021-04-07,2893,9
BHARATIYA JANATA PARTY,OC,10000000.0,2021-04-07,2893,9
BHARATIYA JANATA PARTY,OC,10000000.0,2021-04-07,2893,9
BHARATIYA JANATA PARTY,OC,10000000.0,2021-04-07,2893,9
BHARATIYA JANATA PARTY,OC,10000000.0,2021-04-07,2893,9
BHARATIYA JANATA PARTY,OC,10000000.0,2021-04-07,2893,9
BHARATIYA JANATA PARTY,OC,10000000.0,2021-04-07,2893,9
BHARATIYA JANATA PARTY,OC,10000000.0,2021-04-07,2893,9
BHARATIYA JANATA PARTY,OC,10000000.0,2021-04-07,2893,9
BHARATIYA JANATA PARTY,OC,10000000.0,2021-04-07,2893,9
BHARATIYA JANATA PARTY,OC,10000000.0,2021-04-07,2893,9
BHARATIYA JANATA PARTY,OC,10000000.0,2021-04-07,2893,9
BHARATIYA JANATA PARTY,OC,10000000.0,2021-04-07,2893,9
BHARATIYA JANATA PARTY,OC,10000000.0,2021-04-07,2893,9
BHARATIYA JANATA PARTY,OC,10000000.0,2021-04-07,2893,9
BHARATIYA JANATA PARTY,OC,10000000.0,2021-04-07,2893,9
BHARATIYA JANATA PARTY,OC,10000000.0,2021-04-07,2893,9
BHARATIYA JANATA PARTY,OC,10000000.0,2021-04-07,141,9
BHARATIYA JANATA PARTY,OC,10000000.0,2021-04-07,141,9
BHARATIYA JANATA PARTY,OC,10000000.0,2021-04-07,141,9
BHARATIYA JANATA PARTY,OC,10000000.0,2021-04-07,141,9
BHARATIYA JANATA PARTY,OC,10000000.0,2021-04-07,141,9
BHARATIYA JANATA PARTY,OC,10000000.0,2021-04-08,972,9
BHARATIYA JANATA PARTY,OC,10000000.0,2021-04-08,972,9
BHARATIYA JANATA PARTY,OC,10000000.0,2021-04-08,972,9
BHARATIYA JANATA PARTY,OC,10000000.0,2021-04-08,972,9
BHARATIYA JANATA PARTY,OC,10000000.0,2021-04-08,972,9
BHARATIYA JANATA PARTY,OC,10000000.0,2021-04-08,972,9
BHARATIYA JANATA PARTY,OC,10000000.0,2021-04-08,972,9
BHARATIYA JANATA PARTY,OC,10000000.0,2021-04-08,972,9
BHARATIYA JANATA PARTY,OC,10000000.0,2021-04-08,972,9
BHARATIYA JANATA PARTY,OC,10000000.0,2021-04-08,972,9
BHARATIYA JANATA PARTY,OC,10000000.0,2021-04-08,972,9
BHARATIYA JANATA PARTY,OC,10000000.0,2021-04-08,972,9
BHARATIYA JANATA PARTY,OC,10000000.0,2021-04-08,972,9
BHARATIYA JANATA PARTY,OC,10000000.0,2021-04-08,972,9
BHARATIYA JANATA PARTY,OC,10000000.0,2021-04-08,972,9
BHARATIYA JANATA PARTY,OC,10000000.0,2021-04-08,972,9
BHARATIYA JANATA PARTY,OC,10000000.0,2021-04-08,972,9
BHARATIYA JANATA PARTY,OC,10000000.0,2021-04-08,972,9
BHARATIYA JANATA PARTY,OC,10000000.0,2021-04-08,972,9
BHARATIYA JANATA PARTY,OC,10000000.0,2021-04-08,972,9
BHARATIYA JANATA PARTY,OC,10000000.0,2021-04-08,972,9
BHARATIYA JANATA PARTY,OC,10000000.0,2021-04-08,972,9
BHARATIYA JANATA PARTY,OC,10000000.0,2021-04-08,972,9
BHARATIYA JANATA PARTY,OC,10000000.0,2021-04-08,972,9
BHARATIYA JANATA PARTY,OC,10000000.0,2021-04-08,972,9
BHARATIYA JANATA PARTY,OC,10000000.0,2021-04-08,972,9
BHARATIYA JANATA PARTY,OC,10000000.0,2021-04-08,972,9
BHARATIYA JANATA PARTY,OC,10000000.0,2021-04-08,972,9
BHARATIYA JANATA PARTY,OC,10000000.0,2021-04-08,972,9
BHARATIYA JANATA PARTY,OC,10000000.0,2021-04-08,972,9
BHARATIYA JANATA PARTY,OC,10000000.0,2021-04-08,3919,9
BHARATIYA JANATA PARTY,OC,10000000.0,2021-04-08,3919,9
BHARATIYA JANATA PARTY,OC,10000000.0,2021-04-08,3919,9
BHARATIYA JANATA PARTY,OC,10000000.0,2021-04-08,3919,9
BHARATIYA JANATA PARTY,OC,10000000.0,2021-04-08,3919,9
BHARATIYA JANATA PARTY,OC,10000000.0,2021-04-08,3919,9
BHARATIYA JANATA PARTY,OC,10000000.0,2021-04-08,3919,9
BHARATIYA JANATA PARTY,OC,10000000.0,2021-04-08,3919,9
BHARATIYA JANATA PARTY,OC,10000000.0,2021-04-08,3919,9
BHARATIYA JANATA PARTY,OC,10000000.0,2021-04-08,3919,9
BHARATIYA JANATA PARTY,OC,10000000.0,2021-04-08,3919,9
BHARATIYA JANATA PARTY,OC,10000000.0,2021-04-08,3919,9
BHARATIYA JANATA PARTY,OC,10000000.0,2021-04-08,3919,9
BHARATIYA JANATA PARTY,OC,10000000.0,2021-04-08,3919,9
BHARATIYA JANATA PARTY,OC,10000000.0,2021-04-08,3919,9
BHARATIYA JANATA PARTY,OC,10000000.0,2021-04-08,3919,9
BHARATIYA JANATA PARTY,OC,10000000.0,2021-04-08,3919,9
BHARATIYA JANATA PARTY,OC,10000000.0,2021-04-08,3919,9
BHARATIYA JANATA PARTY,OC,10000000.0,2021-04-08,3919,9
BHARATIYA JANATA PARTY,OC,10000000.0,2021-04-08,3919,9
BHARATIYA JANATA PARTY,OC,10000000.0,2021-04-08,4087,9
BHARATIYA JANATA PARTY,OC,10000000.0,2021-04-08,4087,9
BHARATIYA JANATA PARTY,OC,10000000.0,2021-04-08,4087,9
BHARATIYA JANATA PARTY,OC,10000000.0,2021-04-08,4087,9
BHARATIYA JANATA PARTY,OC,10000000.0,2021-04-08,4087,9
BHARATIYA JANATA PARTY,OC,10000000.0,2021-04-08,4087,9
BHARATIYA JANATA PARTY,OC,10000000.0,2021-04-09,3043,9
BHARATIYA JANATA PARTY,OC,10000000.0,2021-04-09,3043,9
BHARATIYA JANATA PARTY,OC,10000000.0,2021-04-09,3043,9
BHARATIYA JANATA PARTY,OC,10000000.0,2021-04-09,3043,9
BHARATIYA JANATA PARTY,TL,1000000.0,2021-04-03,50,9
BHARATIYA JANATA PARTY,TL,1000000.0,2021-04-03,50,9
BHARATIYA JANATA PARTY,TL,1000000.0,2021-04-03,50,9
BHARATIYA JANATA PARTY,TL,1000000.0,2021-04-03,50,9
BHARATIYA JANATA PARTY,TL,1000000.0,2021-04-03,50,9
BHARATIYA JANATA PARTY,TL,1000000.0,2021-04-03,50,9
BHARATIYA JANATA PARTY,TL,1000000.0,2021-04-03,50,9
BHARATIYA JANATA PARTY,TL,1000000.0,2021-04-03,50,9
BHARATIYA JANATA PARTY,TL,1000000.0,2021-04-03,50,9
BHARATIYA JANATA PARTY,TL,1000000.0,2021-04-03,50,9
BHARATIYA JANATA PARTY,TL,1000000.0,2021-04-03,50,9
BHARATIYA JANATA PARTY,TL,1000000.0,2021-04-03,50,9
BHARATIYA JANATA PARTY,TL,1000000.0,2021-04-03,50,9
BHARATIYA JANATA PARTY,TL,1000000.0,2021-04-03,50,9
BHARATIYA JANATA PARTY,TL,1000000.0,2021-04-03,50,9
BHARATIYA JANATA PARTY,TL,1000000.0,2021-04-05,50,9
BHARATIYA JANATA PARTY,TL,1000000.0,2021-04-05,50,9
BHARATIYA JANATA PARTY,TL,1000000.0,2021-04-05,50,9
BHARATIYA JANATA PARTY,TL,1000000.0,2021-04-05,50,9
BHARATIYA JANATA PARTY,TL,1000000.0,2021-04-05,50,9
BHARATIYA JANATA PARTY,TL,1000000.0,2021-04-05,50,9
BHARATIYA JANATA PARTY,TL,1000000.0,2021-04-05,50,9
BHARATIYA JANATA PARTY,TL,1000000.0,2021-04-05,50,9
BHARATIYA JANATA PARTY,TL,1000000.0,2021-04-05,50,9
BHARATIYA JANATA PARTY,TL,1000000.0,2021-04-05,50,9
BHARATIYA JANATA PARTY,TL,1000000.0,2021-04-05,50,9
BHARATIYA JANATA PARTY,TL,1000000.0,2021-04-05,50,9
BHARATIYA JANATA PARTY,TL,1000000.0,2021-04-05,50,9
BHARATIYA JANATA PARTY,TL,1000000.0,2021-04-05,50,9
BHARATIYA JANATA PARTY,TL,1000000.0,2021-04-05,50,9
BHARATIYA JANATA PARTY,TL,1000000.0,2021-04-06,109,9
BHARATIYA JANATA PARTY,TL,1000000.0,2021-04-06,109,9
BHARATIYA JANATA PARTY,TL,1000000.0,2021-04-06,109,9
BHARATIYA JANATA PARTY,TL,1000000.0,2021-04-06,109,9
BHARATIYA JANATA PARTY,TL,1000000.0,2021-04-06,109,9
BHARATIYA JANATA PARTY,TL,1000000.0,2021-04-07,2797,9
BHARATIYA JANATA PARTY,TL,1000000.0,2021-04-07,2797,9
BHARATIYA JANATA PARTY,TL,1000000.0,2021-04-07,2797,9
BHARATIYA JANATA PARTY,TL,1000000.0,2021-04-07,2797,9
BHARATIYA JANATA PARTY,TL,1000000.0,2021-04-07,2797,9
BHARATIYA JANATA PARTY,TL,1000000.0,2021-04-07,1241,9
BHARATIYA JANATA PARTY,TL,1000000.0,2021-04-07,1241,9
BHARATIYA JANATA PARTY,TL,1000000.0,2021-04-07,1241,9
BHARATIYA JANATA PARTY,TL,1000000.0,2021-04-07,1241,9
BHARATIYA JANATA PARTY,TL,1000000.0,2021-04-07,1241,9
BHARATIYA JANATA PARTY,TL,1000000.0,2021-04-08,4087,9
BHARATIYA JANATA PARTY,TL,1000000.0,2021-04-08,4087,9
BHARATIYA JANATA PARTY,TL,1000000.0,2021-04-08,4087,9
BHARATIYA JANATA PARTY,TL,1000000.0,2021-04-08,4087,9
BHARATIYA JANATA PARTY,TL,1000000.0,2021-04-08,4087,9
BHARATIYA JANATA PARTY,TL,1000000.0,2021-04-09,3043,9
BHARATIYA JANATA PARTY,TL,1000000.0,2021-04-09,3043,9
BHARATIYA JANATA PARTY,TL,1000000.0,2021-04-09,3043,9
BHARATIYA JANATA PARTY,TL,1000000.0,2021-04-09,3043,9
BHARATIYA JANATA PARTY,TL,1000000.0,2021-04-09,3043,9
BHARATIYA JANATA PARTY,TL,1000000.0,2021-04-09,3043,9
BHARATIYA JANATA PARTY,TL,1000000.0,2021-04-09,3043,9
BHARATIYA JANATA PARTY,TL,1000000.0,2021-04-09,3043,9
BHARATIYA JANATA PARTY,TL,1000000.0,2021-04-09,3043,9
BHARATIYA JANATA PARTY,TL,1000000.0,2021-04-09,3043,9
BHARATIYA JANATA PARTY,OC,10000000.0,2021-04-08,2455,9
BHARATIYA JANATA PARTY,OC,10000000.0,2021-04-09,2455,9
BHARATIYA JANATA PARTY,OC,10000000.0,2021-04-09,2455,9
BHARATIYA JANATA PARTY,TL,1000000.0,2021-04-06,1591,9
BHARATIYA JANATA PARTY,TL,1000000.0,2021-04-06,1591,9
BHARATIYA JANATA PARTY,TL,1000000.0,2021-04-06,1591,9
BHARATIYA JANATA PARTY,TL,1000000.0,2021-04-06,1591,9
BHARATIYA JANATA PARTY,TL,1000000.0,2021-04-06,1591,9
BHARATIYA JANATA PARTY,TL,1000000.0,2021-04-06,1591,9
BHARATIYA JANATA PARTY,TL,1000000.0,2021-04-06,1591,9
BHARATIYA JANATA PARTY,TL,1000000.0,2021-04-06,1591,9
BHARATIYA JANATA PARTY,TL,1000000.0,2021-04-06,1591,9
BHARATIYA JANATA PARTY,TL,1000000.0,2021-04-06,1591,9
BHARATIYA JANATA PARTY,OC,10000000.0,2021-07-06,669,10
BHARATIYA JANATA PARTY,OC,10000000.0,2021-07-06,669,10
BHARATIYA JANATA PARTY,OC,10000000.0,2021-07-06,669,10
BHARATIYA JANATA PARTY,OC,10000000.0,2021-07-06,669,10
BHARATIYA JANATA PARTY,OC,10000000.0,2021-07-06,669,10
BHARATIYA JANATA PARTY,OC,10000000.0,2021-07-06,669,10
BHARATIYA JANATA PARTY,OC,10000000.0,2021-07-06,669,10
BHARATIYA JANATA PARTY,OC,10000000.0,2021-07-06,669,10
BHARATIYA JANATA PARTY,OC,10000000.0,2021-07-06,669,10
BHARATIYA JANATA PARTY,OC,10000000.0,2021-07-06,669,10
BHARATIYA JANATA PARTY,TL,1000000.0,2021-07-08,1150,10
BHARATIYA JANATA PARTY,TL,1000000.0,2021-07-08,1150,10
BHARATIYA JANATA PARTY,TL,1000000.0,2021-07-08,1150,10
BHARATIYA JANATA PARTY,TL,1000000.0,2021-07-08,1150,10
BHARATIYA JANATA PARTY,TL,1000000.0,2021-07-08,1150,10
BHARATIYA JANATA PARTY,TL,1000000.0,2021-07-08,1150,10
BHARATIYA JANATA PARTY,TL,1000000.0,2021-07-08,1150,10
BHARATIYA JANATA PARTY,TL,1000000.0,2021-07-08,1150,10
BHARATIYA JANATA PARTY,TL,1000000.0,2021-07-08,1150,10
BHARATIYA JANATA PARTY,TL,1000000.0,2021-07-08,1150,10
BHARATIYA JANATA PARTY,TL,1000000.0,2021-07-08,1150,10
BHARATIYA JANATA PARTY,TL,1000000.0,2021-07-08,1150,10
BHARATIYA JANATA PARTY,TL,1000000.0,2021-07-08,1150,10
BHARATIYA JANATA PARTY,TL,1000000.0,2021-07-08,1150,10
BHARATIYA JANATA PARTY,TL,1000000.0,2021-07-08,1150,10
BHARATIYA JANATA PARTY,TL,1000000.0,2021-07-08,1150,10
BHARATIYA JANATA PARTY,TL,1000000.0,2021-07-08,1150,10
BHARATIYA JANATA PARTY,TL,1000000.0,2021-07-08,1150,10
BHARATIYA JANATA PARTY,TL,1000000.0,2021-07-08,1150,10
BHARATIYA JANATA PARTY,TL,1000000.0,2021-07-08,1150,10
BHARATIYA JANATA PARTY,TL,1000000.0,2021-07-08,1150,10
BHARATIYA JANATA PARTY,TL,1000000.0,2021-07-08,1150,10
BHARATIYA JANATA PARTY,TL,1000000.0,2021-07-08,1150,10
BHARATIYA JANATA PARTY,TL,1000000.0,2021-07-08,1150,10
BHARATIYA JANATA PARTY,TL,1000000.0,2021-07-08,1150,10
BHARATIYA JANATA PARTY,TL,1000000.0,2021-07-08,1150,10
BHARATIYA JANATA PARTY,TL,1000000.0,2021-07-08,1150,10
BHARATIYA JANATA PARTY,TL,1000000.0,2021-07-08,1150,10
BHARATIYA JANATA PARTY,TL,1000000.0,2021-07-08,1150,10
BHARATIYA JANATA PARTY,TL,1000000.0,2021-07-08,1150,10
BHARATIYA JANATA PARTY,TL,1000000.0,2021-07-08,1150,10
BHARATIYA JANATA PARTY,TL,1000000.0,2021-07-08,1150,10
BHARATIYA JANATA PARTY,TL,1000000.0,2021-07-08,1150,10
BHARATIYA JANATA PARTY,TL,1000000.0,2021-07-08,1150,10
BHARATIYA JANATA PARTY,TL,1000000.0,2021-07-08,1150,10
BHARATIYA JANATA PARTY,TL,1000000.0,2021-07-08,1150,10
BHARATIYA JANATA PARTY,TL,1000000.0,2021-07-08,1150,10
BHARATIYA JANATA PARTY,TL,1000000.0,2021-07-08,1150,10
BHARATIYA JANATA PARTY,TL,1000000.0,2021-07-08,1150,10
BHARATIYA JANATA PARTY,TL,1000000.0,2021-07-08,1150,10
BHARATIYA JANATA PARTY,TL,1000000.0,2021-07-08,1150,10
BHARATIYA JANATA PARTY,TL,1000000.0,2021-07-08,1150,10
BHARATIYA JANATA PARTY,TL,1000000.0,2021-07-08,1150,10
BHARATIYA JANATA PARTY,TL,1000000.0,2021-07-08,1150,10
BHARATIYA JANATA PARTY,TL,1000000.0,2021-07-08,1150,10
BHARATIYA JANATA PARTY,TL,1000000.0,2021-07-08,1150,10
BHARATIYA JANATA PARTY,TL,1000000.0,2021-07-08,1150,10
BHARATIYA JANATA PARTY,TL,1000000.0,2021-07-08,1150,10
BHARATIYA JANATA PARTY,TL,1000000.0,2021-07-08,1150,10
BHARATIYA JANATA PARTY,TL,1000000.0,2021-07-08,1150,10
BHARATIYA JANATA PARTY,OC,10000000.0,2021-07-07,2455,10
BHARATIYA JANATA PARTY,OC,10000000.0,2021-07-07,2455,10
BHARATIYA JANATA PARTY,OC,10000000.0,2021-07-07,2455,10
BHARATIYA JANATA PARTY,OC,10000000.0,2021-10-07,132,11
BHARATIYA JANATA PARTY,OC,10000000.0,2021-10-07,132,11
BHARATIYA JANATA PARTY,OC,10000000.0,2021-10-07,132,11
BHARATIYA JANATA PARTY,OC,10000000.0,2021-10-07,132,11
BHARATIYA JANATA PARTY,OC,10000000.0,2021-10-07,132,11
BHARATIYA JANATA PARTY,OC,10000000.0,2021-10-07,3183,11
BHARATIYA JANATA PARTY,OC,10000000.0,2021-10-07,3183,11
BHARATIYA JANATA PARTY,OC,10000000.0,2021-10-05,786,11
BHARATIYA JANATA PARTY,OC,10000000.0,2021-10-05,786,11
BHARATIYA JANATA PARTY,OC,10000000.0,2021-10-05,786,11
BHARATIYA JANATA PARTY,OC,10000000.0,2021-10-05,786,11
BHARATIYA JANATA PARTY,OC,10000000.0,2021-10-05,786,11
BHARATIYA JANATA PARTY,OC,10000000.0,2021-10-05,786,11
BHARATIYA JANATA PARTY,OC,10000000.0,2021-10-05,786,11
BHARATIYA JANATA PARTY,OC,10000000.0,2021-10-05,786,11
BHARATIYA JANATA PARTY,OC,10000000.0,2021-10-05,786,11
BHARATIYA JANATA PARTY,OC,10000000.0,2021-10-05,786,11
BHARATIYA JANATA PARTY,OC,10000000.0,2021-10-05,786,11
BHARATIYA JANATA PARTY,OC,10000000.0,2021-10-05,786,11
BHARATIYA JANATA PARTY,OC,10000000.0,2021-10-05,786,11
BHARATIYA JANATA PARTY,OC,10000000.0,2021-10-05,786,11
BHARATIYA JANATA PARTY,OC,10000000.0,2021-10-05,786,11
BHARATIYA JANATA PARTY,OC,10000000.0,2021-10-05,786,11
BHARATIYA JANATA PARTY,OC,10000000.0,2021-10-05,786,11
BHARATIYA JANATA PARTY,OC,10000000.0,2021-10-05,786,11
BHARATIYA JANATA PARTY,OC,10000000.0,2021-10-05,786,11
BHARATIYA JANATA PARTY,OC,10000000.0,2021-10-05,786,11
BHARATIYA JANATA PARTY,OC,10000000.0,2021-10-05,786,11
BHARATIYA JANATA PARTY,OC,10000000.0,2021-10-05,786,11
BHARATIYA JANATA PARTY,OC,10000000.0,2021-10-05,786,11
BHARATIYA JANATA PARTY,OC,10000000.0,2021-10-05,786,11
BHARATIYA JANATA PARTY,OC,10000000.0,2021-10-05,786,11
BHARATIYA JANATA PARTY,OC,10000000.0,2021-10-05,786,11
BHARATIYA JANATA PARTY,OC,10000000.0,2021-10-05,786,11
BHARATIYA JANATA PARTY,OC,10000000.0,2021-10-05,786,11
BHARATIYA JANATA PARTY,OC,10000000.0,2021-10-05,786,11
BHARATIYA JANATA PARTY,OC,10000000.0,2021-10-05,786,11
BHARATIYA JANATA PARTY,OC,10000000.0,2021-10-05,786,11
BHARATIYA JANATA PARTY,OC,10000000.0,2021-10-05,786,11
BHARATIYA JANATA PARTY,OC,10000000.0,2021-10-05,786,11
BHARATIYA JANATA PARTY,OC,10000000.0,2021-10-05,786,11
BHARATIYA JANATA PARTY,OC,10000000.0,2021-10-05,786,11
BHARATIYA JANATA PARTY,OC,10000000.0,2021-10-05,786,11
BHARATIYA JANATA PARTY,OC,10000000.0,2021-10-05,786,11
BHARATIYA JANATA PARTY,OC,10000000.0,2021-10-05,786,11
BHARATIYA JANATA PARTY,OC,10000000.0,2021-10-05,786,11
BHARATIYA JANATA PARTY,OC,10000000.0,2021-10-05,786,11
BHARATIYA JANATA PARTY,OC,10000000.0,2021-10-05,786,11
BHARATIYA JANATA PARTY,OC,10000000.0,2021-10-05,786,11
BHARATIYA JANATA PARTY,OC,10000000.0,2021-10-05,786,11
BHARATIYA JANATA PARTY,OC,10000000.0,2021-10-05,786,11
BHARATIYA JANATA PARTY,OC,10000000.0,2021-10-05,786,11
BHARATIYA JANATA PARTY,OC,10000000.0,2021-10-05,786,11
BHARATIYA JANATA PARTY,OC,10000000.0,2021-10-05,786,11
BHARATIYA JANATA PARTY,OC,10000000.0,2021-10-05,786,11
BHARATIYA JANATA PARTY,OC,10000000.0,2021-10-05,786,11
BHARATIYA JANATA PARTY,OC,10000000.0,2021-10-05,786,11
BHARATIYA JANATA PARTY,OC,10000000.0,2021-10-08,1150,11
BHARATIYA JANATA PARTY,OC,10000000.0,2021-10-08,1150,11
BHARATIYA JANATA PARTY,OC,10000000.0,2021-10-08,1150,11
BHARATIYA JANATA PARTY,OC,10000000.0,2021-10-08,1150,11
BHARATIYA JANATA PARTY,TL,1000000.0,2021-10-08,1150,11
BHARATIYA JANATA PARTY,TL,1000000.0,2021-10-08,1150,11
BHARATIYA JANATA PARTY,TL,1000000.0,2021-10-08,1150,11
BHARATIYA JANATA PARTY,TL,1000000.0,2021-10-08,1150,11
BHARATIYA JANATA PARTY,TL,1000000.0,2021-10-08,1150,11
BHARATIYA JANATA PARTY,TL,1000000.0,2021-10-08,1150,11
BHARATIYA JANATA PARTY,TL,1000000.0,2021-10-08,1150,11
BHARATIYA JANATA PARTY,TL,1000000.0,2021-10-08,1150,11
BHARATIYA JANATA PARTY,TL,1000000.0,2021-10-08,1150,11
BHARATIYA JANATA PARTY,TL,1000000.0,2021-10-08,1150,11
BHARATIYA JANATA PARTY,OC,10000000.0,2022-01-05,361,12
BHARATIYA JANATA PARTY,OC,10000000.0,2022-01-05,361,12
BHARATIYA JANATA PARTY,OC,10000000.0,2022-01-05,361,12
BHARATIYA JANATA PARTY,OC,10000000.0,2022-01-05,361,12
BHARATIYA JANATA PARTY,OC,10000000.0,2022-01-05,361,12
BHARATIYA JANATA PARTY,OC,10000000.0,2022-01-05,361,12
BHARATIYA JANATA PARTY,OC,10000000.0,2022-01-05,361,12
BHARATIYA JANATA PARTY,OC,10000000.0,2022-01-05,361,12
BHARATIYA JANATA PARTY,OC,10000000.0,2022-01-05,361,12
BHARATIYA JANATA PARTY,OC,10000000.0,2022-01-05,361,12
BHARATIYA JANATA PARTY,OC,10000000.0,2022-01-05,361,12
BHARATIYA JANATA PARTY,OC,10000000.0,2022-01-05,361,12
BHARATIYA JANATA PARTY,OC,10000000.0,2022-01-05,361,12
BHARATIYA JANATA PARTY,OC,10000000.0,2022-01-05,361,12
BHARATIYA JANATA PARTY,OC,10000000.0,2022-01-05,361,12
BHARATIYA JANATA PARTY,OC,10000000.0,2022-01-05,361,12
BHARATIYA JANATA PARTY,OC,10000000.0,2022-01-05,361,12
BHARATIYA JANATA PARTY,OC,10000000.0,2022-01-05,361,12
BHARATIYA JANATA PARTY,OC,10000000.0,2022-01-05,361,12
BHARATIYA JANATA PARTY,OC,10000000.0,2022-01-05,361,12
BHARATIYA JANATA PARTY,OC,10000000.0,2022-01-05,361,12
BHARATIYA JANATA PARTY,OC,10000000.0,2022-01-05,361,12
BHARATIYA JANATA PARTY,OC,10000000.0,2022-01-05,361,12
BHARATIYA JANATA PARTY,OC,10000000.0,2022-01-05,361,12
BHARATIYA JANATA PARTY,OC,10000000.0,2022-01-05,361,12
BHARATIYA JANATA PARTY,OC,10000000.0,2022-01-05,361,12
BHARATIYA JANATA PARTY,OC,10000000.0,2022-01-05,361,12
BHARATIYA JANATA PARTY,OC,10000000.0,2022-01-05,361,12
BHARATIYA JANATA PARTY,OC,10000000.0,2022-01-05,361,12
BHARATIYA JANATA PARTY,OC,10000000.0,2022-01-05,361,12
BHARATIYA JANATA PARTY,OC,10000000.0,2022-01-05,361,12
BHARATIYA JANATA PARTY,OC,10000000.0,2022-01-05,361,12
BHARATIYA JANATA PARTY,OC,10000000.0,2022-01-05,361,12
BHARATIYA JANATA PARTY,OC,10000000.0,2022-01-05,361,12
BHARATIYA JANATA PARTY,OC,10000000.0,2022-01-05,361,12
BHARATIYA JANATA PARTY,OC,10000000.0,2022-01-05,361,12
BHARATIYA JANATA PARTY,OC,10000000.0,2022-01-05,361,12
BHARATIYA JANATA PARTY,OC,10000000.0,2022-01-05,361,12
BHARATIYA JANATA PARTY,OC,10000000.0,2022-01-05,361,12
BHARATIYA JANATA PARTY,OC,10000000.0,2022-01-05,361,12
BHARATIYA JANATA PARTY,OC,10000000.0,2022-01-05,361,12
BHARATIYA JANATA PARTY,OC,10000000.0,2022-01-05,361,12
BHARATIYA JANATA PARTY,OC,10000000.0,2022-01-05,361,12
BHARATIYA JANATA PARTY,OC,10000000.0,2022-01-05,361,12
BHARATIYA JANATA PARTY,OC,10000000.0,2022-01-05,361,12
BHARATIYA JANATA PARTY,OC,10000000.0,2022-01-05,361,12
BHARATIYA JANATA PARTY,OC,10000000.0,2022-01-05,361,12
BHARATIYA JANATA PARTY,OC,10000000.0,2022-01-05,361,12
BHARATIYA JANATA PARTY,OC,10000000.0,2022-01-05,361,12
BHARATIYA JANATA PARTY,OC,10000000.0,2022-01-05,361,12
BHARATIYA JANATA PARTY,OC,10000000.0,2022-01-05,361,12
BHARATIYA JANATA PARTY,OC,10000000.0,2022-01-05,361,12
BHARATIYA JANATA PARTY,OC,10000000.0,2022-01-05,361,12
BHARATIYA JANATA PARTY,OC,10000000.0,2022-01-05,361,12
BHARATIYA JANATA PARTY,OC,10000000.0,2022-01-05,361,12
BHARATIYA JANATA PARTY,OC,10000000.0,2022-01-05,361,12
BHARATIYA JANATA PARTY,OC,10000000.0,2022-01-05,361,12
BHARATIYA JANATA PARTY,OC,10000000.0,2022-01-05,361,12
BHARATIYA JANATA PARTY,OC,10000000.0,2022-01-05,361,12
BHARATIYA JANATA PARTY,OC,10000000.0,2022-01-05,361,12
BHARATIYA JANATA PARTY,OC,10000000.0,2022-01-05,361,12
BHARATIYA JANATA PARTY,OC,10000000.0,2022-01-05,361,12
BHARATIYA JANATA PARTY,OC,10000000.0,2022-01-05,361,12
BHARATIYA JANATA PARTY,OC,10000000.0,2022-01-05,361,12
BHARATIYA JANATA PARTY,OC,10000000.0,2022-01-05,361,12
BHARATIYA JANATA PARTY,OC,10000000.0,2022-01-05,361,12
BHARATIYA JANATA PARTY,OC,10000000.0,2022-01-05,361,12
BHARATIYA JANATA PARTY,OC,10000000.0,2022-01-05,361,12
BHARATIYA JANATA PARTY,OC,10000000.0,2022-01-05,361,12
BHARATIYA JANATA PARTY,OC,10000000.0,2022-01-05,361,12
BHARATIYA JANATA PARTY,OC,10000000.0,2022-01-05,361,12
BHARATIYA JANATA PARTY,OC,10000000.0,2022-01-05,361,12
BHARATIYA JANATA PARTY,OC,10000000.0,2022-01-05,361,12
BHARATIYA JANATA PARTY,OC,10000000.0,2022-01-05,361,12
BHARATIYA JANATA PARTY,OC,10000000.0,2022-01-05,361,12
BHARATIYA JANATA PARTY,OC,10000000.0,2022-01-05,361,12
BHARATIYA JANATA PARTY,OC,10000000.0,2022-01-05,361,12
BHARATIYA JANATA PARTY,OC,10000000.0,2022-01-05,361,12
BHARATIYA JANATA PARTY,OC,10000000.0,2022-01-05,361,12
BHARATIYA JANATA PARTY,OC,10000000.0,2022-01-05,361,12
BHARATIYA JANATA PARTY,OC,10000000.0,2022-01-05,361,12
BHARATIYA JANATA PARTY,OC,10000000.0,2022-01-05,361,12
BHARATIYA JANATA PARTY,OC,10000000.0,2022-01-05,361,12
BHARATIYA JANATA PARTY,OC,10000000.0,2022-01-05,361,12
BHARATIYA JANATA PARTY,OC,10000000.0,2022-01-05,361,12
BHARATIYA JANATA PARTY,OC,10000000.0,2022-01-05,361,12
BHARATIYA JANATA PARTY,OC,10000000.0,2022-01-05,361,12
BHARATIYA JANATA PARTY,OC,10000000.0,2022-01-05,361,12
BHARATIYA JANATA PARTY,OC,10000000.0,2022-01-05,361,12
BHARATIYA JANATA PARTY,OC,10000000.0,2022-01-05,361,12
BHARATIYA JANATA PARTY,OC,10000000.0,2022-01-05,361,12
BHARATIYA JANATA PARTY,OC,10000000.0,2022-01-05,361,12
BHARATIYA JANATA PARTY,OC,10000000.0,2022-01-05,361,12
BHARATIYA JANATA PARTY,OC,10000000.0,2022-01-05,361,12
BHARATIYA JANATA PARTY,OC,10000000.0,2022-01-05,361,12
BHARATIYA JANATA PARTY,OC,10000000.0,2022-01-05,361,12
BHARATIYA JANATA PARTY,OC,10000000.0,2022-01-05,361,12
BHARATIYA JANATA PARTY,OC,10000000.0,2022-01-05,361,12
BHARATIYA JANATA PARTY,OC,10000000.0,2022-01-05,361,12
BHARATIYA JANATA PARTY,OC,10000000.0,2022-01-05,361,12
BHARATIYA JANATA PARTY,OC,10000000.0,2022-01-05,361,12
BHARATIYA JANATA PARTY,OC,10000000.0,2022-01-05,361,12
BHARATIYA JANATA PARTY,OC,10000000.0,2022-01-05,361,12
BHARATIYA JANATA PARTY,OC,10000000.0,2022-01-05,361,12
BHARATIYA JANATA PARTY,OC,10000000.0,2022-01-05,361,12
BHARATIYA JANATA PARTY,OC,10000000.0,2022-01-05,361,12
BHARATIYA JANATA PARTY,OC,10000000.0,2022-01-05,361,12
BHARATIYA JANATA PARTY,OC,10000000.0,2022-01-05,361,12
BHARATIYA JANATA PARTY,OC,10000000.0,2022-01-05,361,12
BHARATIYA JANATA PARTY,OC,10000000.0,2022-01-05,361,12
BHARATIYA JANATA PARTY,OC,10000000.0,2022-01-05,361,12
BHARATIYA JANATA PARTY,OC,10000000.0,2022-01-05,361,12
BHARATIYA JANATA PARTY,OC,10000000.0,2022-01-05,361,12
BHARATIYA JANATA PARTY,OC,10000000.0,2022-01-05,361,12
BHARATIYA JANATA PARTY,OC,10000000.0,2022-01-05,361,12
BHARATIYA JANATA PARTY,OC,10000000.0,2022-01-05,361,12
BHARATIYA JANATA PARTY,OC,10000000.0,2022-01-05,361,12
BHARATIYA JANATA PARTY,OC,10000000.0,2022-01-05,361,12
BHARATIYA JANATA PARTY,OC,10000000.0,2022-01-05,361,12
BHARATIYA JANATA PARTY,OC,10000000.0,2022-01-05,361,12
BHARATIYA JANATA PARTY,OC,10000000.0,2022-01-05,361,12
BHARATIYA JANATA PARTY,OC,10000000.0,2022-01-05,361,12
BHARATIYA JANATA PARTY,OC,10000000.0,2022-01-05,361,12
BHARATIYA JANATA PARTY,OC,10000000.0,2022-01-05,361,12
BHARATIYA JANATA PARTY,OC,10000000.0,2022-01-05,361,12
BHARATIYA JANATA PARTY,OC,10000000.0,2022-01-05,361,12
BHARATIYA JANATA PARTY,OC,10000000.0,2022-01-05,361,12
BHARATIYA JANATA PARTY,OC,10000000.0,2022-01-05,361,12
BHARATIYA JANATA PARTY,OC,10000000.0,2022-01-05,361,12
BHARATIYA JANATA PARTY,OC,10000000.0,2022-01-05,361,12
BHARATIYA JANATA PARTY,OC,10000000.0,2022-01-05,361,12
BHARATIYA JANATA PARTY,OC,10000000.0,2022-01-05,361,12
BHARATIYA JANATA PARTY,OC,10000000.0,2022-01-05,361,12
BHARATIYA JANATA PARTY,OC,10000000.0,2022-01-05,361,12
BHARATIYA JANATA PARTY,OC,10000000.0,2022-01-05,361,12
BHARATIYA JANATA PARTY,OC,10000000.0,2022-01-05,361,12
BHARATIYA JANATA PARTY,OC,10000000.0,2022-01-05,361,12
BHARATIYA JANATA PARTY,OC,10000000.0,2022-01-05,361,12
BHARATIYA JANATA PARTY,OC,10000000.0,2022-01-05,361,12
BHARATIYA JANATA PARTY,OC,10000000.0,2022-01-05,361,12
BHARATIYA JANATA PARTY,OC,10000000.0,2022-01-05,361,12
BHARATIYA JANATA PARTY,OC,10000000.0,2022-01-05,361,12
BHARATIYA JANATA PARTY,OC,10000000.0,2022-01-05,361,12
BHARATIYA JANATA PARTY,OC,10000000.0,2022-01-05,361,12
BHARATIYA JANATA PARTY,OC,10000000.0,2022-01-05,361,12
BHARATIYA JANATA PARTY,OC,10000000.0,2022-01-05,361,12
BHARATIYA JANATA PARTY,OC,10000000.0,2022-01-05,361,12
BHARATIYA JANATA PARTY,OC,10000000.0,2022-01-05,361,12
BHARATIYA JANATA PARTY,OC,10000000.0,2022-01-05,361,12
BHARATIYA JANATA PARTY,OC,10000000.0,2022-01-05,361,12
BHARATIYA JANATA PARTY,OC,10000000.0,2022-01-05,361,12
BHARATIYA JANATA PARTY,OC,10000000.0,2022-01-05,361,12
BHARATIYA JANATA PARTY,OC,10000000.0,2022-01-05,361,12
BHARATIYA JANATA PARTY,OC,10000000.0,2022-01-05,361,12
BHARATIYA JANATA PARTY,OC,10000000.0,2022-01-05,361,12
BHARATIYA JANATA PARTY,OC,10000000.0,2022-01-05,361,12
BHARATIYA JANATA PARTY,OC,10000000.0,2022-01-05,361,12
BHARATIYA JANATA PARTY,OC,10000000.0,2022-01-05,361,12
BHARATIYA JANATA PARTY,OC,10000000.0,2022-01-05,361,12
BHARATIYA JANATA PARTY,OC,10000000.0,2022-01-05,361,12
BHARATIYA JANATA PARTY,OC,10000000.0,2022-01-05,361,12
BHARATIYA JANATA PARTY,OC,10000000.0,2022-01-05,361,12
BHARATIYA JANATA PARTY,OC,10000000.0,2022-01-05,361,12
BHARATIYA JANATA PARTY,OC,10000000.0,2022-01-05,361,12
BHARATIYA JANATA PARTY,OC,10000000.0,2022-01-05,361,12
BHARATIYA JANATA PARTY,OC,10000000.0,2022-01-05,361,12
BHARATIYA JANATA PARTY,OC,10000000.0,2022-01-05,361,12
BHARATIYA JANATA PARTY,OC,10000000.0,2022-01-05,361,12
BHARATIYA JANATA PARTY,OC,10000000.0,2022-01-05,361,12
BHARATIYA JANATA PARTY,OC,10000000.0,2022-01-05,361,12
BHARATIYA JANATA PARTY,OC,10000000.0,2022-01-05,361,12
BHARATIYA JANATA PARTY,OC,10000000.0,2022-01-05,361,12
BHARATIYA JANATA PARTY,OC,10000000.0,2022-01-05,361,12
BHARATIYA JANATA PARTY,OC,10000000.0,2022-01-05,361,12
BHARATIYA JANATA PARTY,OC,10000000.0,2022-01-05,361,12
BHARATIYA JANATA PARTY,OC,10000000.0,2022-01-05,361,12
BHARATIYA JANATA PARTY,OC,10000000.0,2022-01-05,361,12
BHARATIYA JANATA PARTY,OC,10000000.0,2022-01-05,361,12
BHARATIYA JANATA PARTY,OC,10000000.0,2022-01-05,361,12
BHARATIYA JANATA PARTY,OC,10000000.0,2022-01-05,361,12
BHARATIYA JANATA PARTY,OC,10000000.0,2022-01-05,361,12
BHARATIYA JANATA PARTY,OC,10000000.0,2022-01-05,361,12
BHARATIYA JANATA PARTY,OC,10000000.0,2022-01-05,361,12
BHARATIYA JANATA PARTY,OC,10000000.0,2022-01-05,361,12
BHARATIYA JANATA PARTY,OC,10000000.0,2022-01-05,361,12
BHARATIYA JANATA PARTY,OC,10000000.0,2022-01-05,361,12
BHARATIYA JANATA PARTY,OC,10000000.0,2022-01-05,361,12
BHARATIYA JANATA PARTY,OC,10000000.0,2022-01-05,361,12
BHARATIYA JANATA PARTY,OC,10000000.0,2022-01-05,361,12
BHARATIYA JANATA PARTY,OC,10000000.0,2022-01-05,361,12
BHARATIYA JANATA PARTY,OC,10000000.0,2022-01-05,361,12
BHARATIYA JANATA PARTY,OC,10000000.0,2022-01-05,361,12
BHARATIYA JANATA PARTY,OC,10000000.0,2022-01-05,361,12
BHARATIYA JANATA PARTY,OC,10000000.0,2022-01-05,361,12
BHARATIYA JANATA PARTY,OC,10000000.0,2022-01-05,361,12
BHARATIYA JANATA PARTY,OC,10000000.0,2022-01-05,361,12
BHARATIYA JANATA PARTY,OC,10000000.0,2022-01-05,361,12
BHARATIYA JANATA PARTY,OC,10000000.0,2022-01-05,361,12
BHARATIYA JANATA PARTY,OC,10000000.0,2022-01-05,361,12
BHARATIYA JANATA PARTY,OC,10000000.0,2022-01-05,361,12
BHARATIYA JANATA PARTY,OC,10000000.0,2022-01-05,786,12
BHARATIYA JANATA PARTY,OC,10000000.0,2022-01-05,786,12
BHARATIYA JANATA PARTY,OC,10000000.0,2022-01-05,786,12
BHARATIYA JANATA PARTY,OC,10000000.0,2022-01-05,786,12
BHARATIYA JANATA PARTY,OC,10000000.0,2022-01-05,786,12
BHARATIYA JANATA PARTY,OC,10000000.0,2022-01-05,786,12
BHARATIYA JANATA PARTY,OC,10000000.0,2022-01-05,786,12
BHARATIYA JANATA PARTY,OC,10000000.0,2022-01-05,786,12
BHARATIYA JANATA PARTY,OC,10000000.0,2022-01-05,786,12
BHARATIYA JANATA PARTY,OC,10000000.0,2022-01-05,786,12
BHARATIYA JANATA PARTY,OC,10000000.0,2022-01-05,786,12
BHARATIYA JANATA PARTY,OC,10000000.0,2022-01-05,786,12
BHARATIYA JANATA PARTY,OC,10000000.0,2022-01-05,786,12
BHARATIYA JANATA PARTY,OC,10000000.0,2022-01-05,786,12
BHARATIYA JANATA PARTY,OC,10000000.0,2022-01-05,786,12
BHARATIYA JANATA PARTY,OC,10000000.0,2022-01-05,786,12
BHARATIYA JANATA PARTY,OC,10000000.0,2022-01-05,786,12
BHARATIYA JANATA PARTY,OC,10000000.0,2022-01-05,786,12
BHARATIYA JANATA PARTY,OC,10000000.0,2022-01-05,786,12
BHARATIYA JANATA PARTY,OC,10000000.0,2022-01-05,786,12
BHARATIYA JANATA PARTY,OC,10000000.0,2022-01-05,786,12
BHARATIYA JANATA PARTY,OC,10000000.0,2022-01-05,786,12
BHARATIYA JANATA PARTY,OC,10000000.0,2022-01-05,786,12
BHARATIYA JANATA PARTY,OC,10000000.0,2022-01-05,786,12
BHARATIYA JANATA PARTY,OC,10000000.0,2022-01-05,786,12
BHARATIYA JANATA PARTY,OC,10000000.0,2022-01-05,786,12
BHARATIYA JANATA PARTY,OC,10000000.0,2022-01-05,786,12
BHARATIYA JANATA PARTY,OC,10000000.0,2022-01-05,786,12
BHARATIYA JANATA PARTY,OC,10000000.0,2022-01-05,786,12
BHARATIYA JANATA PARTY,OC,10000000.0,2022-01-05,786,12
BHARATIYA JANATA PARTY,OC,10000000.0,2022-01-05,786,12
BHARATIYA JANATA PARTY,OC,10000000.0,2022-01-05,786,12
BHARATIYA JANATA PARTY,OC,10000000.0,2022-01-05,786,12
BHARATIYA JANATA PARTY,OC,10000000.0,2022-01-05,786,12
BHARATIYA JANATA PARTY,OC,10000000.0,2022-01-05,786,12
BHARATIYA JANATA PARTY,OC,10000000.0,2022-01-05,786,12
BHARATIYA JANATA PARTY,OC,10000000.0,2022-01-05,786,12
BHARATIYA JANATA PARTY,OC,10000000.0,2022-01-05,786,12
BHARATIYA JANATA PARTY,OC,10000000.0,2022-01-05,786,12
BHARATIYA JANATA PARTY,OC,10000000.0,2022-01-05,786,12
BHARATIYA JANATA PARTY,OC,10000000.0,2022-01-05,786,12
BHARATIYA JANATA PARTY,OC,10000000.0,2022-01-05,786,12
BHARATIYA JANATA PARTY,OC,10000000.0,2022-01-05,786,12
BHARATIYA JANATA PARTY,OC,10000000.0,2022-01-05,786,12
BHARATIYA JANATA PARTY,OC,10000000.0,2022-01-05,786,12
BHARATIYA JANATA PARTY,OC,10000000.0,2022-01-05,786,12
BHARATIYA JANATA PARTY,OC,10000000.0,2022-01-05,786,12
BHARATIYA JANATA PARTY,OC,10000000.0,2022-01-05,786,12
BHARATIYA JANATA PARTY,OC,10000000.0,2022-01-05,786,12
BHARATIYA JANATA PARTY,OC,10000000.0,2022-01-05,786,12
BHARATIYA JANATA PARTY,TL,1000000.0,2022-01-03,1630,12
BHARATIYA JANATA PARTY,TL,1000000.0,2022-01-03,1630,12
BHARATIYA JANATA PARTY,TL,1000000.0,2022-01-03,1630,12
BHARATIYA JANATA PARTY,TL,1000000.0,2022-01-03,1630,12
BHARATIYA JANATA PARTY,TL,1000000.0,2022-01-03,1630,12
BHARATIYA JANATA PARTY,TL,1000000.0,2022-01-03,3432,12
BHARATIYA JANATA PARTY,TL,1000000.0,2022-01-03,3432,12
BHARATIYA JANATA PARTY,TL,1000000.0,2022-01-03,3432,12
BHARATIYA JANATA PARTY,TL,1000000.0,2022-01-03,3432,12
BHARATIYA JANATA PARTY,TL,1000000.0,2022-01-03,3432,12
BHARATIYA JANATA PARTY,TL,1000000.0,2022-01-03,3432,12
BHARATIYA JANATA PARTY,TL,1000000.0,2022-01-03,3432,12
BHARATIYA JANATA PARTY,OL,100000.0,2022-01-03,3432,12
BHARATIYA JANATA PARTY,OL,100000.0,2022-01-03,3432,12
BHARATIYA JANATA PARTY,OL,100000.0,2022-01-03,3432,12
BHARATIYA JANATA PARTY,OL,100000.0,2022-01-03,3432,12
BHARATIYA JANATA PARTY,OL,100000.0,2022-01-03,3432,12
BHARATIYA JANATA PARTY,OC,10000000.0,2022-01-05,2160,12
BHARATIYA JANATA PARTY,OC,10000000.0,2022-01-05,2160,12
BHARATIYA JANATA PARTY,OC,10000000.0,2022-01-05,2160,12
BHARATIYA JANATA PARTY,OC,10000000.0,2022-01-05,2160,12
BHARATIYA JANATA PARTY,OC,10000000.0,2022-01-05,2160,12
BHARATIYA JANATA PARTY,OC,10000000.0,2022-01-05,2160,12
BHARATIYA JANATA PARTY,OC,10000000.0,2022-01-05,2160,12
BHARATIYA JANATA PARTY,OC,10000000.0,2022-01-05,2160,12
BHARATIYA JANATA PARTY,OC,10000000.0,2022-01-05,2160,12
BHARATIYA JANATA PARTY,OC,10000000.0,2022-01-05,2160,12
BHARATIYA JANATA PARTY,OC,10000000.0,2022-01-05,2160,12
BHARATIYA JANATA PARTY,OC,10000000.0,2022-01-05,2160,12
BHARATIYA JANATA PARTY,OC,10000000.0,2022-01-05,2160,12
BHARATIYA JANATA PARTY,OC,10000000.0,2022-01-05,2160,12
BHARATIYA JANATA PARTY,OC,10000000.0,2022-01-05,2160,12
BHARATIYA JANATA PARTY,OC,10000000.0,2022-01-05,2160,12
BHARATIYA JANATA PARTY,OC,10000000.0,2022-01-05,2160,12
BHARATIYA JANATA PARTY,OC,10000000.0,2022-01-05,2160,12
BHARATIYA JANATA PARTY,OC,10000000.0,2022-01-05,2160,12
BHARATIYA JANATA PARTY,OC,10000000.0,2022-01-05,2160,12
BHARATIYA JANATA PARTY,OC,10000000.0,2022-01-05,2160,12
BHARATIYA JANATA PARTY,OC,10000000.0,2022-01-05,2160,12
BHARATIYA JANATA PARTY,OC,10000000.0,2022-01-05,2160,12
BHARATIYA JANATA PARTY,OC,10000000.0,2022-01-05,2160,12
BHARATIYA JANATA PARTY,OC,10000000.0,2022-01-05,2160,12
BHARATIYA JANATA PARTY,OC,10000000.0,2022-01-03,1927,12
BHARATIYA JANATA PARTY,OC,10000000.0,2022-01-05,1286,12
BHARATIYA JANATA PARTY,OC,10000000.0,2022-01-05,1286,12
BHARATIYA JANATA PARTY,OC,10000000.0,2022-01-07,1219,12
BHARATIYA JANATA PARTY,OC,10000000.0,2022-01-07,1219,12
BHARATIYA JANATA PARTY,OC,10000000.0,2022-01-07,1219,12
BHARATIYA JANATA PARTY,OC,10000000.0,2022-01-07,1219,12
BHARATIYA JANATA PARTY,OC,10000000.0,2022-01-07,1219,12
BHARATIYA JANATA PARTY,OC,10000000.0,2022-01-07,1219,12
BHARATIYA JANATA PARTY,OC,10000000.0,2022-01-07,1219,12
BHARATIYA JANATA PARTY,OC,10000000.0,2022-01-07,1219,12
BHARATIYA JANATA PARTY,OC,10000000.0,2022-01-07,1219,12
BHARATIYA JANATA PARTY,OC,10000000.0,2022-01-07,1219,12
BHARATIYA JANATA PARTY,OC,10000000.0,2022-01-07,1219,12
BHARATIYA JANATA PARTY,OC,10000000.0,2022-01-07,1219,12
BHARATIYA JANATA PARTY,OC,10000000.0,2022-01-07,1219,12
BHARATIYA JANATA PARTY,OC,10000000.0,2022-01-07,1219,12
BHARATIYA JANATA PARTY,OC,10000000.0,2022-01-07,1219,12
BHARATIYA JANATA PARTY,OC,10000000.0,2022-01-07,1219,12
BHARATIYA JANATA PARTY,OC,10000000.0,2022-01-07,1219,12
BHARATIYA JANATA PARTY,OC,10000000.0,2022-01-07,1219,12
BHARATIYA JANATA PARTY,OC,10000000.0,2022-01-07,1219,12
BHARATIYA JANATA PARTY,OC,10000000.0,2022-01-07,1219,12
BHARATIYA JANATA PARTY,OC,10000000.0,2022-01-07,1219,12
BHARATIYA JANATA PARTY,OC,10000000.0,2022-01-07,1219,12
BHARATIYA JANATA PARTY,OC,10000000.0,2022-01-07,1219,12
BHARATIYA JANATA PARTY,OC,10000000.0,2022-01-07,1219,12
BHARATIYA JANATA PARTY,OC,10000000.0,2022-01-07,1219,12
BHARATIYA JANATA PARTY,OC,10000000.0,2022-01-07,1219,12
BHARATIYA JANATA PARTY,OC,10000000.0,2022-01-07,1219,12
BHARATIYA JANATA PARTY,OC,10000000.0,2022-01-07,1219,12
BHARATIYA JANATA PARTY,OC,10000000.0,2022-01-07,1219,12
BHARATIYA JANATA PARTY,OC,10000000.0,2022-01-07,1219,12
BHARATIYA JANATA PARTY,OC,10000000.0,2022-01-07,1219,12
BHARATIYA JANATA PARTY,OC,10000000.0,2022-01-07,1219,12
BHARATIYA JANATA PARTY,OC,10000000.0,2022-01-07,1219,12
BHARATIYA JANATA PARTY,OC,10000000.0,2022-01-07,1219,12
BHARATIYA JANATA PARTY,OC,10000000.0,2022-01-07,1219,12
BHARATIYA JANATA PARTY,OC,10000000.0,2022-01-07,1219,12
BHARATIYA JANATA PARTY,OC,10000000.0,2022-01-07,1219,12
BHARATIYA JANATA PARTY,OC,10000000.0,2022-01-07,1219,12
BHARATIYA JANATA PARTY,OC,10000000.0,2022-01-07,1219,12
BHARATIYA JANATA PARTY,OC,10000000.0,2022-01-07,1219,12
BHARATIYA JANATA PARTY,OC,10000000.0,2022-01-07,1927,12
BHARATIYA JANATA PARTY,OC,10000000.0,2022-01-07,1927,12
BHARATIYA JANATA PARTY,OC,10000000.0,2022-01-07,1927,12
BHARATIYA JANATA PARTY,OC,10000000.0,2022-01-07,1927,12
BHARATIYA JANATA PARTY,OC,10000000.0,2022-01-07,1927,12
BHARATIYA JANATA PARTY,OC,10000000.0,2022-01-07,1927,12
BHARATIYA JANATA PARTY,OC,10000000.0,2022-01-07,1927,12
BHARATIYA JANATA PARTY,OC,10000000.0,2022-01-07,3788,12
BHARATIYA JANATA PARTY,OC,10000000.0,2022-01-07,3788,12
BHARATIYA JANATA PARTY,OC,10000000.0,2022-01-07,3788,12
BHARATIYA JANATA PARTY,OC,10000000.0,2022-01-07,3788,12
BHARATIYA JANATA PARTY,OC,10000000.0,2022-01-07,3788,12
BHARATIYA JANATA PARTY,OC,10000000.0,2022-01-07,3788,12
BHARATIYA JANATA PARTY,OC,10000000.0,2022-01-07,3788,12
BHARATIYA JANATA PARTY,TL,1000000.0,2022-01-07,3394,12
BHARATIYA JANATA PARTY,TL,1000000.0,2022-01-07,3394,12
BHARATIYA JANATA PARTY,TL,1000000.0,2022-01-07,3394,12
BHARATIYA JANATA PARTY,TL,1000000.0,2022-01-07,3394,12
BHARATIYA JANATA PARTY,TL,1000000.0,2022-01-07,3394,12
BHARATIYA JANATA PARTY,TL,1000000.0,2022-01-07,3394,12
BHARATIYA JANATA PARTY,TL,1000000.0,2022-01-07,3394,12
BHARATIYA JANATA PARTY,TL,1000000.0,2022-01-05,1286,12
BHARATIYA JANATA PARTY,TL,1000000.0,2022-01-05,1286,12
BHARATIYA JANATA PARTY,TL,1000000.0,2022-01-05,1286,12
BHARATIYA JANATA PARTY,TL,1000000.0,2022-01-05,1286,12
BHARATIYA JANATA PARTY,TL,1000000.0,2022-01-05,1286,12
BHARATIYA JANATA PARTY,TL,1000000.0,2022-01-05,1286,12
BHARATIYA JANATA PARTY,TL,1000000.0,2022-01-05,1286,12
BHARATIYA JANATA PARTY,TL,1000000.0,2022-01-05,1286,12
BHARATIYA JANATA PARTY,TL,1000000.0,2022-01-05,1286,12
BHARATIYA JANATA PARTY,TL,1000000.0,2022-01-05,1286,12
BHARATIYA JANATA PARTY,TL,1000000.0,2022-01-07,1927,12
BHARATIYA JANATA PARTY,TL,1000000.0,2022-01-07,1927,12
BHARATIYA JANATA PARTY,TL,1000000.0,2022-01-07,1927,12
BHARATIYA JANATA PARTY,TL,1000000.0,2022-01-07,1927,12
BHARATIYA JANATA PARTY,TL,1000000.0,2022-01-07,1927,12
BHARATIYA JANATA PARTY,TL,1000000.0,2022-01-07,1927,12
BHARATIYA JANATA PARTY,TL,1000000.0,2022-01-07,1927,12
BHARATIYA JANATA PARTY,TL,1000000.0,2022-01-07,1927,12
BHARATIYA JANATA PARTY,TL,1000000.0,2022-01-07,1927,12
BHARATIYA JANATA PARTY,TL,1000000.0,2022-01-07,1927,12
BHARATIYA JANATA PARTY,TL,1000000.0,2022-01-07,1927,12
BHARATIYA JANATA PARTY,TL,1000000.0,2022-01-07,1927,12
BHARATIYA JANATA PARTY,TL,1000000.0,2022-01-07,1927,12
BHARATIYA JANATA PARTY,TL,1000000.0,2022-01-07,1927,12
BHARATIYA JANATA PARTY,TL,1000000.0,2022-01-07,1927,12
BHARATIYA JANATA PARTY,TL,1000000.0,2022-01-07,1927,12
BHARATIYA JANATA PARTY,TL,1000000.0,2022-01-07,1927,12
BHARATIYA JANATA PARTY,TL,1000000.0,2022-01-07,1927,12
BHARATIYA JANATA PARTY,TL,1000000.0,2022-01-07,1927,12
BHARATIYA JANATA PARTY,TL,1000000.0,2022-01-07,1927,12
BHARATIYA JANATA PARTY,TL,1000000.0,2022-01-07,1927,12
BHARATIYA JANATA PARTY,TL,1000000.0,2022-01-07,1927,12
BHARATIYA JANATA PARTY,TL,1000000.0,2022-01-07,1927,12
BHARATIYA JANATA PARTY,TL,1000000.0,2022-01-07,1927,12
BHARATIYA JANATA PARTY,TL,1000000.0,2022-01-07,1927,12
BHARATIYA JANATA PARTY,TL,1000000.0,2022-01-07,1927,12
BHARATIYA JANATA PARTY,TL,1000000.0,2022-01-07,1927,12
BHARATIYA JANATA PARTY,TL,1000000.0,2022-01-07,1927,12
BHARATIYA JANATA PARTY,TL,1000000.0,2022-01-07,1927,12
BHARATIYA JANATA PARTY,TL,1000000.0,2022-01-07,1927,12
BHARATIYA JANATA PARTY,TL,1000000.0,2022-01-07,1927,12
BHARATIYA JANATA PARTY,TL,1000000.0,2022-01-07,1927,12
BHARATIYA JANATA PARTY,TL,1000000.0,2022-01-07,1927,12
BHARATIYA JANATA PARTY,TL,1000000.0,2022-01-07,1927,12
BHARATIYA JANATA PARTY,TL,1000000.0,2022-01-07,1927,12
BHARATIYA JANATA PARTY,TL,1000000.0,2022-01-07,1927,12
BHARATIYA JANATA PARTY,TL,1000000.0,2022-01-07,1927,12
BHARATIYA JANATA PARTY,TL,1000000.0,2022-01-07,1927,12
BHARATIYA JANATA PARTY,TL,1000000.0,2022-01-07,1927,12
BHARATIYA JANATA PARTY,TL,1000000.0,2022-01-07,1927,12
BHARATIYA JANATA PARTY,TL,1000000.0,2022-01-07,1927,12
BHARATIYA JANATA PARTY,TL,1000000.0,2022-01-07,1927,12
BHARATIYA JANATA PARTY,TL,1000000.0,2022-01-07,1927,12
BHARATIYA JANATA PARTY,TL,1000000.0,2022-01-07,1927,12
BHARATIYA JANATA PARTY,TL,1000000.0,2022-01-07,1927,12
BHARATIYA JANATA PARTY,TL,1000000.0,2022-01-07,1927,12
BHARATIYA JANATA PARTY,TL,1000000.0,2022-01-07,1927,12
BHARATIYA JANATA PARTY,TL,1000000.0,2022-01-07,1927,12
BHARATIYA JANATA PARTY,TL,1000000.0,2022-01-07,1927,12
BHARATIYA JANATA PARTY,TL,1000000.0,2022-01-07,1927,12
BHARATIYA JANATA PARTY,TL,1000000.0,2022-01-07,1927,12
BHARATIYA JANATA PARTY,TL,1000000.0,2022-01-07,1927,12
BHARATIYA JANATA PARTY,TL,1000000.0,2022-01-07,1927,12
BHARATIYA JANATA PARTY,TL,1000000.0,2022-01-07,1927,12
BHARATIYA JANATA PARTY,TL,1000000.0,2022-01-07,1927,12
BHARATIYA JANATA PARTY,TL,1000000.0,2022-01-07,1927,12
BHARATIYA JANATA PARTY,TL,1000000.0,2022-01-07,1927,12
BHARATIYA JANATA PARTY,TL,1000000.0,2022-01-07,1927,12
BHARATIYA JANATA PARTY,TL,1000000.0,2022-01-07,1927,12
BHARATIYA JANATA PARTY,TL,1000000.0,2022-01-07,1927,12
BHARATIYA JANATA PARTY,TL,1000000.0,2022-01-07,1927,12
BHARATIYA JANATA PARTY,TL,1000000.0,2022-01-07,1927,12
BHARATIYA JANATA PARTY,TL,1000000.0,2022-01-07,1927,12
BHARATIYA JANATA PARTY,TL,1000000.0,2022-01-07,1927,12
BHARATIYA JANATA PARTY,TL,1000000.0,2022-01-07,1927,12
BHARATIYA JANATA PARTY,TL,1000000.0,2022-01-07,1927,12
BHARATIYA JANATA PARTY,TL,1000000.0,2022-01-07,1927,12
BHARATIYA JANATA PARTY,TL,1000000.0,2022-01-07,1927,12
BHARATIYA JANATA PARTY,TL,1000000.0,2022-01-07,1927,12
BHARATIYA JANATA PARTY,TL,1000000.0,2022-01-07,1927,12
BHARATIYA JANATA PARTY,TL,1000000.0,2022-01-07,1927,12
BHARATIYA JANATA PARTY,TL,1000000.0,2022-01-07,1927,12
BHARATIYA JANATA PARTY,TL,1000000.0,2022-01-07,1927,12
BHARATIYA JANATA PARTY,TL,1000000.0,2022-01-07,1927,12
BHARATIYA JANATA PARTY,TL,1000000.0,2022-01-07,1927,12
BHARATIYA JANATA PARTY,TL,1000000.0,2022-01-07,1927,12
BHARATIYA JANATA PARTY,TL,1000000.0,2022-01-07,1927,12
BHARATIYA JANATA PARTY,TL,1000000.0,2022-01-07,1927,12
BHARATIYA JANATA PARTY,TL,1000000.0,2022-01-07,1927,12
BHARATIYA JANATA PARTY,TL,1000000.0,2022-01-07,1927,12
BHARATIYA JANATA PARTY,TL,1000000.0,2022-01-07,1927,12
BHARATIYA JANATA PARTY,TL,1000000.0,2022-01-07,1927,12
BHARATIYA JANATA PARTY,TL,1000000.0,2022-01-07,1927,12
BHARATIYA JANATA PARTY,TL,1000000.0,2022-01-07,1927,12
BHARATIYA JANATA PARTY,TL,1000000.0,2022-01-07,1927,12
BHARATIYA JANATA PARTY,TL,1000000.0,2022-01-07,1927,12
BHARATIYA JANATA PARTY,TL,1000000.0,2022-01-07,1927,12
BHARATIYA JANATA PARTY,TL,1000000.0,2022-01-07,1927,12
BHARATIYA JANATA PARTY,TL,1000000.0,2022-01-07,1927,12
BHARATIYA JANATA PARTY,TL,1000000.0,2022-01-07,1927,12
BHARATIYA JANATA PARTY,TL,1000000.0,2022-01-07,1927,12
BHARATIYA JANATA PARTY,TL,1000000.0,2022-01-07,1927,12
BHARATIYA JANATA PARTY,TL,1000000.0,2022-01-07,1927,12
BHARATIYA JANATA PARTY,TL,1000000.0,2022-01-07,1927,12
BHARATIYA JANATA PARTY,TL,1000000.0,2022-01-07,1927,12
BHARATIYA JANATA PARTY,TL,1000000.0,2022-01-07,1927,12
BHARATIYA JANATA PARTY,TL,1000000.0,2022-01-07,1927,12
BHARATIYA JANATA PARTY,TL,1000000.0,2022-01-07,1927,12
BHARATIYA JANATA PARTY,TL,1000000.0,2022-01-07,1927,12
BHARATIYA JANATA PARTY,TL,1000000.0,2022-01-07,1927,12
BHARATIYA JANATA PARTY,OL,100000.0,2022-01-07,3394,12
BHARATIYA JANATA PARTY,OL,100000.0,2022-01-07,3394,12
BHARATIYA JANATA PARTY,OL,100000.0,2022-01-07,3394,12
BHARATIYA JANATA PARTY,OL,100000.0,2022-01-07,3394,12
BHARATIYA JANATA PARTY,OL,100000.0,2022-01-07,3394,12
BHARATIYA JANATA PARTY,OC,10000000.0,2022-01-07,1884,12
BHARATIYA JANATA PARTY,OC,10000000.0,2022-01-07,1884,12
BHARATIYA JANATA PARTY,OC,10000000.0,2022-01-10,4087,12
BHARATIYA JANATA PARTY,OC,10000000.0,2022-01-10,4087,12
BHARATIYA JANATA PARTY,OC,10000000.0,2022-01-10,4087,12
BHARATIYA JANATA PARTY,OC,10000000.0,2022-01-10,4087,12
BHARATIYA JANATA PARTY,OC,10000000.0,2022-01-10,4087,12
BHARATIYA JANATA PARTY,OC,10000000.0,2022-01-10,4087,12
BHARATIYA JANATA PARTY,OC,10000000.0,2022-01-10,4087,12
BHARATIYA JANATA PARTY,OC,10000000.0,2022-01-10,4087,12
BHARATIYA JANATA PARTY,OC,10000000.0,2022-01-10,4087,12
BHARATIYA JANATA PARTY,OC,10000000.0,2022-01-10,4087,12
BHARATIYA JANATA PARTY,OC,10000000.0,2022-01-10,1557,12
BHARATIYA JANATA PARTY,OC,10000000.0,2022-01-10,1557,12
BHARATIYA JANATA PARTY,OC,10000000.0,2022-01-10,1557,12
BHARATIYA JANATA PARTY,OC,10000000.0,2022-01-10,1557,12
BHARATIYA JANATA PARTY,OC,10000000.0,2022-01-10,1557,12
BHARATIYA JANATA PARTY,OC,10000000.0,2022-01-10,2176,12
BHARATIYA JANATA PARTY,OC,10000000.0,2022-01-10,2176,12
BHARATIYA JANATA PARTY,OC,10000000.0,2022-01-10,2176,12
BHARATIYA JANATA PARTY,OC,10000000.0,2022-01-10,2176,12
BHARATIYA JANATA PARTY,OC,10000000.0,2022-01-10,2176,12
BHARATIYA JANATA PARTY,OC,10000000.0,2022-01-10,1653,12
BHARATIYA JANATA PARTY,OC,10000000.0,2022-01-10,1653,12
BHARATIYA JANATA PARTY,OC,10000000.0,2022-01-10,1653,12
BHARATIYA JANATA PARTY,OC,10000000.0,2022-01-10,1653,12
BHARATIYA JANATA PARTY,OC,10000000.0,2022-01-10,1653,12
BHARATIYA JANATA PARTY,OC,10000000.0,2022-01-10,1653,12
BHARATIYA JANATA PARTY,OC,10000000.0,2022-01-10,1653,12
BHARATIYA JANATA PARTY,OC,10000000.0,2022-01-10,1653,12
BHARATIYA JANATA PARTY,OC,10000000.0,2022-01-10,1653,12
BHARATIYA JANATA PARTY,OC,10000000.0,2022-01-10,1653,12
BHARATIYA JANATA PARTY,OC,10000000.0,2022-01-10,1653,12
BHARATIYA JANATA PARTY,OC,10000000.0,2022-01-10,1653,12
BHARATIYA JANATA PARTY,OC,10000000.0,2022-01-10,1653,12
BHARATIYA JANATA PARTY,OC,10000000.0,2022-01-10,1653,12
BHARATIYA JANATA PARTY,OC,10000000.0,2022-01-10,1653,12
BHARATIYA JANATA PARTY,OC,10000000.0,2022-01-10,1653,12
BHARATIYA JANATA PARTY,OC,10000000.0,2022-01-10,1653,12
BHARATIYA JANATA PARTY,OC,10000000.0,2022-01-10,1653,12
BHARATIYA JANATA PARTY,OC,10000000.0,2022-01-10,1653,12
BHARATIYA JANATA PARTY,OC,10000000.0,2022-01-10,1653,12
BHARATIYA JANATA PARTY,OC,10000000.0,2022-01-10,1653,12
BHARATIYA JANATA PARTY,OC,10000000.0,2022-01-10,1653,12
BHARATIYA JANATA PARTY,OC,10000000.0,2022-01-10,1653,12
BHARATIYA JANATA PARTY,OC,10000000.0,2022-01-10,1653,12
BHARATIYA JANATA PARTY,OC,10000000.0,2022-01-10,1653,12
BHARATIYA JANATA PARTY,OC,10000000.0,2022-01-10,1653,12
BHARATIYA JANATA PARTY,OC,10000000.0,2022-01-10,1653,12
BHARATIYA JANATA PARTY,OC,10000000.0,2022-01-10,1653,12
BHARATIYA JANATA PARTY,OC,10000000.0,2022-01-10,1653,12
BHARATIYA JANATA PARTY,OC,10000000.0,2022-01-10,1653,12
BHARATIYA JANATA PARTY,OC,10000000.0,2022-01-10,1653,12
BHARATIYA JANATA PARTY,OC,10000000.0,2022-01-10,1653,12
BHARATIYA JANATA PARTY,OC,10000000.0,2022-01-10,1653,12
BHARATIYA JANATA PARTY,OC,10000000.0,2022-01-10,1653,12
BHARATIYA JANATA PARTY,OC,10000000.0,2022-01-10,1653,12
BHARATIYA JANATA PARTY,OC,10000000.0,2022-01-10,1653,12
BHARATIYA JANATA PARTY,OC,10000000.0,2022-01-10,1653,12
BHARATIYA JANATA PARTY,OC,10000000.0,2022-01-10,1653,12
BHARATIYA JANATA PARTY,OC,10000000.0,2022-01-10,1653,12
BHARATIYA JANATA PARTY,OC,10000000.0,2022-01-10,1653,12
BHARATIYA JANATA PARTY,OC,10000000.0,2022-01-10,1653,12
BHARATIYA JANATA PARTY,OC,10000000.0,2022-01-10,1653,12
BHARATIYA JANATA PARTY,OC,10000000.0,2022-01-10,1653,12
BHARATIYA JANATA PARTY,OC,10000000.0,2022-01-10,1653,12
BHARATIYA JANATA PARTY,OC,10000000.0,2022-01-10,1653,12
BHARATIYA JANATA PARTY,OC,10000000.0,2022-01-10,1653,12
BHARATIYA JANATA PARTY,OC,10000000.0,2022-01-10,1653,12
BHARATIYA JANATA PARTY,OC,10000000.0,2022-01-10,1653,12
BHARATIYA JANATA PARTY,OC,10000000.0,2022-01-10,1653,12
BHARATIYA JANATA PARTY,OC,10000000.0,2022-01-10,1653,12
BHARATIYA JANATA PARTY,OC,10000000.0,2022-01-10,1653,12
BHARATIYA JANATA PARTY,OC,10000000.0,2022-01-10,1653,12
BHARATIYA JANATA PARTY,OC,10000000.0,2022-01-10,1653,12
BHARATIYA JANATA PARTY,OC,10000000.0,2022-01-10,1653,12
BHARATIYA JANATA PARTY,OC,10000000.0,2022-01-10,1653,12
BHARATIYA JANATA PARTY,OC,10000000.0,2022-01-10,1653,12
BHARATIYA JANATA PARTY,OC,10000000.0,2022-01-10,1653,12
BHARATIYA JANATA PARTY,OC,10000000.0,2022-01-10,1653,12
BHARATIYA JANATA PARTY,OC,10000000.0,2022-01-10,1653,12
BHARATIYA JANATA PARTY,OC,10000000.0,2022-01-10,1653,12
BHARATIYA JANATA PARTY,OC,10000000.0,2022-01-10,1653,12
BHARATIYA JANATA PARTY,OC,10000000.0,2022-01-10,1653,12
BHARATIYA JANATA PARTY,OC,10000000.0,2022-01-10,1653,12
BHARATIYA JANATA PARTY,OC,10000000.0,2022-01-10,1653,12
BHARATIYA JANATA PARTY,OC,10000000.0,2022-01-10,1653,12
BHARATIYA JANATA PARTY,OC,10000000.0,2022-01-10,1653,12
BHARATIYA JANATA PARTY,OC,10000000.0,2022-01-10,1653,12
BHARATIYA JANATA PARTY,OC,10000000.0,2022-01-10,1653,12
BHARATIYA JANATA PARTY,OC,10000000.0,2022-01-10,1653,12
BHARATIYA JANATA PARTY,OC,10000000.0,2022-01-10,1653,12
BHARATIYA JANATA PARTY,OC,10000000.0,2022-01-10,1653,12
BHARATIYA JANATA PARTY,OC,10000000.0,2022-01-10,1653,12
BHARATIYA JANATA PARTY,OC,10000000.0,2022-01-10,1653,12
BHARATIYA JANATA PARTY,OC,10000000.0,2022-01-03,365,12
BHARATIYA JANATA PARTY,OC,10000000.0,2022-01-03,365,12
BHARATIYA JANATA PARTY,OC,10000000.0,2022-01-04,3210,12
BHARATIYA JANATA PARTY,OC,10000000.0,2022-01-04,3210,12
BHARATIYA JANATA PARTY,OC,10000000.0,2022-01-04,3210,12
BHARATIYA JANATA PARTY,OC,10000000.0,2022-01-04,3210,12
BHARATIYA JANATA PARTY,OC,10000000.0,2022-01-04,3210,12
BHARATIYA JANATA PARTY,OC,10000000.0,2022-01-06,3949,12
BHARATIYA JANATA PARTY,OC,10000000.0,2022-01-06,3949,12
BHARATIYA JANATA PARTY,OC,10000000.0,2022-01-06,3949,12
BHARATIYA JANATA PARTY,OC,10000000.0,2022-01-07,1874,12
BHARATIYA JANATA PARTY,OC,10000000.0,2022-01-07,1874,12
BHARATIYA JANATA PARTY,OC,10000000.0,2022-01-07,1874,12
BHARATIYA JANATA PARTY,OC,10000000.0,2022-01-07,1874,12
BHARATIYA JANATA PARTY,OC,10000000.0,2022-01-07,1874,12
BHARATIYA JANATA PARTY,OC,10000000.0,2022-01-07,1874,12
BHARATIYA JANATA PARTY,OC,10000000.0,2022-01-07,1874,12
BHARATIYA JANATA PARTY,OC,10000000.0,2022-01-07,1874,12
BHARATIYA JANATA PARTY,OC,10000000.0,2022-01-07,1874,12
BHARATIYA JANATA PARTY,OC,10000000.0,2022-01-07,1874,12
BHARATIYA JANATA PARTY,OC,10000000.0,2022-01-07,1874,12
BHARATIYA JANATA PARTY,OC,10000000.0,2022-01-07,1874,12
BHARATIYA JANATA PARTY,OC,10000000.0,2022-01-07,1874,12
BHARATIYA JANATA PARTY,OC,10000000.0,2022-01-07,1874,12
BHARATIYA JANATA PARTY,OC,10000000.0,2022-01-07,1874,12
BHARATIYA JANATA PARTY,OC,10000000.0,2022-01-07,1972,12
BHARATIYA JANATA PARTY,OC,10000000.0,2022-01-07,1972,12
BHARATIYA JANATA PARTY,OC,10000000.0,2022-01-07,1972,12
BHARATIYA JANATA PARTY,OC,10000000.0,2022-01-07,1972,12
BHARATIYA JANATA PARTY,OC,10000000.0,2022-01-07,1972,12
BHARATIYA JANATA PARTY,OC,10000000.0,2022-01-07,1972,12
BHARATIYA JANATA PARTY,OC,10000000.0,2022-01-07,1972,12
BHARATIYA JANATA PARTY,OC,10000000.0,2022-01-07,1972,12
BHARATIYA JANATA PARTY,OC,10000000.0,2022-01-07,1972,12
BHARATIYA JANATA PARTY,OC,10000000.0,2022-01-07,979,12
BHARATIYA JANATA PARTY,OC,10000000.0,2022-01-07,979,12
BHARATIYA JANATA PARTY,OC,10000000.0,2022-01-07,979,12
BHARATIYA JANATA PARTY,OC,10000000.0,2022-01-07,979,12
BHARATIYA JANATA PARTY,OC,10000000.0,2022-01-07,979,12
BHARATIYA JANATA PARTY,OC,10000000.0,2022-01-07,3362,12
BHARATIYA JANATA PARTY,OC,10000000.0,2022-01-07,3362,12
BHARATIYA JANATA PARTY,OC,10000000.0,2022-01-07,1763,12
BHARATIYA JANATA PARTY,OC,10000000.0,2022-01-07,1763,12
BHARATIYA JANATA PARTY,OC,10000000.0,2022-01-07,1763,12
BHARATIYA JANATA PARTY,OC,10000000.0,2022-01-10,3328,12
BHARATIYA JANATA PARTY,OC,10000000.0,2022-01-10,3328,12
BHARATIYA JANATA PARTY,OC,10000000.0,2022-01-10,3328,12
BHARATIYA JANATA PARTY,OC,10000000.0,2022-01-10,3328,12
BHARATIYA JANATA PARTY,OC,10000000.0,2022-01-10,3328,12
BHARATIYA JANATA PARTY,OC,10000000.0,2022-01-10,3328,12
BHARATIYA JANATA PARTY,OC,10000000.0,2022-01-10,3328,12
BHARATIYA JANATA PARTY,OC,10000000.0,2022-01-10,3328,12
BHARATIYA JANATA PARTY,OC,10000000.0,2022-01-10,3328,12
BHARATIYA JANATA PARTY,OC,10000000.0,2022-01-10,3328,12
BHARATIYA JANATA PARTY,OC,10000000.0,2022-01-10,3328,12
BHARATIYA JANATA PARTY,OC,10000000.0,2022-01-10,3328,12
BHARATIYA JANATA PARTY,OC,10000000.0,2022-01-10,3328,12
BHARATIYA JANATA PARTY,OC,10000000.0,2022-01-10,3328,12
BHARATIYA JANATA PARTY,OC,10000000.0,2022-01-10,3328,12
BHARATIYA JANATA PARTY,OC,10000000.0,2022-01-10,4129,12
BHARATIYA JANATA PARTY,OC,10000000.0,2022-01-10,3927,12
BHARATIYA JANATA PARTY,OC,10000000.0,2022-01-10,74,12
BHARATIYA JANATA PARTY,OC,10000000.0,2022-01-10,74,12
BHARATIYA JANATA PARTY,OC,10000000.0,2022-01-10,74,12
BHARATIYA JANATA PARTY,OC,10000000.0,2022-01-10,74,12
BHARATIYA JANATA PARTY,OC,10000000.0,2022-01-10,74,12
BHARATIYA JANATA PARTY,OC,10000000.0,2022-01-10,190,12
BHARATIYA JANATA PARTY,OC,10000000.0,2022-01-10,2765,12
BHARATIYA JANATA PARTY,OC,10000000.0,2022-01-10,2765,12
BHARATIYA JANATA PARTY,OC,10000000.0,2022-01-10,341,12
BHARATIYA JANATA PARTY,OC,10000000.0,2022-01-10,341,12
BHARATIYA JANATA PARTY,OC,10000000.0,2022-01-10,341,12
BHARATIYA JANATA PARTY,OC,10000000.0,2022-01-10,341,12
BHARATIYA JANATA PARTY,OC,10000000.0,2022-01-10,2356,12
BHARATIYA JANATA PARTY,OC,10000000.0,2022-01-10,2356,12
BHARATIYA JANATA PARTY,OC,10000000.0,2022-01-10,2356,12
BHARATIYA JANATA PARTY,OC,10000000.0,2022-01-10,2356,12
BHARATIYA JANATA PARTY,OC,10000000.0,2022-01-10,65,12
BHARATIYA JANATA PARTY,OC,10000000.0,2022-01-10,65,12
BHARATIYA JANATA PARTY,TL,1000000.0,2022-01-07,1884,12
BHARATIYA JANATA PARTY,TL,1000000.0,2022-01-07,1884,12
BHARATIYA JANATA PARTY,TL,1000000.0,2022-01-07,1884,12
BHARATIYA JANATA PARTY,TL,1000000.0,2022-01-07,1884,12
BHARATIYA JANATA PARTY,TL,1000000.0,2022-01-07,1884,12
BHARATIYA JANATA PARTY,TL,1000000.0,2022-01-10,190,12
BHARATIYA JANATA PARTY,TL,1000000.0,2022-01-10,190,12
BHARATIYA JANATA PARTY,TL,1000000.0,2022-01-10,190,12
BHARATIYA JANATA PARTY,TL,1000000.0,2022-01-10,190,12
BHARATIYA JANATA PARTY,TL,1000000.0,2022-01-10,190,12
BHARATIYA JANATA PARTY,TL,1000000.0,2022-01-10,190,12
BHARATIYA JANATA PARTY,TL,1000000.0,2022-01-10,190,12
BHARATIYA JANATA PARTY,TL,1000000.0,2022-01-10,190,12
BHARATIYA JANATA PARTY,TL,1000000.0,2022-01-10,190,12
BHARATIYA JANATA PARTY,TL,1000000.0,2022-01-10,190,12
BHARATIYA JANATA PARTY,OC,10000000.0,2022-01-10,1847,12
BHARATIYA JANATA PARTY,OC,10000000.0,2022-01-10,1847,12
BHARATIYA JANATA PARTY,OC,10000000.0,2022-01-10,1847,12
BHARATIYA JANATA PARTY,OC,10000000.0,2022-01-10,1847,12
BHARATIYA JANATA PARTY,OC,10000000.0,2022-01-10,1847,12
BHARATIYA JANATA PARTY,OC,10000000.0,2022-01-10,1847,12
BHARATIYA JANATA PARTY,OC,10000000.0,2022-01-10,1847,12
BHARATIYA JANATA PARTY,OC,10000000.0,2022-01-10,1847,12
BHARATIYA JANATA PARTY,OC,10000000.0,2022-01-10,1847,12
BHARATIYA JANATA PARTY,OC,10000000.0,2022-01-10,1847,12
BHARATIYA JANATA PARTY,OC,10000000.0,2022-01-10,1847,12
BHARATIYA JANATA PARTY,OC,10000000.0,2022-01-10,1847,12
BHARATIYA JANATA PARTY,OC,10000000.0,2022-01-10,1847,12
BHARATIYA JANATA PARTY,OC,10000000.0,2022-01-10,1847,12
BHARATIYA JANATA PARTY,OC,10000000.0,2022-01-10,1847,12
BHARATIYA JANATA PARTY,OC,10000000.0,2022-01-10,1847,12
BHARATIYA JANATA PARTY,OC,10000000.0,2022-01-10,1847,12
BHARATIYA JANATA PARTY,OC,10000000.0,2022-01-10,1847,12
BHARATIYA JANATA PARTY,OC,10000000.0,2022-01-10,1847,12
BHARATIYA JANATA PARTY,OC,10000000.0,2022-01-10,1847,12
BHARATIYA JANATA PARTY,OC,10000000.0,2022-01-10,1847,12
BHARATIYA JANATA PARTY,OC,10000000.0,2022-01-10,1847,12
BHARATIYA JANATA PARTY,OC,10000000.0,2022-01-10,1847,12
BHARATIYA JANATA PARTY,OC,10000000.0,2022-01-10,1847,12
BHARATIYA JANATA PARTY,OC,10000000.0,2022-01-10,1847,12
BHARATIYA JANATA PARTY,OC,10000000.0,2022-01-10,1847,12
BHARATIYA JANATA PARTY,OC,10000000.0,2022-01-10,1847,12
BHARATIYA JANATA PARTY,OC,10000000.0,2022-01-10,1847,12
BHARATIYA JANATA PARTY,OC,10000000.0,2022-01-10,1847,12
BHARATIYA JANATA PARTY,OC,10000000.0,2022-01-10,1847,12
BHARATIYA JANATA PARTY,OC,10000000.0,2022-01-05,937,12
BHARATIYA JANATA PARTY,OC,10000000.0,2022-01-07,3374,12
BHARATIYA JANATA PARTY,OC,10000000.0,2022-01-07,3374,12
BHARATIYA JANATA PARTY,OC,10000000.0,2022-01-10,783,12
BHARATIYA JANATA PARTY,OC,10000000.0,2022-01-10,783,12
BHARATIYA JANATA PARTY,OC,10000000.0,2022-01-10,783,12
BHARATIYA JANATA PARTY,OC,10000000.0,2022-01-10,783,12
BHARATIYA JANATA PARTY,OC,10000000.0,2022-01-10,783,12
BHARATIYA JANATA PARTY,OC,10000000.0,2022-01-10,783,12
BHARATIYA JANATA PARTY,OC,10000000.0,2022-01-10,783,12
BHARATIYA JANATA PARTY,OC,10000000.0,2022-01-10,783,12
BHARATIYA JANATA PARTY,OC,10000000.0,2022-01-10,783,12
BHARATIYA JANATA PARTY,OC,10000000.0,2022-01-10,783,12
BHARATIYA JANATA PARTY,OC,10000000.0,2022-01-10,2455,12
BHARATIYA JANATA PARTY,OC,10000000.0,2022-01-10,2455,12
BHARATIYA JANATA PARTY,OC,10000000.0,2022-01-10,2455,12
BHARATIYA JANATA PARTY,OC,10000000.0,2022-01-10,2248,12
BHARATIYA JANATA PARTY,OC,10000000.0,2022-01-10,2248,12
BHARATIYA JANATA PARTY,OC,10000000.0,2022-01-10,2248,12
BHARATIYA JANATA PARTY,OC,10000000.0,2022-01-10,2248,12
BHARATIYA JANATA PARTY,OC,10000000.0,2022-01-10,514,12
BHARATIYA JANATA PARTY,OC,10000000.0,2022-01-10,514,12
BHARATIYA JANATA PARTY,OC,10000000.0,2022-01-10,514,12
BHARATIYA JANATA PARTY,OC,10000000.0,2022-01-10,514,12
BHARATIYA JANATA PARTY,OC,10000000.0,2022-01-10,514,12
BHARATIYA JANATA PARTY,OC,10000000.0,2022-01-10,514,12
BHARATIYA JANATA PARTY,OC,10000000.0,2022-01-10,514,12
BHARATIYA JANATA PARTY,OC,10000000.0,2022-01-10,514,12
BHARATIYA JANATA PARTY,OC,10000000.0,2022-01-10,514,12
BHARATIYA JANATA PARTY,OC,10000000.0,2022-01-10,514,12
BHARATIYA JANATA PARTY,OC,10000000.0,2022-01-10,514,12
BHARATIYA JANATA PARTY,OC,10000000.0,2022-01-10,514,12
BHARATIYA JANATA PARTY,OC,10000000.0,2022-01-10,514,12
BHARATIYA JANATA PARTY,OC,10000000.0,2022-01-10,514,12
BHARATIYA JANATA PARTY,OC,10000000.0,2022-01-10,514,12
BHARATIYA JANATA PARTY,OC,10000000.0,2022-01-10,514,12
BHARATIYA JANATA PARTY,OC,10000000.0,2022-01-10,514,12
BHARATIYA JANATA PARTY,OC,10000000.0,2022-01-10,514,12
BHARATIYA JANATA PARTY,OC,10000000.0,2022-01-10,514,12
BHARATIYA JANATA PARTY,OC,10000000.0,2022-01-10,514,12
BHARATIYA JANATA PARTY,OC,10000000.0,2022-01-10,514,12
BHARATIYA JANATA PARTY,OC,10000000.0,2022-01-10,514,12
BHARATIYA JANATA PARTY,OC,10000000.0,2022-01-10,514,12
BHARATIYA JANATA PARTY,OC,10000000.0,2022-01-10,514,12
BHARATIYA JANATA PARTY,OC,10000000.0,2022-01-10,514,12
BHARATIYA JANATA PARTY,OC,10000000.0,2022-01-10,514,12
BHARATIYA JANATA PARTY,OC,10000000.0,2022-01-10,514,12
BHARATIYA JANATA PARTY,OC,10000000.0,2022-01-10,514,12
BHARATIYA JANATA PARTY,OC,10000000.0,2022-01-10,514,12
BHARATIYA JANATA PARTY,OC,10000000.0,2022-01-10,514,12
BHARATIYA JANATA PARTY,OC,10000000.0,2022-01-10,514,12
BHARATIYA JANATA PARTY,OC,10000000.0,2022-01-10,514,12
BHARATIYA JANATA PARTY,OC,10000000.0,2022-01-10,514,12
BHARATIYA JANATA PARTY,OC,10000000.0,2022-01-10,514,12
BHARATIYA JANATA PARTY,OC,10000000.0,2022-01-10,514,12
BHARATIYA JANATA PARTY,OC,10000000.0,2022-01-10,514,12
BHARATIYA JANATA PARTY,OC,10000000.0,2022-01-10,514,12
BHARATIYA JANATA PARTY,OC,10000000.0,2022-01-10,514,12
BHARATIYA JANATA PARTY,OC,10000000.0,2022-01-10,514,12
BHARATIYA JANATA PARTY,OC,10000000.0,2022-01-10,514,12
BHARATIYA JANATA PARTY,OC,10000000.0,2022-01-10,514,12
BHARATIYA JANATA PARTY,OC,10000000.0,2022-01-10,514,12
BHARATIYA JANATA PARTY,OC,10000000.0,2022-01-10,514,12
BHARATIYA JANATA PARTY,OC,10000000.0,2022-01-10,514,12
BHARATIYA JANATA PARTY,OC,10000000.0,2022-01-10,514,12
BHARATIYA JANATA PARTY,OC,10000000.0,2022-01-10,514,12
BHARATIYA JANATA PARTY,OC,10000000.0,2022-01-10,514,12
BHARATIYA JANATA PARTY,OC,10000000.0,2022-01-10,514,12
BHARATIYA JANATA PARTY,OC,10000000.0,2022-01-10,514,12
BHARATIYA JANATA PARTY,OC,10000000.0,2022-01-10,514,12
BHARATIYA JANATA PARTY,TL,1000000.0,2022-01-05,937,12
BHARATIYA JANATA PARTY,TL,1000000.0,2022-01-05,937,12
BHARATIYA JANATA PARTY,TL,1000000.0,2022-01-06,533,12
BHARATIYA JANATA PARTY,TL,1000000.0,2022-01-06,533,12
BHARATIYA JANATA PARTY,TL,1000000.0,2022-01-06,533,12
BHARATIYA JANATA PARTY,TL,1000000.0,2022-01-06,533,12
BHARATIYA JANATA PARTY,TL,1000000.0,2022-01-06,533,12
BHARATIYA JANATA PARTY,TL,1000000.0,2022-01-06,533,12
BHARATIYA JANATA PARTY,TL,1000000.0,2022-01-06,533,12
BHARATIYA JANATA PARTY,TL,1000000.0,2022-01-06,533,12
BHARATIYA JANATA PARTY,TL,1000000.0,2022-01-06,533,12
BHARATIYA JANATA PARTY,TL,1000000.0,2022-01-06,2602,12
BHARATIYA JANATA PARTY,TL,1000000.0,2022-01-06,2602,12
BHARATIYA JANATA PARTY,TL,1000000.0,2022-01-06,2602,12
BHARATIYA JANATA PARTY,TL,1000000.0,2022-01-06,2602,12
BHARATIYA JANATA PARTY,TL,1000000.0,2022-01-06,2602,12
BHARATIYA JANATA PARTY,TL,1000000.0,2022-01-06,2602,12
BHARATIYA JANATA PARTY,TL,1000000.0,2022-01-06,2602,12
BHARATIYA JANATA PARTY,TL,1000000.0,2022-01-06,2602,12
BHARATIYA JANATA PARTY,TL,1000000.0,2022-01-06,2602,12
BHARATIYA JANATA PARTY,TL,1000000.0,2022-01-06,2602,12
BHARATIYA JANATA PARTY,TL,1000000.0,2022-01-06,2602,12
BHARATIYA JANATA PARTY,TL,1000000.0,2022-01-06,2602,12
BHARATIYA JANATA PARTY,TL,1000000.0,2022-01-06,2602,12
BHARATIYA JANATA PARTY,TL,1000000.0,2022-01-06,2602,12
BHARATIYA JANATA PARTY,TL,1000000.0,2022-01-06,2602,12
BHARATIYA JANATA PARTY,TL,1000000.0,2022-01-06,2602,12
BHARATIYA JANATA PARTY,TL,1000000.0,2022-01-06,2602,12
BHARATIYA JANATA PARTY,TL,1000000.0,2022-01-06,2602,12
BHARATIYA JANATA PARTY,TL,1000000.0,2022-01-06,2602,12
BHARATIYA JANATA PARTY,TL,1000000.0,2022-01-06,2602,12
BHARATIYA JANATA PARTY,TL,1000000.0,2022-01-07,3362,12
BHARATIYA JANATA PARTY,TL,1000000.0,2022-01-07,3362,12
BHARATIYA JANATA PARTY,TL,1000000.0,2022-01-07,3362,12
BHARATIYA JANATA PARTY,TL,1000000.0,2022-01-07,3362,12
BHARATIYA JANATA PARTY,TL,1000000.0,2022-01-07,3362,12
BHARATIYA JANATA PARTY,TL,1000000.0,2022-01-07,3776,12
BHARATIYA JANATA PARTY,TL,1000000.0,2022-01-07,3776,12
BHARATIYA JANATA PARTY,TL,1000000.0,2022-01-07,3776,12
BHARATIYA JANATA PARTY,TL,1000000.0,2022-01-07,3776,12
BHARATIYA JANATA PARTY,TL,1000000.0,2022-01-07,3776,12
BHARATIYA JANATA PARTY,TL,1000000.0,2022-01-07,3776,12
BHARATIYA JANATA PARTY,TL,1000000.0,2022-01-07,3776,12
BHARATIYA JANATA PARTY,TL,1000000.0,2022-01-07,3776,12
BHARATIYA JANATA PARTY,TL,1000000.0,2022-01-07,3776,12
BHARATIYA JANATA PARTY,TL,1000000.0,2022-01-07,3776,12
BHARATIYA JANATA PARTY,TL,1000000.0,2022-01-07,3776,12
BHARATIYA JANATA PARTY,TL,1000000.0,2022-01-07,3776,12
BHARATIYA JANATA PARTY,TL,1000000.0,2022-01-07,3776,12
BHARATIYA JANATA PARTY,TL,1000000.0,2022-01-07,3776,12
BHARATIYA JANATA PARTY,TL,1000000.0,2022-01-07,3776,12
BHARATIYA JANATA PARTY,TL,1000000.0,2022-01-07,3776,12
BHARATIYA JANATA PARTY,TL,1000000.0,2022-01-07,3776,12
BHARATIYA JANATA PARTY,TL,1000000.0,2022-01-07,3776,12
BHARATIYA JANATA PARTY,TL,1000000.0,2022-01-07,3776,12
BHARATIYA JANATA PARTY,TL,1000000.0,2022-01-07,3776,12
BHARATIYA JANATA PARTY,TL,1000000.0,2022-01-10,3998,12
BHARATIYA JANATA PARTY,TL,1000000.0,2022-01-10,3998,12
BHARATIYA JANATA PARTY,TL,1000000.0,2022-01-10,3998,12
BHARATIYA JANATA PARTY,TL,1000000.0,2022-01-10,3998,12
BHARATIYA JANATA PARTY,TL,1000000.0,2022-01-10,3998,12
BHARATIYA JANATA PARTY,TL,1000000.0,2022-01-10,481,12
BHARATIYA JANATA PARTY,TL,1000000.0,2022-01-10,481,12
BHARATIYA JANATA PARTY,TL,1000000.0,2022-01-10,481,12
BHARATIYA JANATA PARTY,TL,1000000.0,2022-01-10,2243,12
BHARATIYA JANATA PARTY,TL,1000000.0,2022-01-10,65,12
BHARATIYA JANATA PARTY,TL,1000000.0,2022-01-10,65,12
BHARATIYA JANATA PARTY,TL,1000000.0,2022-01-10,65,12
BHARATIYA JANATA PARTY,TL,1000000.0,2022-01-10,65,12
BHARATIYA JANATA PARTY,TL,1000000.0,2022-01-10,65,12
BHARATIYA JANATA PARTY,TL,1000000.0,2022-01-10,65,12
BHARATIYA JANATA PARTY,TL,1000000.0,2022-01-10,65,12
BHARATIYA JANATA PARTY,TL,1000000.0,2022-01-10,65,12
BHARATIYA JANATA PARTY,TL,1000000.0,2022-01-10,65,12
BHARATIYA JANATA PARTY,TL,1000000.0,2022-01-10,65,12
BHARATIYA JANATA PARTY,OC,10000000.0,2022-01-07,1219,12
BHARATIYA JANATA PARTY,OC,10000000.0,2022-01-07,1219,12
BHARATIYA JANATA PARTY,OC,10000000.0,2022-01-07,1219,12
BHARATIYA JANATA PARTY,OC,10000000.0,2022-01-07,1219,12
BHARATIYA JANATA PARTY,OC,10000000.0,2022-01-07,1219,12
BHARATIYA JANATA PARTY,OC,10000000.0,2022-01-07,1219,12
BHARATIYA JANATA PARTY,OC,10000000.0,2022-01-07,1219,12
BHARATIYA JANATA PARTY,OC,10000000.0,2022-01-07,1219,12
BHARATIYA JANATA PARTY,OC,10000000.0,2022-01-07,1219,12
BHARATIYA JANATA PARTY,OC,10000000.0,2022-01-07,1219,12
BHARATIYA JANATA PARTY,OC,10000000.0,2022-01-07,1219,12
BHARATIYA JANATA PARTY,OC,10000000.0,2022-01-07,1219,12
BHARATIYA JANATA PARTY,OC,10000000.0,2022-01-07,1219,12
BHARATIYA JANATA PARTY,OC,10000000.0,2022-01-07,1219,12
BHARATIYA JANATA PARTY,OC,10000000.0,2022-01-07,1219,12
BHARATIYA JANATA PARTY,OC,10000000.0,2022-01-07,1219,12
BHARATIYA JANATA PARTY,OC,10000000.0,2022-01-07,1219,12
BHARATIYA JANATA PARTY,OC,10000000.0,2022-01-07,1219,12
BHARATIYA JANATA PARTY,OC,10000000.0,2022-01-07,1219,12
BHARATIYA JANATA PARTY,OC,10000000.0,2022-01-07,1219,12
BHARATIYA JANATA PARTY,TL,1000000.0,2022-01-10,3329,12
BHARATIYA JANATA PARTY,TL,1000000.0,2022-01-10,3329,12
BHARATIYA JANATA PARTY,TL,1000000.0,2022-01-10,3329,12
BHARATIYA JANATA PARTY,TL,1000000.0,2022-01-10,3329,12
BHARATIYA JANATA PARTY,TL,1000000.0,2022-01-10,3329,12
BHARATIYA JANATA PARTY,OC,10000000.0,2022-01-10,2237,12
BHARATIYA JANATA PARTY,OC,10000000.0,2022-01-10,2237,12
BHARATIYA JANATA PARTY,OC,10000000.0,2022-01-10,2237,12
BHARATIYA JANATA PARTY,OC,10000000.0,2022-01-10,2237,12
BHARATIYA JANATA PARTY,OC,10000000.0,2022-01-10,2237,12
BHARATIYA JANATA PARTY,OC,10000000.0,2022-01-10,2237,12
BHARATIYA JANATA PARTY,OC,10000000.0,2022-01-10,2237,12
BHARATIYA JANATA PARTY,OC,10000000.0,2022-01-10,2237,12
BHARATIYA JANATA PARTY,OC,10000000.0,2022-01-10,2237,12
BHARATIYA JANATA PARTY,OC,10000000.0,2022-01-10,2237,12
BHARATIYA JANATA PARTY,OC,10000000.0,2022-01-10,1509,12
BHARATIYA JANATA PARTY,OC,10000000.0,2022-01-10,1509,12
BHARATIYA JANATA PARTY,OC,10000000.0,2022-01-10,190,12
BHARATIYA JANATA PARTY,TL,1000000.0,2022-01-10,2602,12
BHARATIYA JANATA PARTY,TL,1000000.0,2022-01-10,2602,12
BHARATIYA JANATA PARTY,TL,1000000.0,2022-01-10,190,12
BHARATIYA JANATA PARTY,TL,1000000.0,2022-01-10,190,12
BHARATIYA JANATA PARTY,TL,1000000.0,2022-01-10,190,12
BHARATIYA JANATA PARTY,TL,1000000.0,2022-01-10,190,12
BHARATIYA JANATA PARTY,TL,1000000.0,2022-01-10,190,12
BHARATIYA JANATA PARTY,OC,10000000.0,2022-04-05,2630,13
BHARATIYA JANATA PARTY,OC,10000000.0,2022-04-05,2630,13
BHARATIYA JANATA PARTY,OC,10000000.0,2022-04-05,2630,13
BHARATIYA JANATA PARTY,OC,10000000.0,2022-04-05,2630,13
BHARATIYA JANATA PARTY,OC,10000000.0,2022-04-05,2630,13
BHARATIYA JANATA PARTY,OC,10000000.0,2022-04-05,2630,13
BHARATIYA JANATA PARTY,OC,10000000.0,2022-04-05,2630,13
BHARATIYA JANATA PARTY,OC,10000000.0,2022-04-05,2630,13
BHARATIYA JANATA PARTY,OC,10000000.0,2022-04-05,2630,13
BHARATIYA JANATA PARTY,OC,10000000.0,2022-04-05,2630,13
BHARATIYA JANATA PARTY,OC,10000000.0,2022-04-07,1654,13
BHARATIYA JANATA PARTY,OC,10000000.0,2022-04-07,1654,13
BHARATIYA JANATA PARTY,OC,10000000.0,2022-04-07,1654,13
BHARATIYA JANATA PARTY,OC,10000000.0,2022-04-07,1654,13
BHARATIYA JANATA PARTY,OC,10000000.0,2022-04-07,1654,13
BHARATIYA JANATA PARTY,OC,10000000.0,2022-04-07,1654,13
BHARATIYA JANATA PARTY,OC,10000000.0,2022-04-07,1654,13
BHARATIYA JANATA PARTY,OC,10000000.0,2022-04-07,1654,13
BHARATIYA JANATA PARTY,OC,10000000.0,2022-04-07,1654,13
BHARATIYA JANATA PARTY,OC,10000000.0,2022-04-07,1654,13
BHARATIYA JANATA PARTY,OC,10000000.0,2022-04-07,1654,13
BHARATIYA JANATA PARTY,OC,10000000.0,2022-04-07,1654,13
BHARATIYA JANATA PARTY,OC,10000000.0,2022-04-07,1654,13
BHARATIYA JANATA PARTY,OC,10000000.0,2022-04-07,1654,13
BHARATIYA JANATA PARTY,OC,10000000.0,2022-04-07,1654,13
BHARATIYA JANATA PARTY,OC,10000000.0,2022-04-07,1654,13
BHARATIYA JANATA PARTY,OC,10000000.0,2022-04-07,1654,13
BHARATIYA JANATA PARTY,OC,10000000.0,2022-04-07,1654,13
BHARATIYA JANATA PARTY,OC,10000000.0,2022-04-07,1654,13
BHARATIYA JANATA PARTY,OC,10000000.0,2022-04-07,1654,13
BHARATIYA JANATA PARTY,OC,10000000.0,2022-04-07,1654,13
BHARATIYA JANATA PARTY,OC,10000000.0,2022-04-07,1654,13
BHARATIYA JANATA PARTY,OC,10000000.0,2022-04-07,1654,13
BHARATIYA JANATA PARTY,OC,10000000.0,2022-04-07,1654,13
BHARATIYA JANATA PARTY,OC,10000000.0,2022-04-07,1654,13
BHARATIYA JANATA PARTY,OC,10000000.0,2022-04-07,2601,13
BHARATIYA JANATA PARTY,OC,10000000.0,2022-04-07,2601,13
BHARATIYA JANATA PARTY,OC,10000000.0,2022-04-07,2601,13
BHARATIYA JANATA PARTY,OC,10000000.0,2022-04-07,2778,13
BHARATIYA JANATA PARTY,OC,10000000.0,2022-04-07,2778,13
BHARATIYA JANATA PARTY,OC,10000000.0,2022-04-07,2778,13
BHARATIYA JANATA PARTY,OC,10000000.0,2022-04-07,2778,13
BHARATIYA JANATA PARTY,OC,10000000.0,2022-04-07,2778,13
BHARATIYA JANATA PARTY,OC,10000000.0,2022-04-07,749,13
BHARATIYA JANATA PARTY,OC,10000000.0,2022-04-07,749,13
BHARATIYA JANATA PARTY,OC,10000000.0,2022-04-07,749,13
BHARATIYA JANATA PARTY,OC,10000000.0,2022-04-07,749,13
BHARATIYA JANATA PARTY,OC,10000000.0,2022-04-07,749,13
BHARATIYA JANATA PARTY,OC,10000000.0,2022-04-07,749,13
BHARATIYA JANATA PARTY,OC,10000000.0,2022-04-07,749,13
BHARATIYA JANATA PARTY,OC,10000000.0,2022-04-07,749,13
BHARATIYA JANATA PARTY,OC,10000000.0,2022-04-07,749,13
BHARATIYA JANATA PARTY,OC,10000000.0,2022-04-07,749,13
BHARATIYA JANATA PARTY,OC,10000000.0,2022-04-07,2496,13
BHARATIYA JANATA PARTY,OC,10000000.0,2022-04-07,2496,13
BHARATIYA JANATA PARTY,OC,10000000.0,2022-04-07,2496,13
BHARATIYA JANATA PARTY,OC,10000000.0,2022-04-07,2496,13
BHARATIYA JANATA PARTY,OC,10000000.0,2022-04-07,2496,13
BHARATIYA JANATA PARTY,OC,10000000.0,2022-04-07,514,13
BHARATIYA JANATA PARTY,OC,10000000.0,2022-04-07,514,13
BHARATIYA JANATA PARTY,OC,10000000.0,2022-04-07,514,13
BHARATIYA JANATA PARTY,OC,10000000.0,2022-04-07,514,13
BHARATIYA JANATA PARTY,OC,10000000.0,2022-04-07,514,13
BHARATIYA JANATA PARTY,OC,10000000.0,2022-04-07,514,13
BHARATIYA JANATA PARTY,OC,10000000.0,2022-04-07,514,13
BHARATIYA JANATA PARTY,OC,10000000.0,2022-04-07,514,13
BHARATIYA JANATA PARTY,OC,10000000.0,2022-04-07,514,13
BHARATIYA JANATA PARTY,OC,10000000.0,2022-04-07,514,13
BHARATIYA JANATA PARTY,OC,10000000.0,2022-04-07,514,13
BHARATIYA JANATA PARTY,OC,10000000.0,2022-04-07,514,13
BHARATIYA JANATA PARTY,OC,10000000.0,2022-04-07,514,13
BHARATIYA JANATA PARTY,OC,10000000.0,2022-04-07,514,13
BHARATIYA JANATA PARTY,OC,10000000.0,2022-04-07,514,13
BHARATIYA JANATA PARTY,OC,10000000.0,2022-04-07,514,13
BHARATIYA JANATA PARTY,OC,10000000.0,2022-04-07,514,13
BHARATIYA JANATA PARTY,OC,10000000.0,2022-04-07,514,13
BHARATIYA JANATA PARTY,OC,10000000.0,2022-04-07,514,13
BHARATIYA JANATA PARTY,OC,10000000.0,2022-04-07,514,13
BHARATIYA JANATA PARTY,OC,10000000.0,2022-04-07,514,13
BHARATIYA JANATA PARTY,OC,10000000.0,2022-04-07,514,13
BHARATIYA JANATA PARTY,OC,10000000.0,2022-04-07,514,13
BHARATIYA JANATA PARTY,OC,10000000.0,2022-04-07,514,13
BHARATIYA JANATA PARTY,OC,10000000.0,2022-04-07,514,13
BHARATIYA JANATA PARTY,OC,10000000.0,2022-04-07,514,13
BHARATIYA JANATA PARTY,OC,10000000.0,2022-04-07,514,13
BHARATIYA JANATA PARTY,OC,10000000.0,2022-04-07,514,13
BHARATIYA JANATA PARTY,OC,10000000.0,2022-04-07,514,13
BHARATIYA JANATA PARTY,OC,10000000.0,2022-04-07,514,13
BHARATIYA JANATA PARTY,OC,10000000.0,2022-04-07,514,13
BHARATIYA JANATA PARTY,OC,10000000.0,2022-04-07,514,13
BHARATIYA JANATA PARTY,OC,10000000.0,2022-04-07,514,13
BHARATIYA JANATA PARTY,OC,10000000.0,2022-04-07,514,13
BHARATIYA JANATA PARTY,OC,10000000.0,2022-04-07,514,13
BHARATIYA JANATA PARTY,OC,10000000.0,2022-04-07,514,13
BHARATIYA JANATA PARTY,OC,10000000.0,2022-04-07,514,13
BHARATIYA JANATA PARTY,OC,10000000.0,2022-04-07,514,13
BHARATIYA JANATA PARTY,OC,10000000.0,2022-04-07,514,13
BHARATIYA JANATA PARTY,OC,10000000.0,2022-04-07,514,13
BHARATIYA JANATA PARTY,TL,1000000.0,2022-04-08,2987,13
BHARATIYA JANATA PARTY,TL,1000000.0,2022-04-08,2987,13
BHARATIYA JANATA PARTY,TL,1000000.0,2022-04-08,2987,13
BHARATIYA JANATA PARTY,TL,1000000.0,2022-04-08,2987,13
BHARATIYA JANATA PARTY,TL,1000000.0,2022-04-08,2987,13
BHARATIYA JANATA PARTY,OC,10000000.0,2022-07-01,540,14
BHARATIYA JANATA PARTY,OC,10000000.0,2022-07-01,9,14
BHARATIYA JANATA PARTY,OC,10000000.0,2022-07-01,9,14
BHARATIYA JANATA PARTY,OC,10000000.0,2022-07-02,377,14
BHARATIYA JANATA PARTY,OC,10000000.0,2022-07-02,377,14
BHARATIYA JANATA PARTY,OC,10000000.0,2022-07-02,377,14
BHARATIYA JANATA PARTY,OC,10000000.0,2022-07-02,377,14
BHARATIYA JANATA PARTY,OC,10000000.0,2022-07-02,377,14
BHARATIYA JANATA PARTY,OC,10000000.0,2022-07-02,377,14
BHARATIYA JANATA PARTY,OC,10000000.0,2022-07-02,377,14
BHARATIYA JANATA PARTY,OC,10000000.0,2022-07-02,377,14
BHARATIYA JANATA PARTY,OC,10000000.0,2022-07-02,3942,14
BHARATIYA JANATA PARTY,TL,1000000.0,2022-07-02,3942,14
BHARATIYA JANATA PARTY,TL,1000000.0,2022-07-02,3942,14
BHARATIYA JANATA PARTY,TL,1000000.0,2022-07-02,3942,14
BHARATIYA JANATA PARTY,TL,1000000.0,2022-07-02,3942,14
BHARATIYA JANATA PARTY,TL,1000000.0,2022-07-02,3942,14
BHARATIYA JANATA PARTY,OC,10000000.0,2022-10-03,1623,15
BHARATIYA JANATA PARTY,OC,10000000.0,2022-10-03,1623,15
BHARATIYA JANATA PARTY,OC,10000000.0,2022-10-03,1623,15
BHARATIYA JANATA PARTY,OC,10000000.0,2022-10-03,1623,15
BHARATIYA JANATA PARTY,OC,10000000.0,2022-10-03,1623,15
BHARATIYA JANATA PARTY,OC,10000000.0,2022-10-03,1623,15
BHARATIYA JANATA PARTY,OC,10000000.0,2022-10-03,1623,15
BHARATIYA JANATA PARTY,OC,10000000.0,2022-10-03,1623,15
BHARATIYA JANATA PARTY,OC,10000000.0,2022-10-03,1623,15
BHARATIYA JANATA PARTY,OC,10000000.0,2022-10-03,1623,15
BHARATIYA JANATA PARTY,OC,10000000.0,2022-10-03,1623,15
BHARATIYA JANATA PARTY,OC,10000000.0,2022-10-03,1623,15
BHARATIYA JANATA PARTY,OC,10000000.0,2022-10-03,1623,15
BHARATIYA JANATA PARTY,OC,10000000.0,2022-10-03,1623,15
BHARATIYA JANATA PARTY,OC,10000000.0,2022-10-03,1623,15
BHARATIYA JANATA PARTY,OC,10000000.0,2022-10-03,1623,15
BHARATIYA JANATA PARTY,OC,10000000.0,2022-10-03,1623,15
BHARATIYA JANATA PARTY,OC,10000000.0,2022-10-03,1623,15
BHARATIYA JANATA PARTY,OC,10000000.0,2022-10-03,1623,15
BHARATIYA JANATA PARTY,OC,10000000.0,2022-10-03,1623,15
BHARATIYA JANATA PARTY,OC,10000000.0,2022-10-03,1623,15
BHARATIYA JANATA PARTY,OC,10000000.0,2022-10-03,1623,15
BHARATIYA JANATA PARTY,OC,10000000.0,2022-10-03,1623,15
BHARATIYA JANATA PARTY,OC,10000000.0,2022-10-03,1623,15
BHARATIYA JANATA PARTY,OC,10000000.0,2022-10-03,1623,15
BHARATIYA JANATA PARTY,OC,10000000.0,2022-10-03,1623,15
BHARATIYA JANATA PARTY,OC,10000000.0,2022-10-03,1623,15
BHARATIYA JANATA PARTY,OC,10000000.0,2022-10-03,1623,15
BHARATIYA JANATA PARTY,OC,10000000.0,2022-10-03,1623,15
BHARATIYA JANATA PARTY,OC,10000000.0,2022-10-03,1623,15
BHARATIYA JANATA PARTY,OC,10000000.0,2022-10-03,1623,15
BHARATIYA JANATA PARTY,OC,10000000.0,2022-10-03,1623,15
BHARATIYA JANATA PARTY,OC,10000000.0,2022-10-03,1623,15
BHARATIYA JANATA PARTY,OC,10000000.0,2022-10-03,1623,15
BHARATIYA JANATA PARTY,OC,10000000.0,2022-10-03,1623,15
BHARATIYA JANATA PARTY,OC,10000000.0,2022-10-03,1623,15
BHARATIYA JANATA PARTY,OC,10000000.0,2022-10-03,1623,15
BHARATIYA JANATA PARTY,OC,10000000.0,2022-10-03,1623,15
BHARATIYA JANATA PARTY,OC,10000000.0,2022-10-03,1623,15
BHARATIYA JANATA PARTY,OC,10000000.0,2022-10-03,1623,15
BHARATIYA JANATA PARTY,OC,10000000.0,2022-10-07,751,15
BHARATIYA JANATA PARTY,OC,10000000.0,2022-10-07,751,15
BHARATIYA JANATA PARTY,OC,10000000.0,2022-10-07,751,15
BHARATIYA JANATA PARTY,OC,10000000.0,2022-10-07,751,15
BHARATIYA JANATA PARTY,OC,10000000.0,2022-10-07,751,15
BHARATIYA JANATA PARTY,OC,10000000.0,2022-10-07,1483,15
BHARATIYA JANATA PARTY,OC,10000000.0,2022-10-07,1483,15
BHARATIYA JANATA PARTY,OC,10000000.0,2022-10-07,1483,15
BHARATIYA JANATA PARTY,OC,10000000.0,2022-10-07,1483,15
BHARATIYA JANATA PARTY,OC,10000000.0,2022-10-07,1483,15
BHARATIYA JANATA PARTY,OC,10000000.0,2022-10-07,1483,15
BHARATIYA JANATA PARTY,OC,10000000.0,2022-10-07,1483,15
BHARATIYA JANATA PARTY,OC,10000000.0,2022-10-07,1483,15
BHARATIYA JANATA PARTY,OC,10000000.0,2022-10-07,1483,15
BHARATIYA JANATA PARTY,OC,10000000.0,2022-10-07,1483,15
BHARATIYA JANATA PARTY,OC,10000000.0,2022-10-07,1483,15
BHARATIYA JANATA PARTY,OC,10000000.0,2022-10-07,1483,15
BHARATIYA JANATA PARTY,OC,10000000.0,2022-10-07,1483,15
BHARATIYA JANATA PARTY,OC,10000000.0,2022-10-07,1483,15
BHARATIYA JANATA PARTY,OC,10000000.0,2022-10-07,1483,15
BHARATIYA JANATA PARTY,OC,10000000.0,2022-10-07,1483,15
BHARATIYA JANATA PARTY,OC,10000000.0,2022-10-07,1483,15
BHARATIYA JANATA PARTY,OC,10000000.0,2022-10-07,1483,15
BHARATIYA JANATA PARTY,OC,10000000.0,2022-10-07,1483,15
BHARATIYA JANATA PARTY,OC,10000000.0,2022-10-07,1483,15
BHARATIYA JANATA PARTY,OC,10000000.0,2022-10-07,1584,15
BHARATIYA JANATA PARTY,OC,10000000.0,2022-10-07,1584,15
BHARATIYA JANATA PARTY,OC,10000000.0,2022-10-07,1584,15
BHARATIYA JANATA PARTY,OC,10000000.0,2022-10-07,1584,15
BHARATIYA JANATA PARTY,OC,10000000.0,2022-10-10,819,15
BHARATIYA JANATA PARTY,OC,10000000.0,2022-10-10,819,15
BHARATIYA JANATA PARTY,OC,10000000.0,2022-10-10,819,15
BHARATIYA JANATA PARTY,OC,10000000.0,2022-10-10,819,15
BHARATIYA JANATA PARTY,OC,10000000.0,2022-10-10,819,15
BHARATIYA JANATA PARTY,OC,10000000.0,2022-10-10,819,15
BHARATIYA JANATA PARTY,OC,10000000.0,2022-10-10,819,15
BHARATIYA JANATA PARTY,OC,10000000.0,2022-10-10,819,15
BHARATIYA JANATA PARTY,OC,10000000.0,2022-10-10,819,15
BHARATIYA JANATA PARTY,OC,10000000.0,2022-10-10,819,15
BHARATIYA JANATA PARTY,OC,10000000.0,2022-10-06,1977,15
BHARATIYA JANATA PARTY,OC,10000000.0,2022-10-06,1977,15
BHARATIYA JANATA PARTY,OC,10000000.0,2022-10-10,3003,15
BHARATIYA JANATA PARTY,OC,10000000.0,2022-10-10,3003,15
BHARATIYA JANATA PARTY,OC,10000000.0,2022-10-10,3003,15
BHARATIYA JANATA PARTY,OC,10000000.0,2022-10-10,3328,15
BHARATIYA JANATA PARTY,OC,10000000.0,2022-10-10,3328,15
BHARATIYA JANATA PARTY,OC,10000000.0,2022-10-10,3328,15
BHARATIYA JANATA PARTY,OC,10000000.0,2022-10-10,3328,15
BHARATIYA JANATA PARTY,OC,10000000.0,2022-10-10,3328,15
BHARATIYA JANATA PARTY,OC,10000000.0,2022-10-10,3328,15
BHARATIYA JANATA PARTY,OC,10000000.0,2022-10-10,3328,15
BHARATIYA JANATA PARTY,OC,10000000.0,2022-10-10,3328,15
BHARATIYA JANATA PARTY,OC,10000000.0,2022-10-10,3328,15
BHARATIYA JANATA PARTY,OC,10000000.0,2022-10-10,3328,15
BHARATIYA JANATA PARTY,OC,10000000.0,2022-10-10,3328,15
BHARATIYA JANATA PARTY,OC,10000000.0,2022-10-10,3328,15
BHARATIYA JANATA PARTY,OC,10000000.0,2022-10-10,3328,15
BHARATIYA JANATA PARTY,OC,10000000.0,2022-10-10,3328,15
BHARATIYA JANATA PARTY,OC,10000000.0,2022-10-10,3328,15
BHARATIYA JANATA PARTY,OC,10000000.0,2022-10-10,3328,15
BHARATIYA JANATA PARTY,OC,10000000.0,2022-10-10,3328,15
BHARATIYA JANATA PARTY,OC,10000000.0,2022-10-10,3328,15
BHARATIYA JANATA PARTY,OC,10000000.0,2022-10-10,3328,15
BHARATIYA JANATA PARTY,OC,10000000.0,2022-10-10,3328,15
BHARATIYA JANATA PARTY,OC,10000000.0,2022-10-10,1201,15
BHARATIYA JANATA PARTY,OC,10000000.0,2022-10-10,1201,15
BHARATIYA JANATA PARTY,OC,10000000.0,2022-10-10,1201,15
BHARATIYA JANATA PARTY,OC,10000000.0,2022-10-10,1201,15
BHARATIYA JANATA PARTY,OC,10000000.0,2022-10-10,1201,15
BHARATIYA JANATA PARTY,OC,10000000.0,2022-10-10,1201,15
BHARATIYA JANATA PARTY,OC,10000000.0,2022-10-10,734,15
BHARATIYA JANATA PARTY,OC,10000000.0,2022-10-10,734,15
BHARATIYA JANATA PARTY,OC,10000000.0,2022-10-10,734,15
BHARATIYA JANATA PARTY,OC,10000000.0,2022-10-10,734,15
BHARATIYA JANATA PARTY,OC,10000000.0,2022-10-10,734,15
BHARATIYA JANATA PARTY,OC,10000000.0,2022-10-10,734,15
BHARATIYA JANATA PARTY,OC,10000000.0,2022-10-10,734,15
BHARATIYA JANATA PARTY,OC,10000000.0,2022-10-10,734,15
BHARATIYA JANATA PARTY,OC,10000000.0,2022-10-10,1241,15
BHARATIYA JANATA PARTY,OC,10000000.0,2022-10-10,1241,15
BHARATIYA JANATA PARTY,OC,10000000.0,2022-10-10,1241,15
BHARATIYA JANATA PARTY,OC,10000000.0,2022-10-10,1241,15
BHARATIYA JANATA PARTY,OC,10000000.0,2022-10-10,1241,15
BHARATIYA JANATA PARTY,OC,10000000.0,2022-10-10,1241,15
BHARATIYA JANATA PARTY,OC,10000000.0,2022-10-10,1241,15
BHARATIYA JANATA PARTY,OC,10000000.0,2022-10-10,1241,15
BHARATIYA JANATA PARTY,OC,10000000.0,2022-10-10,1241,15
BHARATIYA JANATA PARTY,OC,10000000.0,2022-10-10,1241,15
BHARATIYA JANATA PARTY,OC,10000000.0,2022-10-10,1241,15
BHARATIYA JANATA PARTY,OC,10000000.0,2022-10-10,1241,15
BHARATIYA JANATA PARTY,OC,10000000.0,2022-10-10,1241,15
BHARATIYA JANATA PARTY,OC,10000000.0,2022-10-10,1241,15
BHARATIYA JANATA PARTY,OC,10000000.0,2022-10-10,1241,15
BHARATIYA JANATA PARTY,OC,10000000.0,2022-10-10,2797,15
BHARATIYA JANATA PARTY,OC,10000000.0,2022-10-10,2797,15
BHARATIYA JANATA PARTY,OC,10000000.0,2022-10-10,2797,15
BHARATIYA JANATA PARTY,OC,10000000.0,2022-10-10,2797,15
BHARATIYA JANATA PARTY,OC,10000000.0,2022-10-10,2797,15
BHARATIYA JANATA PARTY,OC,10000000.0,2022-10-10,2797,15
BHARATIYA JANATA PARTY,OC,10000000.0,2022-10-10,2797,15
BHARATIYA JANATA PARTY,OC,10000000.0,2022-10-10,2797,15
BHARATIYA JANATA PARTY,OC,10000000.0,2022-10-10,2797,15
BHARATIYA JANATA PARTY,OC,10000000.0,2022-10-10,2797,15
BHARATIYA JANATA PARTY,OC,10000000.0,2022-10-10,2763,15
BHARATIYA JANATA PARTY,OC,10000000.0,2022-10-10,2763,15
BHARATIYA JANATA PARTY,OC,10000000.0,2022-10-10,2763,15
BHARATIYA JANATA PARTY,OC,10000000.0,2022-10-10,2763,15
BHARATIYA JANATA PARTY,OC,10000000.0,2022-10-10,2763,15
BHARATIYA JANATA PARTY,OC,10000000.0,2022-10-10,2763,15
BHARATIYA JANATA PARTY,OC,10000000.0,2022-10-10,2763,15
BHARATIYA JANATA PARTY,OC,10000000.0,2022-10-10,2763,15
BHARATIYA JANATA PARTY,OC,10000000.0,2022-10-10,2763,15
BHARATIYA JANATA PARTY,OC,10000000.0,2022-10-10,2763,15
BHARATIYA JANATA PARTY,OC,10000000.0,2022-10-10,2763,15
BHARATIYA JANATA PARTY,OC,10000000.0,2022-10-10,2763,15
BHARATIYA JANATA PARTY,OC,10000000.0,2022-10-10,2763,15
BHARATIYA JANATA PARTY,OC,10000000.0,2022-10-10,2763,15
BHARATIYA JANATA PARTY,OC,10000000.0,2022-10-10,2763,15
BHARATIYA JANATA PARTY,OC,10000000.0,2022-10-10,2437,15
BHARATIYA JANATA PARTY,OC,10000000.0,2022-10-10,2437,15
BHARATIYA JANATA PARTY,OC,10000000.0,2022-10-10,2437,15
BHARATIYA JANATA PARTY,OC,10000000.0,2022-10-10,2437,15
BHARATIYA JANATA PARTY,OC,10000000.0,2022-10-10,2437,15
BHARATIYA JANATA PARTY,OC,10000000.0,2022-10-10,2437,15
BHARATIYA JANATA PARTY,OC,10000000.0,2022-10-10,2437,15
BHARATIYA JANATA PARTY,OC,10000000.0,2022-10-10,2437,15
BHARATIYA JANATA PARTY,OC,10000000.0,2022-10-10,2437,15
BHARATIYA JANATA PARTY,OC,10000000.0,2022-10-10,2437,15
BHARATIYA JANATA PARTY,OC,10000000.0,2022-10-10,2437,15
BHARATIYA JANATA PARTY,OC,10000000.0,2022-10-10,2437,15
BHARATIYA JANATA PARTY,OC,10000000.0,2022-10-10,2437,15
BHARATIYA JANATA PARTY,OC,10000000.0,2022-10-10,2437,15
BHARATIYA JANATA PARTY,OC,10000000.0,2022-10-10,2437,15
BHARATIYA JANATA PARTY,OC,10000000.0,2022-10-10,2437,15
BHARATIYA JANATA PARTY,OC,10000000.0,2022-10-10,2437,15
BHARATIYA JANATA PARTY,OC,10000000.0,2022-10-10,2437,15
BHARATIYA JANATA PARTY,OC,10000000.0,2022-10-10,2437,15
BHARATIYA JANATA PARTY,OC,10000000.0,2022-10-10,2437,15
BHARATIYA JANATA PARTY,TL,1000000.0,2022-10-07,1874,15
BHARATIYA JANATA PARTY,TL,1000000.0,2022-10-07,1874,15
BHARATIYA JANATA PARTY,TL,1000000.0,2022-10-07,1874,15
BHARATIYA JANATA PARTY,TL,1000000.0,2022-10-07,1874,15
BHARATIYA JANATA PARTY,TL,1000000.0,2022-10-07,1874,15
BHARATIYA JANATA PARTY,TL,1000000.0,2022-10-07,1874,15
BHARATIYA JANATA PARTY,TL,1000000.0,2022-10-07,1874,15
BHARATIYA JANATA PARTY,TL,1000000.0,2022-10-07,1874,15
BHARATIYA JANATA PARTY,TL,1000000.0,2022-10-07,1874,15
BHARATIYA JANATA PARTY,TL,1000000.0,2022-10-07,1874,15
BHARATIYA JANATA PARTY,OC,10000000.0,2022-10-10,1682,15
BHARATIYA JANATA PARTY,OC,10000000.0,2022-10-10,1682,15
BHARATIYA JANATA PARTY,OC,10000000.0,2022-10-10,1682,15
BHARATIYA JANATA PARTY,OC,10000000.0,2022-10-10,3517,15
BHARATIYA JANATA PARTY,OC,10000000.0,2022-10-10,3517,15
BHARATIYA JANATA PARTY,OC,10000000.0,2022-10-10,3517,15
BHARATIYA JANATA PARTY,OC,10000000.0,2022-10-10,2797,15
BHARATIYA JANATA PARTY,OC,10000000.0,2022-10-10,2797,15
BHARATIYA JANATA PARTY,OC,10000000.0,2022-10-10,2797,15
BHARATIYA JANATA PARTY,OC,10000000.0,2022-10-10,2763,15
BHARATIYA JANATA PARTY,OC,10000000.0,2022-10-10,2763,15
BHARATIYA JANATA PARTY,OC,10000000.0,2022-10-10,2763,15
BHARATIYA JANATA PARTY,TL,1000000.0,2022-10-10,2526,15
BHARATIYA JANATA PARTY,TL,1000000.0,2022-10-10,2526,15
BHARATIYA JANATA PARTY,TL,1000000.0,2022-10-10,2526,15
BHARATIYA JANATA PARTY,TL,1000000.0,2022-10-10,2526,15
BHARATIYA JANATA PARTY,TL,1000000.0,2022-10-10,2526,15
BHARATIYA JANATA PARTY,OC,10000000.0,2022-10-10,1682,15
BHARATIYA JANATA PARTY,OC,10000000.0,2022-10-10,1682,15
BHARATIYA JANATA PARTY,OC,10000000.0,2022-10-10,1682,15
BHARATIYA JANATA PARTY,OC,10000000.0,2022-10-10,1682,15
BHARATIYA JANATA PARTY,OC,10000000.0,2022-10-10,1682,15
BHARATIYA JANATA PARTY,OC,10000000.0,2022-10-10,1682,15
BHARATIYA JANATA PARTY,OC,10000000.0,2022-10-10,1682,15
BHARATIYA JANATA PARTY,OC,10000000.0,2022-10-10,1682,15
BHARATIYA JANATA PARTY,OC,10000000.0,2022-10-10,1682,15
BHARATIYA JANATA PARTY,OC,10000000.0,2022-10-10,1682,15
BHARATIYA JANATA PARTY,OC,10000000.0,2022-10-10,1682,15
BHARATIYA JANATA PARTY,OC,10000000.0,2022-10-10,1682,15
BHARATIYA JANATA PARTY,OC,10000000.0,2022-10-10,1682,15
BHARATIYA JANATA PARTY,OC,10000000.0,2022-10-10,1682,15
BHARATIYA JANATA PARTY,OC,10000000.0,2022-10-10,1682,15
BHARATIYA JANATA PARTY,OC,10000000.0,2022-10-10,1682,15
BHARATIYA JANATA PARTY,OC,10000000.0,2022-10-10,1682,15
BHARATIYA JANATA PARTY,OC,10000000.0,2022-10-10,1682,15
BHARATIYA JANATA PARTY,OC,10000000.0,2022-10-10,1682,15
BHARATIYA JANATA PARTY,OC,10000000.0,2022-10-10,1682,15
BHARATIYA JANATA PARTY,OC,10000000.0,2022-10-10,1682,15
BHARATIYA JANATA PARTY,OC,10000000.0,2022-10-10,1682,15
BHARATIYA JANATA PARTY,OC,10000000.0,2022-10-10,1682,15
BHARATIYA JANATA PARTY,OC,10000000.0,2022-10-10,1682,15
BHARATIYA JANATA PARTY,OC,10000000.0,2022-10-10,1682,15
BHARATIYA JANATA PARTY,OC,10000000.0,2022-10-10,1682,15
BHARATIYA JANATA PARTY,OC,10000000.0,2022-10-10,1682,15
BHARATIYA JANATA PARTY,OC,10000000.0,2022-10-10,1682,15
BHARATIYA JANATA PARTY,OC,10000000.0,2022-10-10,1682,15
BHARATIYA JANATA PARTY,OC,10000000.0,2022-10-10,1682,15
BHARATIYA JANATA PARTY,OC,10000000.0,2022-10-10,3096,15
BHARATIYA JANATA PARTY,OC,10000000.0,2022-11-11,361,16
BHARATIYA JANATA PARTY,OC,10000000.0,2022-11-11,361,16
BHARATIYA JANATA PARTY,OC,10000000.0,2022-11-11,361,16
BHARATIYA JANATA PARTY,OC,10000000.0,2022-11-11,361,16
BHARATIYA JANATA PARTY,OC,10000000.0,2022-11-11,361,16
BHARATIYA JANATA PARTY,OC,10000000.0,2022-11-11,361,16
BHARATIYA JANATA PARTY,OC,10000000.0,2022-11-11,361,16
BHARATIYA JANATA PARTY,OC,10000000.0,2022-11-11,361,16
BHARATIYA JANATA PARTY,OC,10000000.0,2022-11-11,361,16
BHARATIYA JANATA PARTY,OC,10000000.0,2022-11-11,361,16
BHARATIYA JANATA PARTY,OC,10000000.0,2022-11-11,361,16
BHARATIYA JANATA PARTY,OC,10000000.0,2022-11-11,361,16
BHARATIYA JANATA PARTY,OC,10000000.0,2022-11-11,361,16
BHARATIYA JANATA PARTY,OC,10000000.0,2022-11-11,361,16
BHARATIYA JANATA PARTY,OC,10000000.0,2022-11-11,361,16
BHARATIYA JANATA PARTY,OC,10000000.0,2022-11-11,361,16
BHARATIYA JANATA PARTY,OC,10000000.0,2022-11-11,361,16
BHARATIYA JANATA PARTY,OC,10000000.0,2022-11-11,361,16
BHARATIYA JANATA PARTY,OC,10000000.0,2022-11-11,361,16
BHARATIYA JANATA PARTY,OC,10000000.0,2022-11-11,361,16
BHARATIYA JANATA PARTY,OC,10000000.0,2022-11-11,361,16
BHARATIYA JANATA PARTY,OC,10000000.0,2022-11-11,361,16
BHARATIYA JANATA PARTY,OC,10000000.0,2022-11-11,361,16
BHARATIYA JANATA PARTY,OC,10000000.0,2022-11-11,361,16
BHARATIYA JANATA PARTY,OC,10000000.0,2022-11-11,361,16
BHARATIYA JANATA PARTY,OC,10000000.0,2022-11-11,361,16
BHARATIYA JANATA PARTY,OC,10000000.0,2022-11-11,361,16
BHARATIYA JANATA PARTY,OC,10000000.0,2022-11-11,361,16
BHARATIYA JANATA PARTY,OC,10000000.0,2022-11-11,361,16
BHARATIYA JANATA PARTY,OC,10000000.0,2022-11-11,361,16
BHARATIYA JANATA PARTY,OC,10000000.0,2022-11-11,361,16
BHARATIYA JANATA PARTY,OC,10000000.0,2022-11-11,361,16
BHARATIYA JANATA PARTY,OC,10000000.0,2022-11-11,361,16
BHARATIYA JANATA PARTY,OC,10000000.0,2022-11-11,361,16
BHARATIYA JANATA PARTY,OC,10000000.0,2022-11-11,361,16
BHARATIYA JANATA PARTY,OC,10000000.0,2022-11-11,361,16
BHARATIYA JANATA PARTY,OC,10000000.0,2022-11-11,361,16
BHARATIYA JANATA PARTY,OC,10000000.0,2022-11-11,361,16
BHARATIYA JANATA PARTY,OC,10000000.0,2022-11-11,361,16
BHARATIYA JANATA PARTY,OC,10000000.0,2022-11-11,361,16
BHARATIYA JANATA PARTY,OC,10000000.0,2022-11-11,361,16
BHARATIYA JANATA PARTY,OC,10000000.0,2022-11-11,361,16
BHARATIYA JANATA PARTY,OC,10000000.0,2022-11-11,361,16
BHARATIYA JANATA PARTY,OC,10000000.0,2022-11-11,361,16
BHARATIYA JANATA PARTY,OC,10000000.0,2022-11-11,361,16
BHARATIYA JANATA PARTY,OC,10000000.0,2022-11-11,361,16
BHARATIYA JANATA PARTY,OC,10000000.0,2022-11-11,361,16
BHARATIYA JANATA PARTY,OC,10000000.0,2022-11-11,361,16
BHARATIYA JANATA PARTY,OC,10000000.0,2022-11-11,361,16
BHARATIYA JANATA PARTY,OC,10000000.0,2022-11-11,361,16
BHARATIYA JANATA PARTY,OC,10000000.0,2022-11-11,361,16
BHARATIYA JANATA PARTY,OC,10000000.0,2022-11-11,361,16
BHARATIYA JANATA PARTY,OC,10000000.0,2022-11-11,361,16
BHARATIYA JANATA PARTY,OC,10000000.0,2022-11-11,361,16
BHARATIYA JANATA PARTY,OC,10000000.0,2022-11-11,361,16
BHARATIYA JANATA PARTY,OC,10000000.0,2022-11-11,361,16
BHARATIYA JANATA PARTY,OC,10000000.0,2022-11-11,361,16
BHARATIYA JANATA PARTY,OC,10000000.0,2022-11-11,361,16
BHARATIYA JANATA PARTY,OC,10000000.0,2022-11-11,361,16
BHARATIYA JANATA PARTY,OC,10000000.0,2022-11-11,361,16
BHARATIYA JANATA PARTY,OC,10000000.0,2022-11-11,361,16
BHARATIYA JANATA PARTY,OC,10000000.0,2022-11-11,361,16
BHARATIYA JANATA PARTY,OC,10000000.0,2022-11-11,361,16
BHARATIYA JANATA PARTY,OC,10000000.0,2022-11-11,361,16
BHARATIYA JANATA PARTY,OC,10000000.0,2022-11-11,361,16
BHARATIYA JANATA PARTY,OC,10000000.0,2022-11-11,361,16
BHARATIYA JANATA PARTY,OC,10000000.0,2022-11-11,361,16
BHARATIYA JANATA PARTY,OC,10000000.0,2022-11-11,361,16
BHARATIYA JANATA PARTY,OC,10000000.0,2022-11-11,361,16
BHARATIYA JANATA PARTY,OC,10000000.0,2022-11-11,361,16
BHARATIYA JANATA PARTY,OC,10000000.0,2022-11-11,361,16
BHARATIYA JANATA PARTY,OC,10000000.0,2022-11-11,361,16
BHARATIYA JANATA PARTY,OC,10000000.0,2022-11-11,361,16
BHARATIYA JANATA PARTY,OC,10000000.0,2022-11-11,361,16
BHARATIYA JANATA PARTY,OC,10000000.0,2022-11-11,361,16
BHARATIYA JANATA PARTY,OC,10000000.0,2022-11-11,361,16
BHARATIYA JANATA PARTY,OC,10000000.0,2022-11-11,361,16
BHARATIYA JANATA PARTY,OC,10000000.0,2022-11-11,361,16
BHARATIYA JANATA PARTY,OC,10000000.0,2022-11-11,361,16
BHARATIYA JANATA PARTY,OC,10000000.0,2022-11-11,361,16
BHARATIYA JANATA PARTY,OC,10000000.0,2022-11-11,361,16
BHARATIYA JANATA PARTY,OC,10000000.0,2022-11-11,361,16
BHARATIYA JANATA PARTY,OC,10000000.0,2022-11-11,361,16
BHARATIYA JANATA PARTY,OC,10000000.0,2022-11-11,361,16
BHARATIYA JANATA PARTY,OC,10000000.0,2022-11-11,361,16
BHARATIYA JANATA PARTY,OC,10000000.0,2022-11-11,361,16
BHARATIYA JANATA PARTY,OC,10000000.0,2022-11-11,361,16
BHARATIYA JANATA PARTY,OC,10000000.0,2022-11-11,361,16
BHARATIYA JANATA PARTY,OC,10000000.0,2022-11-11,361,16
BHARATIYA JANATA PARTY,OC,10000000.0,2022-11-11,361,16
BHARATIYA JANATA PARTY,OC,10000000.0,2022-11-11,361,16
BHARATIYA JANATA PARTY,OC,10000000.0,2022-11-11,361,16
BHARATIYA JANATA PARTY,OC,10000000.0,2022-11-11,361,16
BHARATIYA JANATA PARTY,OC,10000000.0,2022-11-11,361,16
BHARATIYA JANATA PARTY,OC,10000000.0,2022-11-11,361,16
BHARATIYA JANATA PARTY,OC,10000000.0,2022-11-11,361,16
BHARATIYA JANATA PARTY,OC,10000000.0,2022-11-11,361,16
BHARATIYA JANATA PARTY,OC,10000000.0,2022-11-11,361,16
BHARATIYA JANATA PARTY,OC,10000000.0,2022-11-11,361,16
BHARATIYA JANATA PARTY,OC,10000000.0,2022-11-11,361,16
BHARATIYA JANATA PARTY,OC,10000000.0,2022-11-11,361,16
BHARATIYA JANATA PARTY,OC,10000000.0,2022-11-11,361,16
BHARATIYA JANATA PARTY,OC,10000000.0,2022-11-11,361,16
BHARATIYA JANATA PARTY,OC,10000000.0,2022-11-11,361,16
BHARATIYA JANATA PARTY,OC,10000000.0,2022-11-11,361,16
BHARATIYA JANATA PARTY,OC,10000000.0,2022-11-11,361,16
BHARATIYA JANATA PARTY,OC,10000000.0,2022-11-11,361,16
BHARATIYA JANATA PARTY,OC,10000000.0,2022-11-11,361,16
BHARATIYA JANATA PARTY,OC,10000000.0,2022-11-11,361,16
BHARATIYA JANATA PARTY,OC,10000000.0,2022-11-11,361,16
BHARATIYA JANATA PARTY,OC,10000000.0,2022-11-11,361,16
BHARATIYA JANATA PARTY,OC,10000000.0,2022-11-11,361,16
BHARATIYA JANATA PARTY,OC,10000000.0,2022-11-11,361,16
BHARATIYA JANATA PARTY,OC,10000000.0,2022-11-11,361,16
BHARATIYA JANATA PARTY,OC,10000000.0,2022-11-11,361,16
BHARATIYA JANATA PARTY,OC,10000000.0,2022-11-11,361,16
BHARATIYA JANATA PARTY,OC,10000000.0,2022-11-11,361,16
BHARATIYA JANATA PARTY,OC,10000000.0,2022-11-11,361,16
BHARATIYA JANATA PARTY,OC,10000000.0,2022-11-11,361,16
BHARATIYA JANATA PARTY,OC,10000000.0,2022-11-11,361,16
BHARATIYA JANATA PARTY,OC,10000000.0,2022-11-11,361,16
BHARATIYA JANATA PARTY,OC,10000000.0,2022-11-11,361,16
BHARATIYA JANATA PARTY,OC,10000000.0,2022-11-11,361,16
BHARATIYA JANATA PARTY,OC,10000000.0,2022-11-11,361,16
BHARATIYA JANATA PARTY,OC,10000000.0,2022-11-11,361,16
BHARATIYA JANATA PARTY,OC,10000000.0,2022-11-11,3631,16
BHARATIYA JANATA PARTY,OC,10000000.0,2022-11-11,3631,16
BHARATIYA JANATA PARTY,OC,10000000.0,2022-11-11,3631,16
BHARATIYA JANATA PARTY,OC,10000000.0,2022-11-11,3631,16
BHARATIYA JANATA PARTY,OC,10000000.0,2022-11-11,3631,16
BHARATIYA JANATA PARTY,OC,10000000.0,2022-11-11,3631,16
BHARATIYA JANATA PARTY,OC,10000000.0,2022-11-11,3631,16
BHARATIYA JANATA PARTY,OC,10000000.0,2022-11-11,3631,16
BHARATIYA JANATA PARTY,OC,10000000.0,2022-11-11,3631,16
BHARATIYA JANATA PARTY,OC,10000000.0,2022-11-11,3631,16
BHARATIYA JANATA PARTY,OC,10000000.0,2022-11-11,3631,16
BHARATIYA JANATA PARTY,OC,10000000.0,2022-11-11,3631,16
BHARATIYA JANATA PARTY,OC,10000000.0,2022-11-11,3631,16
BHARATIYA JANATA PARTY,OC,10000000.0,2022-11-11,3631,16
BHARATIYA JANATA PARTY,OC,10000000.0,2022-11-11,3631,16
BHARATIYA JANATA PARTY,OC,10000000.0,2022-11-11,578,16
BHARATIYA JANATA PARTY,OC,10000000.0,2022-11-11,578,16
BHARATIYA JANATA PARTY,OC,10000000.0,2022-11-11,578,16
BHARATIYA JANATA PARTY,OC,10000000.0,2022-11-11,578,16
BHARATIYA JANATA PARTY,OC,10000000.0,2022-11-11,578,16
BHARATIYA JANATA PARTY,OC,10000000.0,2022-11-11,2475,16
BHARATIYA JANATA PARTY,OC,10000000.0,2022-11-11,2475,16
BHARATIYA JANATA PARTY,OC,10000000.0,2022-11-11,2475,16
BHARATIYA JANATA PARTY,OC,10000000.0,2022-11-11,2475,16
BHARATIYA JANATA PARTY,OC,10000000.0,2022-11-11,2475,16
BHARATIYA JANATA PARTY,OC,10000000.0,2022-11-10,3935,16
BHARATIYA JANATA PARTY,OC,10000000.0,2022-11-10,3935,16
BHARATIYA JANATA PARTY,OC,10000000.0,2022-11-10,3935,16
BHARATIYA JANATA PARTY,OC,10000000.0,2022-11-10,3935,16
BHARATIYA JANATA PARTY,OC,10000000.0,2022-11-10,3935,16
BHARATIYA JANATA PARTY,OC,10000000.0,2022-11-10,3935,16
BHARATIYA JANATA PARTY,OC,10000000.0,2022-11-10,3935,16
BHARATIYA JANATA PARTY,OC,10000000.0,2022-11-10,3935,16
BHARATIYA JANATA PARTY,OC,10000000.0,2022-11-10,3935,16
BHARATIYA JANATA PARTY,OC,10000000.0,2022-11-10,3935,16
BHARATIYA JANATA PARTY,OC,10000000.0,2022-11-10,3935,16
BHARATIYA JANATA PARTY,OC,10000000.0,2022-11-10,3935,16
BHARATIYA JANATA PARTY,OC,10000000.0,2022-11-10,3935,16
BHARATIYA JANATA PARTY,OC,10000000.0,2022-11-10,3935,16
BHARATIYA JANATA PARTY,OC,10000000.0,2022-11-10,3935,16
BHARATIYA JANATA PARTY,OC,10000000.0,2022-11-10,3935,16
BHARATIYA JANATA PARTY,OC,10000000.0,2022-11-10,3935,16
BHARATIYA JANATA PARTY,OC,10000000.0,2022-11-10,3935,16
BHARATIYA JANATA PARTY,OC,10000000.0,2022-11-10,3935,16
BHARATIYA JANATA PARTY,OC,10000000.0,2022-11-10,3935,16
BHARATIYA JANATA PARTY,OC,10000000.0,2022-11-10,1829,16
BHARATIYA JANATA PARTY,OC,10000000.0,2022-11-10,1829,16
BHARATIYA JANATA PARTY,OC,10000000.0,2022-11-10,1829,16
BHARATIYA JANATA PARTY,OC,10000000.0,2022-11-10,1829,16
BHARATIYA JANATA PARTY,OC,10000000.0,2022-11-10,1829,16
BHARATIYA JANATA PARTY,OC,10000000.0,2022-11-10,1829,16
BHARATIYA JANATA PARTY,OC,10000000.0,2022-11-10,1829,16
BHARATIYA JANATA PARTY,OC,10000000.0,2022-11-10,1829,16
BHARATIYA JANATA PARTY,OC,10000000.0,2022-11-10,1829,16
BHARATIYA JANATA PARTY,OC,10000000.0,2022-11-10,1829,16
BHARATIYA JANATA PARTY,OC,10000000.0,2022-11-10,1829,16
BHARATIYA JANATA PARTY,OC,10000000.0,2022-11-10,1829,16
BHARATIYA JANATA PARTY,OC,10000000.0,2022-11-10,1829,16
BHARATIYA JANATA PARTY,OC,10000000.0,2022-11-10,1829,16
BHARATIYA JANATA PARTY,OC,10000000.0,2022-11-10,1829,16
BHARATIYA JANATA PARTY,OC,10000000.0,2022-11-10,3935,16
BHARATIYA JANATA PARTY,OC,10000000.0,2022-11-10,3935,16
BHARATIYA JANATA PARTY,OC,10000000.0,2022-11-10,3935,16
BHARATIYA JANATA PARTY,OC,10000000.0,2022-11-10,3935,16
BHARATIYA JANATA PARTY,OC,10000000.0,2022-11-10,3935,16
BHARATIYA JANATA PARTY,OC,10000000.0,2022-11-10,3935,16
BHARATIYA JANATA PARTY,OC,10000000.0,2022-11-10,3935,16
BHARATIYA JANATA PARTY,OC,10000000.0,2022-11-10,3935,16
BHARATIYA JANATA PARTY,OC,10000000.0,2022-11-10,3935,16
BHARATIYA JANATA PARTY,OC,10000000.0,2022-11-10,3935,16
BHARATIYA JANATA PARTY,OC,10000000.0,2022-11-10,2447,16
BHARATIYA JANATA PARTY,OC,10000000.0,2022-11-10,2447,16
BHARATIYA JANATA PARTY,OC,10000000.0,2022-11-10,2447,16
BHARATIYA JANATA PARTY,OC,10000000.0,2022-11-10,2447,16
BHARATIYA JANATA PARTY,OC,10000000.0,2022-11-10,2447,16
BHARATIYA JANATA PARTY,OC,10000000.0,2022-11-09,1200,16
BHARATIYA JANATA PARTY,OC,10000000.0,2022-11-09,1200,16
BHARATIYA JANATA PARTY,OC,10000000.0,2022-11-09,1200,16
BHARATIYA JANATA PARTY,OC,10000000.0,2022-11-09,1200,16
BHARATIYA JANATA PARTY,OC,10000000.0,2022-11-09,1200,16
BHARATIYA JANATA PARTY,OC,10000000.0,2022-11-09,1200,16
BHARATIYA JANATA PARTY,OC,10000000.0,2022-11-09,1200,16
BHARATIYA JANATA PARTY,OC,10000000.0,2022-11-09,1200,16
BHARATIYA JANATA PARTY,OC,10000000.0,2022-11-09,1200,16
BHARATIYA JANATA PARTY,OC,10000000.0,2022-11-09,1200,16
BHARATIYA JANATA PARTY,OC,10000000.0,2022-11-09,1200,16
BHARATIYA JANATA PARTY,OC,10000000.0,2022-11-09,1200,16
BHARATIYA JANATA PARTY,OC,10000000.0,2022-11-09,1200,16
BHARATIYA JANATA PARTY,OC,10000000.0,2022-11-09,1200,16
BHARATIYA JANATA PARTY,OC,10000000.0,2022-11-09,1200,16
BHARATIYA JANATA PARTY,OC,10000000.0,2022-11-09,1200,16
BHARATIYA JANATA PARTY,OC,10000000.0,2022-11-09,1200,16
BHARATIYA JANATA PARTY,OC,10000000.0,2022-11-09,1200,16
BHARATIYA JANATA PARTY,OC,10000000.0,2022-11-09,1200,16
BHARATIYA JANATA PARTY,OC,10000000.0,2022-11-09,1200,16
BHARATIYA JANATA PARTY,OC,10000000.0,2022-11-10,2821,16
BHARATIYA JANATA PARTY,OC,10000000.0,2022-11-10,2821,16
BHARATIYA JANATA PARTY,OC,10000000.0,2022-11-10,2821,16
BHARATIYA JANATA PARTY,OC,10000000.0,2022-11-10,2821,16
BHARATIYA JANATA PARTY,OC,10000000.0,2022-11-10,2821,16
BHARATIYA JANATA PARTY,OC,10000000.0,2022-11-10,2821,16
BHARATIYA JANATA PARTY,OC,10000000.0,2022-11-10,2821,16
BHARATIYA JANATA PARTY,OC,10000000.0,2022-11-10,2821,16
BHARATIYA JANATA PARTY,OC,10000000.0,2022-11-10,2821,16
BHARATIYA JANATA PARTY,OC,10000000.0,2022-11-10,2821,16
BHARATIYA JANATA PARTY,OC,10000000.0,2022-11-10,2137,16
BHARATIYA JANATA PARTY,OC,10000000.0,2022-11-10,2137,16
BHARATIYA JANATA PARTY,OC,10000000.0,2022-11-10,2137,16
BHARATIYA JANATA PARTY,OC,10000000.0,2022-11-10,2137,16
BHARATIYA JANATA PARTY,OC,10000000.0,2022-11-10,2137,16
BHARATIYA JANATA PARTY,OC,10000000.0,2022-11-10,2137,16
BHARATIYA JANATA PARTY,OC,10000000.0,2022-11-10,2137,16
BHARATIYA JANATA PARTY,OC,10000000.0,2022-11-10,2137,16
BHARATIYA JANATA PARTY,OC,10000000.0,2022-11-10,2137,16
BHARATIYA JANATA PARTY,OC,10000000.0,2022-11-10,2137,16
BHARATIYA JANATA PARTY,OC,10000000.0,2022-11-10,2137,16
BHARATIYA JANATA PARTY,OC,10000000.0,2022-11-10,2137,16
BHARATIYA JANATA PARTY,OC,10000000.0,2022-11-10,2137,16
BHARATIYA JANATA PARTY,OC,10000000.0,2022-11-10,2137,16
BHARATIYA JANATA PARTY,OC,10000000.0,2022-11-10,2137,16
BHARATIYA JANATA PARTY,OC,10000000.0,2022-11-10,2137,16
BHARATIYA JANATA PARTY,OC,10000000.0,2022-11-10,2137,16
BHARATIYA JANATA PARTY,OC,10000000.0,2022-11-10,2137,16
BHARATIYA JANATA PARTY,OC,10000000.0,2022-11-10,2137,16
BHARATIYA JANATA PARTY,OC,10000000.0,2022-11-10,2137,16
BHARATIYA JANATA PARTY,OC,10000000.0,2022-11-10,2137,16
BHARATIYA JANATA PARTY,OC,10000000.0,2022-11-10,2137,16
BHARATIYA JANATA PARTY,OC,10000000.0,2022-11-10,3377,16
BHARATIYA JANATA PARTY,OC,10000000.0,2022-11-10,3377,16
BHARATIYA JANATA PARTY,OC,10000000.0,2022-11-10,838,16
BHARATIYA JANATA PARTY,OC,10000000.0,2022-11-10,838,16
BHARATIYA JANATA PARTY,OC,10000000.0,2022-11-10,838,16
BHARATIYA JANATA PARTY,OC,10000000.0,2022-11-10,838,16
BHARATIYA JANATA PARTY,OC,10000000.0,2022-11-10,310,16
BHARATIYA JANATA PARTY,OC,10000000.0,2022-11-10,310,16
BHARATIYA JANATA PARTY,OC,10000000.0,2022-11-10,310,16
BHARATIYA JANATA PARTY,OC,10000000.0,2022-11-10,1586,16
BHARATIYA JANATA PARTY,OC,10000000.0,2022-11-10,1586,16
BHARATIYA JANATA PARTY,OC,10000000.0,2022-11-10,1586,16
BHARATIYA JANATA PARTY,OC,10000000.0,2022-11-10,1586,16
BHARATIYA JANATA PARTY,OC,10000000.0,2022-11-10,1586,16
BHARATIYA JANATA PARTY,OC,10000000.0,2022-11-10,1586,16
BHARATIYA JANATA PARTY,OC,10000000.0,2022-11-11,2305,16
BHARATIYA JANATA PARTY,OC,10000000.0,2022-11-11,2305,16
BHARATIYA JANATA PARTY,OC,10000000.0,2022-11-11,2305,16
BHARATIYA JANATA PARTY,OC,10000000.0,2022-11-11,2305,16
BHARATIYA JANATA PARTY,OC,10000000.0,2022-11-11,2305,16
BHARATIYA JANATA PARTY,OC,10000000.0,2022-11-11,2305,16
BHARATIYA JANATA PARTY,OC,10000000.0,2022-11-11,2305,16
BHARATIYA JANATA PARTY,OC,10000000.0,2022-11-11,2305,16
BHARATIYA JANATA PARTY,OC,10000000.0,2022-11-11,2305,16
BHARATIYA JANATA PARTY,OC,10000000.0,2022-11-14,1653,16
BHARATIYA JANATA PARTY,OC,10000000.0,2022-11-14,1653,16
BHARATIYA JANATA PARTY,OC,10000000.0,2022-11-14,1653,16
BHARATIYA JANATA PARTY,OC,10000000.0,2022-11-14,1653,16
BHARATIYA JANATA PARTY,OC,10000000.0,2022-11-14,1653,16
BHARATIYA JANATA PARTY,OC,10000000.0,2022-11-14,1653,16
BHARATIYA JANATA PARTY,OC,10000000.0,2022-11-14,1653,16
BHARATIYA JANATA PARTY,OC,10000000.0,2022-11-14,1653,16
BHARATIYA JANATA PARTY,OC,10000000.0,2022-11-14,1653,16
BHARATIYA JANATA PARTY,OC,10000000.0,2022-11-14,1653,16
BHARATIYA JANATA PARTY,OC,10000000.0,2022-11-14,1653,16
BHARATIYA JANATA PARTY,OC,10000000.0,2022-11-14,1653,16
BHARATIYA JANATA PARTY,OC,10000000.0,2022-11-14,1653,16
BHARATIYA JANATA PARTY,OC,10000000.0,2022-11-14,1653,16
BHARATIYA JANATA PARTY,OC,10000000.0,2022-11-14,1653,16
BHARATIYA JANATA PARTY,OC,10000000.0,2022-11-14,1653,16
BHARATIYA JANATA PARTY,OC,10000000.0,2022-11-14,1653,16
BHARATIYA JANATA PARTY,OC,10000000.0,2022-11-14,1653,16
BHARATIYA JANATA PARTY,OC,10000000.0,2022-11-14,1653,16
BHARATIYA JANATA PARTY,OC,10000000.0,2022-11-14,1653,16
BHARATIYA JANATA PARTY,OC,10000000.0,2022-11-14,1653,16
BHARATIYA JANATA PARTY,OC,10000000.0,2022-11-14,1653,16
BHARATIYA JANATA PARTY,OC,10000000.0,2022-11-14,1653,16
BHARATIYA JANATA PARTY,OC,10000000.0,2022-11-14,1653,16
BHARATIYA JANATA PARTY,OC,10000000.0,2022-11-14,1653,16
BHARATIYA JANATA PARTY,OC,10000000.0,2022-11-14,1653,16
BHARATIYA JANATA PARTY,OC,10000000.0,2022-11-14,1653,16
BHARATIYA JANATA PARTY,OC,10000000.0,2022-11-14,1653,16
BHARATIYA JANATA PARTY,OC,10000000.0,2022-11-14,1653,16
BHARATIYA JANATA PARTY,OC,10000000.0,2022-11-14,1653,16
BHARATIYA JANATA PARTY,OC,10000000.0,2022-11-14,1653,16
BHARATIYA JANATA PARTY,OC,10000000.0,2022-11-14,1653,16
BHARATIYA JANATA PARTY,OC,10000000.0,2022-11-14,1653,16
BHARATIYA JANATA PARTY,OC,10000000.0,2022-11-14,1653,16
BHARATIYA JANATA PARTY,OC,10000000.0,2022-11-14,1653,16
BHARATIYA JANATA PARTY,OC,10000000.0,2022-11-14,1653,16
BHARATIYA JANATA PARTY,OC,10000000.0,2022-11-14,1653,16
BHARATIYA JANATA PARTY,OC,10000000.0,2022-11-14,1653,16
BHARATIYA JANATA PARTY,OC,10000000.0,2022-11-14,1653,16
BHARATIYA JANATA PARTY,OC,10000000.0,2022-11-14,1653,16
BHARATIYA JANATA PARTY,OC,10000000.0,2022-11-14,1653,16
BHARATIYA JANATA PARTY,OC,10000000.0,2022-11-14,1653,16
BHARATIYA JANATA PARTY,OC,10000000.0,2022-11-14,1653,16
BHARATIYA JANATA PARTY,OC,10000000.0,2022-11-14,1653,16
BHARATIYA JANATA PARTY,OC,10000000.0,2022-11-14,1653,16
BHARATIYA JANATA PARTY,OC,10000000.0,2022-11-14,1653,16
BHARATIYA JANATA PARTY,OC,10000000.0,2022-11-14,1653,16
BHARATIYA JANATA PARTY,OC,10000000.0,2022-11-14,1653,16
BHARATIYA JANATA PARTY,OC,10000000.0,2022-11-14,1653,16
BHARATIYA JANATA PARTY,OC,10000000.0,2022-11-14,1653,16
BHARATIYA JANATA PARTY,OC,10000000.0,2022-11-14,1653,16
BHARATIYA JANATA PARTY,OC,10000000.0,2022-11-14,1653,16
BHARATIYA JANATA PARTY,OC,10000000.0,2022-11-14,1653,16
BHARATIYA JANATA PARTY,OC,10000000.0,2022-11-14,1653,16
BHARATIYA JANATA PARTY,OC,10000000.0,2022-11-14,1653,16
BHARATIYA JANATA PARTY,OC,10000000.0,2022-11-14,1653,16
BHARATIYA JANATA PARTY,OC,10000000.0,2022-11-14,1653,16
BHARATIYA JANATA PARTY,OC,10000000.0,2022-11-14,1653,16
BHARATIYA JANATA PARTY,OC,10000000.0,2022-11-14,1653,16
BHARATIYA JANATA PARTY,OC,10000000.0,2022-11-14,1653,16
BHARATIYA JANATA PARTY,OC,10000000.0,2022-11-14,1653,16
BHARATIYA JANATA PARTY,OC,10000000.0,2022-11-14,1653,16
BHARATIYA JANATA PARTY,OC,10000000.0,2022-11-14,1653,16
BHARATIYA JANATA PARTY,OC,10000000.0,2022-11-14,1653,16
BHARATIYA JANATA PARTY,OC,10000000.0,2022-11-14,1653,16
BHARATIYA JANATA PARTY,OC,10000000.0,2022-11-14,1653,16
BHARATIYA JANATA PARTY,OC,10000000.0,2022-11-14,1653,16
BHARATIYA JANATA PARTY,OC,10000000.0,2022-11-14,1653,16
BHARATIYA JANATA PARTY,OC,10000000.0,2022-11-14,1653,16
BHARATIYA JANATA PARTY,OC,10000000.0,2022-11-14,1653,16
BHARATIYA JANATA PARTY,OC,10000000.0,2022-11-14,1653,16
BHARATIYA JANATA PARTY,OC,10000000.0,2022-11-14,1653,16
BHARATIYA JANATA PARTY,OC,10000000.0,2022-11-14,1653,16
BHARATIYA JANATA PARTY,OC,10000000.0,2022-11-14,1653,16
BHARATIYA JANATA PARTY,OC,10000000.0,2022-11-14,1653,16
BHARATIYA JANATA PARTY,OC,10000000.0,2022-11-14,1653,16
BHARATIYA JANATA PARTY,OC,10000000.0,2022-11-14,1653,16
BHARATIYA JANATA PARTY,OC,10000000.0,2022-11-14,1653,16
BHARATIYA JANATA PARTY,OC,10000000.0,2022-11-14,1653,16
BHARATIYA JANATA PARTY,OC,10000000.0,2022-11-14,1653,16
BHARATIYA JANATA PARTY,OC,10000000.0,2022-11-14,1653,16
BHARATIYA JANATA PARTY,OC,10000000.0,2022-11-14,1653,16
BHARATIYA JANATA PARTY,OC,10000000.0,2022-11-14,1653,16
BHARATIYA JANATA PARTY,OC,10000000.0,2022-11-14,1653,16
BHARATIYA JANATA PARTY,OC,10000000.0,2022-11-14,1653,16
BHARATIYA JANATA PARTY,OC,10000000.0,2022-11-14,1653,16
BHARATIYA JANATA PARTY,OC,10000000.0,2022-11-14,1653,16
BHARATIYA JANATA PARTY,OC,10000000.0,2022-11-14,1653,16
BHARATIYA JANATA PARTY,OC,10000000.0,2022-11-14,1653,16
BHARATIYA JANATA PARTY,OC,10000000.0,2022-11-14,1653,16
BHARATIYA JANATA PARTY,OC,10000000.0,2022-11-14,1653,16
BHARATIYA JANATA PARTY,OC,10000000.0,2022-11-14,1653,16
BHARATIYA JANATA PARTY,OC,10000000.0,2022-11-14,1653,16
BHARATIYA JANATA PARTY,OC,10000000.0,2022-11-14,1653,16
BHARATIYA JANATA PARTY,OC,10000000.0,2022-11-14,1653,16
BHARATIYA JANATA PARTY,OC,10000000.0,2022-11-14,1653,16
BHARATIYA JANATA PARTY,OC,10000000.0,2022-11-14,1653,16
BHARATIYA JANATA PARTY,OC,10000000.0,2022-11-14,1653,16
BHARATIYA JANATA PARTY,OC,10000000.0,2022-11-14,1653,16
BHARATIYA JANATA PARTY,OC,10000000.0,2022-11-14,1653,16
BHARATIYA JANATA PARTY,OC,10000000.0,2022-11-15,1792,16
BHARATIYA JANATA PARTY,OC,10000000.0,2022-11-15,1792,16
BHARATIYA JANATA PARTY,OC,10000000.0,2022-11-15,1792,16
BHARATIYA JANATA PARTY,OC,10000000.0,2022-11-15,1792,16
BHARATIYA JANATA PARTY,OC,10000000.0,2022-11-15,1792,16
BHARATIYA JANATA PARTY,OC,10000000.0,2022-11-15,1792,16
BHARATIYA JANATA PARTY,OC,10000000.0,2022-11-15,1792,16
BHARATIYA JANATA PARTY,OC,10000000.0,2022-11-15,1792,16
BHARATIYA JANATA PARTY,OC,10000000.0,2022-11-15,1792,16
BHARATIYA JANATA PARTY,OC,10000000.0,2022-11-15,1792,16
BHARATIYA JANATA PARTY,OC,10000000.0,2022-11-15,84,16
BHARATIYA JANATA PARTY,OC,10000000.0,2022-11-15,84,16
BHARATIYA JANATA PARTY,OC,10000000.0,2022-11-15,84,16
BHARATIYA JANATA PARTY,OC,10000000.0,2022-11-15,84,16
BHARATIYA JANATA PARTY,OC,10000000.0,2022-11-15,84,16
BHARATIYA JANATA PARTY,OC,10000000.0,2022-11-15,84,16
BHARATIYA JANATA PARTY,OC,10000000.0,2022-11-15,84,16
BHARATIYA JANATA PARTY,OC,10000000.0,2022-11-15,84,16
BHARATIYA JANATA PARTY,OC,10000000.0,2022-11-15,84,16
BHARATIYA JANATA PARTY,OC,10000000.0,2022-11-15,84,16
BHARATIYA JANATA PARTY,OC,10000000.0,2022-11-15,84,16
BHARATIYA JANATA PARTY,OC,10000000.0,2022-11-15,84,16
BHARATIYA JANATA PARTY,OC,10000000.0,2022-11-15,84,16
BHARATIYA JANATA PARTY,OC,10000000.0,2022-11-15,84,16
BHARATIYA JANATA PARTY,OC,10000000.0,2022-11-15,84,16
BHARATIYA JANATA PARTY,TL,1000000.0,2022-11-11,2305,16
BHARATIYA JANATA PARTY,TL,1000000.0,2022-11-11,2305,16
BHARATIYA JANATA PARTY,TL,1000000.0,2022-11-11,2305,16
BHARATIYA JANATA PARTY,TL,1000000.0,2022-11-11,2305,16
BHARATIYA JANATA PARTY,TL,1000000.0,2022-11-11,2305,16
BHARATIYA JANATA PARTY,TL,1000000.0,2022-11-11,2305,16
BHARATIYA JANATA PARTY,TL,1000000.0,2022-11-11,2305,16
BHARATIYA JANATA PARTY,OL,100000.0,2022-11-11,2305,16
BHARATIYA JANATA PARTY,OL,100000.0,2022-11-11,2305,16
BHARATIYA JANATA PARTY,OL,100000.0,2022-11-11,2305,16
BHARATIYA JANATA PARTY,OL,100000.0,2022-11-11,2305,16
BHARATIYA JANATA PARTY,OL,100000.0,2022-11-11,2305,16
BHARATIYA JANATA PARTY,OC,10000000.0,2022-11-11,2120,16
BHARATIYA JANATA PARTY,OC,10000000.0,2022-11-11,2120,16
BHARATIYA JANATA PARTY,OC,10000000.0,2022-11-11,2120,16
BHARATIYA JANATA PARTY,OC,10000000.0,2022-11-11,2120,16
BHARATIYA JANATA PARTY,OC,10000000.0,2022-11-11,2120,16
BHARATIYA JANATA PARTY,OC,10000000.0,2022-11-11,2120,16
BHARATIYA JANATA PARTY,OC,10000000.0,2022-11-11,2120,16
BHARATIYA JANATA PARTY,OC,10000000.0,2022-11-11,2120,16
BHARATIYA JANATA PARTY,OC,10000000.0,2022-11-11,2120,16
BHARATIYA JANATA PARTY,OC,10000000.0,2022-11-11,2120,16
BHARATIYA JANATA PARTY,OC,10000000.0,2022-11-11,2601,16
BHARATIYA JANATA PARTY,OC,10000000.0,2022-11-11,2601,16
BHARATIYA JANATA PARTY,OC,10000000.0,2022-11-11,2601,16
BHARATIYA JANATA PARTY,OC,10000000.0,2022-11-11,2601,16
BHARATIYA JANATA PARTY,OC,10000000.0,2022-11-11,2601,16
BHARATIYA JANATA PARTY,OC,10000000.0,2022-11-11,1222,16
BHARATIYA JANATA PARTY,OC,10000000.0,2022-11-11,1222,16
BHARATIYA JANATA PARTY,OC,10000000.0,2022-11-11,1222,16
BHARATIYA JANATA PARTY,OC,10000000.0,2022-11-11,1222,16
BHARATIYA JANATA PARTY,OC,10000000.0,2022-11-11,1222,16
BHARATIYA JANATA PARTY,OC,10000000.0,2022-11-11,1222,16
BHARATIYA JANATA PARTY,OC,10000000.0,2022-11-11,1222,16
BHARATIYA JANATA PARTY,OC,10000000.0,2022-11-11,1222,16
BHARATIYA JANATA PARTY,OC,10000000.0,2022-11-11,1222,16
BHARATIYA JANATA PARTY,OC,10000000.0,2022-11-11,1222,16
BHARATIYA JANATA PARTY,OC,10000000.0,2022-11-11,1222,16
BHARATIYA JANATA PARTY,OC,10000000.0,2022-11-11,1222,16
BHARATIYA JANATA PARTY,OC,10000000.0,2022-11-11,1222,16
BHARATIYA JANATA PARTY,OC,10000000.0,2022-11-11,1222,16
BHARATIYA JANATA PARTY,OC,10000000.0,2022-11-11,1222,16
BHARATIYA JANATA PARTY,OC,10000000.0,2022-11-11,1222,16
BHARATIYA JANATA PARTY,OC,10000000.0,2022-11-11,1222,16
BHARATIYA JANATA PARTY,OC,10000000.0,2022-11-11,1222,16
BHARATIYA JANATA PARTY,OC,10000000.0,2022-11-11,1222,16
BHARATIYA JANATA PARTY,OC,10000000.0,2022-11-11,1222,16
BHARATIYA JANATA PARTY,OC,10000000.0,2022-11-11,1222,16
BHARATIYA JANATA PARTY,OC,10000000.0,2022-11-11,1222,16
BHARATIYA JANATA PARTY,OC,10000000.0,2022-11-11,1222,16
BHARATIYA JANATA PARTY,OC,10000000.0,2022-11-11,1222,16
BHARATIYA JANATA PARTY,OC,10000000.0,2022-11-14,936,16
BHARATIYA JANATA PARTY,OC,10000000.0,2022-11-14,936,16
BHARATIYA JANATA PARTY,OC,10000000.0,2022-11-14,936,16
BHARATIYA JANATA PARTY,OC,10000000.0,2022-11-14,936,16
BHARATIYA JANATA PARTY,OC,10000000.0,2022-11-14,936,16
BHARATIYA JANATA PARTY,OC,10000000.0,2022-11-14,936,16
BHARATIYA JANATA PARTY,OC,10000000.0,2022-11-14,936,16
BHARATIYA JANATA PARTY,OC,10000000.0,2022-11-14,936,16
BHARATIYA JANATA PARTY,OC,10000000.0,2022-11-14,936,16
BHARATIYA JANATA PARTY,OC,10000000.0,2022-11-14,936,16
BHARATIYA JANATA PARTY,OC,10000000.0,2022-11-14,2160,16
BHARATIYA JANATA PARTY,OC,10000000.0,2022-11-14,2160,16
BHARATIYA JANATA PARTY,OC,10000000.0,2022-11-14,2160,16
BHARATIYA JANATA PARTY,OC,10000000.0,2022-11-14,2160,16
BHARATIYA JANATA PARTY,OC,10000000.0,2022-11-14,2160,16
BHARATIYA JANATA PARTY,OC,10000000.0,2022-11-14,2160,16
BHARATIYA JANATA PARTY,OC,10000000.0,2022-11-14,2160,16
BHARATIYA JANATA PARTY,OC,10000000.0,2022-11-14,2160,16
BHARATIYA JANATA PARTY,OC,10000000.0,2022-11-14,2160,16
BHARATIYA JANATA PARTY,OC,10000000.0,2022-11-14,2160,16
BHARATIYA JANATA PARTY,OC,10000000.0,2022-11-14,2160,16
BHARATIYA JANATA PARTY,OC,10000000.0,2022-11-14,2160,16
BHARATIYA JANATA PARTY,OC,10000000.0,2022-11-14,2160,16
BHARATIYA JANATA PARTY,OC,10000000.0,2022-11-14,2160,16
BHARATIYA JANATA PARTY,OC,10000000.0,2022-11-14,2160,16
BHARATIYA JANATA PARTY,OC,10000000.0,2022-11-14,2601,16
BHARATIYA JANATA PARTY,OC,10000000.0,2022-11-14,2601,16
BHARATIYA JANATA PARTY,OC,10000000.0,2022-11-14,2601,16
BHARATIYA JANATA PARTY,OC,10000000.0,2022-11-14,2601,16
BHARATIYA JANATA PARTY,OC,10000000.0,2022-11-14,2601,16
BHARATIYA JANATA PARTY,OC,10000000.0,2022-11-14,3820,16
BHARATIYA JANATA PARTY,OC,10000000.0,2022-11-14,3820,16
BHARATIYA JANATA PARTY,OC,10000000.0,2022-11-14,3820,16
BHARATIYA JANATA PARTY,OC,10000000.0,2022-11-14,3567,16
BHARATIYA JANATA PARTY,OC,10000000.0,2022-11-14,3567,16
BHARATIYA JANATA PARTY,OC,10000000.0,2022-11-14,3567,16
BHARATIYA JANATA PARTY,OC,10000000.0,2022-11-14,3567,16
BHARATIYA JANATA PARTY,OC,10000000.0,2022-11-14,3567,16
BHARATIYA JANATA PARTY,OC,10000000.0,2022-11-14,3567,16
BHARATIYA JANATA PARTY,OC,10000000.0,2022-11-14,3567,16
BHARATIYA JANATA PARTY,OC,10000000.0,2022-11-14,3567,16
BHARATIYA JANATA PARTY,OC,10000000.0,2022-11-14,3567,16
BHARATIYA JANATA PARTY,OC,10000000.0,2022-11-14,3567,16
BHARATIYA JANATA PARTY,OC,10000000.0,2022-11-14,3567,16
BHARATIYA JANATA PARTY,OC,10000000.0,2022-11-14,3567,16
BHARATIYA JANATA PARTY,OC,10000000.0,2022-11-14,3567,16
BHARATIYA JANATA PARTY,OC,10000000.0,2022-11-14,3567,16
BHARATIYA JANATA PARTY,OC,10000000.0,2022-11-14,3567,16
BHARATIYA JANATA PARTY,OC,10000000.0,2022-11-14,918,16
BHARATIYA JANATA PARTY,OC,10000000.0,2022-11-14,4054,16
BHARATIYA JANATA PARTY,OC,10000000.0,2022-11-14,4054,16
BHARATIYA JANATA PARTY,OC,10000000.0,2022-11-14,4054,16
BHARATIYA JANATA PARTY,OC,10000000.0,2022-11-14,4054,16
BHARATIYA JANATA PARTY,OC,10000000.0,2022-11-14,4054,16
BHARATIYA JANATA PARTY,OC,10000000.0,2022-11-14,4054,16
BHARATIYA JANATA PARTY,OC,10000000.0,2022-11-14,2669,16
BHARATIYA JANATA PARTY,OC,10000000.0,2022-11-14,2669,16
BHARATIYA JANATA PARTY,OC,10000000.0,2022-11-14,2669,16
BHARATIYA JANATA PARTY,OC,10000000.0,2022-11-14,1368,16
BHARATIYA JANATA PARTY,OC,10000000.0,2022-11-14,1368,16
BHARATIYA JANATA PARTY,OC,10000000.0,2022-11-14,1368,16
BHARATIYA JANATA PARTY,OC,10000000.0,2022-11-15,3014,16
BHARATIYA JANATA PARTY,OC,10000000.0,2022-11-15,3014,16
BHARATIYA JANATA PARTY,OC,10000000.0,2022-11-15,3014,16
BHARATIYA JANATA PARTY,OC,10000000.0,2022-11-15,3014,16
BHARATIYA JANATA PARTY,OC,10000000.0,2022-11-15,3014,16
BHARATIYA JANATA PARTY,OC,10000000.0,2022-11-15,3014,16
BHARATIYA JANATA PARTY,OC,10000000.0,2022-11-15,3014,16
BHARATIYA JANATA PARTY,OC,10000000.0,2022-11-15,3014,16
BHARATIYA JANATA PARTY,OC,10000000.0,2022-11-15,3014,16
BHARATIYA JANATA PARTY,OC,10000000.0,2022-11-15,3014,16
BHARATIYA JANATA PARTY,OC,10000000.0,2022-11-15,3780,16
BHARATIYA JANATA PARTY,OC,10000000.0,2022-11-15,3780,16
BHARATIYA JANATA PARTY,OC,10000000.0,2022-11-15,3780,16
BHARATIYA JANATA PARTY,OC,10000000.0,2022-11-15,3780,16
BHARATIYA JANATA PARTY,OC,10000000.0,2022-11-15,3780,16
BHARATIYA JANATA PARTY,OC,10000000.0,2022-11-15,3780,16
BHARATIYA JANATA PARTY,OC,10000000.0,2022-11-15,3780,16
BHARATIYA JANATA PARTY,OC,10000000.0,2022-11-15,3780,16
BHARATIYA JANATA PARTY,OC,10000000.0,2022-11-15,3780,16
BHARATIYA JANATA PARTY,OC,10000000.0,2022-11-15,3780,16
BHARATIYA JANATA PARTY,OC,10000000.0,2022-11-15,3780,16
BHARATIYA JANATA PARTY,OC,10000000.0,2022-11-15,3780,16
BHARATIYA JANATA PARTY,OC,10000000.0,2022-11-15,3780,16
BHARATIYA JANATA PARTY,OC,10000000.0,2022-11-15,3780,16
BHARATIYA JANATA PARTY,OC,10000000.0,2022-11-15,3780,16
BHARATIYA JANATA PARTY,OC,10000000.0,2022-11-15,3780,16
BHARATIYA JANATA PARTY,OC,10000000.0,2022-11-15,3780,16
BHARATIYA JANATA PARTY,OC,10000000.0,2022-11-15,3780,16
BHARATIYA JANATA PARTY,OC,10000000.0,2022-11-15,3780,16
BHARATIYA JANATA PARTY,OC,10000000.0,2022-11-15,3780,16
BHARATIYA JANATA PARTY,OC,10000000.0,2022-11-15,3780,16
BHARATIYA JANATA PARTY,OC,10000000.0,2022-11-15,3780,16
BHARATIYA JANATA PARTY,OC,10000000.0,2022-11-15,3780,16
BHARATIYA JANATA PARTY,OC,10000000.0,2022-11-15,3780,16
BHARATIYA JANATA PARTY,OC,10000000.0,2022-11-15,3780,16
BHARATIYA JANATA PARTY,OC,10000000.0,2022-11-15,3780,16
BHARATIYA JANATA PARTY,OC,10000000.0,2022-11-15,3780,16
BHARATIYA JANATA PARTY,OC,10000000.0,2022-11-15,3780,16
BHARATIYA JANATA PARTY,OC,10000000.0,2022-11-15,3780,16
BHARATIYA JANATA PARTY,OC,10000000.0,2022-11-15,3780,16
BHARATIYA JANATA PARTY,OC,10000000.0,2022-11-15,3780,16
BHARATIYA JANATA PARTY,OC,10000000.0,2022-11-15,3780,16
BHARATIYA JANATA PARTY,OC,10000000.0,2022-11-15,3780,16
BHARATIYA JANATA PARTY,OC,10000000.0,2022-11-15,3780,16
BHARATIYA JANATA PARTY,OC,10000000.0,2022-11-15,3780,16
BHARATIYA JANATA PARTY,OC,10000000.0,2022-11-15,3780,16
BHARATIYA JANATA PARTY,OC,10000000.0,2022-11-15,3780,16
BHARATIYA JANATA PARTY,OC,10000000.0,2022-11-15,3780,16
BHARATIYA JANATA PARTY,OC,10000000.0,2022-11-15,3780,16
BHARATIYA JANATA PARTY,OC,10000000.0,2022-11-15,3780,16
BHARATIYA JANATA PARTY,OC,10000000.0,2022-11-15,3780,16
BHARATIYA JANATA PARTY,OC,10000000.0,2022-11-15,3780,16
BHARATIYA JANATA PARTY,OC,10000000.0,2022-11-15,3780,16
BHARATIYA JANATA PARTY,OC,10000000.0,2022-11-15,3780,16
BHARATIYA JANATA PARTY,OC,10000000.0,2022-11-15,3780,16
BHARATIYA JANATA PARTY,OC,10000000.0,2022-11-15,3780,16
BHARATIYA JANATA PARTY,OC,10000000.0,2022-11-15,3780,16
BHARATIYA JANATA PARTY,OC,10000000.0,2022-11-15,3780,16
BHARATIYA JANATA PARTY,OC,10000000.0,2022-11-15,3780,16
BHARATIYA JANATA PARTY,OC,10000000.0,2022-11-15,3780,16
BHARATIYA JANATA PARTY,OC,10000000.0,2022-11-15,1048,16
BHARATIYA JANATA PARTY,OC,10000000.0,2022-11-15,1048,16
BHARATIYA JANATA PARTY,OC,10000000.0,2022-11-15,1048,16
BHARATIYA JANATA PARTY,OC,10000000.0,2022-11-15,1048,16
BHARATIYA JANATA PARTY,OC,10000000.0,2022-11-15,1048,16
BHARATIYA JANATA PARTY,OC,10000000.0,2022-11-15,1048,16
BHARATIYA JANATA PARTY,OC,10000000.0,2022-11-15,1048,16
BHARATIYA JANATA PARTY,OC,10000000.0,2022-11-15,1048,16
BHARATIYA JANATA PARTY,OC,10000000.0,2022-11-15,1048,16
BHARATIYA JANATA PARTY,OC,10000000.0,2022-11-15,1048,16
BHARATIYA JANATA PARTY,OC,10000000.0,2022-11-10,1318,16
BHARATIYA JANATA PARTY,OC,10000000.0,2022-11-10,1318,16
BHARATIYA JANATA PARTY,OC,10000000.0,2022-11-10,1318,16
BHARATIYA JANATA PARTY,OC,10000000.0,2022-11-10,1977,16
BHARATIYA JANATA PARTY,OC,10000000.0,2022-11-10,1977,16
BHARATIYA JANATA PARTY,OC,10000000.0,2022-11-10,1977,16
BHARATIYA JANATA PARTY,OC,10000000.0,2022-11-10,1977,16
BHARATIYA JANATA PARTY,OC,10000000.0,2022-11-10,1977,16
BHARATIYA JANATA PARTY,OC,10000000.0,2022-11-10,1977,16
BHARATIYA JANATA PARTY,OC,10000000.0,2022-11-10,1977,16
BHARATIYA JANATA PARTY,OC,10000000.0,2022-11-10,1977,16
BHARATIYA JANATA PARTY,OC,10000000.0,2022-11-10,1977,16
BHARATIYA JANATA PARTY,OC,10000000.0,2022-11-10,1977,16
BHARATIYA JANATA PARTY,OC,10000000.0,2022-11-10,1977,16
BHARATIYA JANATA PARTY,OC,10000000.0,2022-11-10,1977,16
BHARATIYA JANATA PARTY,TL,1000000.0,2022-11-14,4054,16
BHARATIYA JANATA PARTY,TL,1000000.0,2022-11-14,4054,16
BHARATIYA JANATA PARTY,TL,1000000.0,2022-11-14,1382,16
BHARATIYA JANATA PARTY,TL,1000000.0,2022-11-14,1382,16
BHARATIYA JANATA PARTY,TL,1000000.0,2022-11-14,1382,16
BHARATIYA JANATA PARTY,TL,1000000.0,2022-11-15,2338,16
BHARATIYA JANATA PARTY,TL,1000000.0,2022-11-15,2338,16
BHARATIYA JANATA PARTY,TL,1000000.0,2022-11-15,2338,16
BHARATIYA JANATA PARTY,TL,1000000.0,2022-11-15,2095,16
BHARATIYA JANATA PARTY,TL,1000000.0,2022-11-15,2095,16
BHARATIYA JANATA PARTY,TL,1000000.0,2022-11-15,2052,16
BHARATIYA JANATA PARTY,TL,1000000.0,2022-11-15,2700,16
BHARATIYA JANATA PARTY,TL,1000000.0,2022-11-15,2700,16
BHARATIYA JANATA PARTY,TL,1000000.0,2022-11-15,3340,16
BHARATIYA JANATA PARTY,TL,1000000.0,2022-11-15,1729,16
BHARATIYA JANATA PARTY,TL,1000000.0,2022-11-15,1729,16
BHARATIYA JANATA PARTY,TL,1000000.0,2022-11-15,3260,16
BHARATIYA JANATA PARTY,TL,1000000.0,2022-11-15,1550,16
BHARATIYA JANATA PARTY,TL,1000000.0,2022-11-15,3163,16
BHARATIYA JANATA PARTY,OL,100000.0,2022-11-14,1382,16
BHARATIYA JANATA PARTY,OL,100000.0,2022-11-14,1382,16
BHARATIYA JANATA PARTY,OL,100000.0,2022-11-14,1382,16
BHARATIYA JANATA PARTY,OL,100000.0,2022-11-14,1382,16
BHARATIYA JANATA PARTY,OL,100000.0,2022-11-14,1382,16
BHARATIYA JANATA PARTY,OL,100000.0,2022-11-14,1382,16
BHARATIYA JANATA PARTY,OL,100000.0,2022-11-14,1382,16
BHARATIYA JANATA PARTY,OL,100000.0,2022-11-14,1382,16
BHARATIYA JANATA PARTY,OL,100000.0,2022-11-15,2338,16
BHARATIYA JANATA PARTY,OL,100000.0,2022-11-15,2338,16
BHARATIYA JANATA PARTY,OL,100000.0,2022-11-15,2338,16
BHARATIYA JANATA PARTY,OL,100000.0,2022-11-15,2338,16
BHARATIYA JANATA PARTY,OL,100000.0,2022-11-15,2338,16
BHARATIYA JANATA PARTY,OL,100000.0,2022-11-15,2338,16
BHARATIYA JANATA PARTY,OL,100000.0,2022-11-15,2338,16
BHARATIYA JANATA PARTY,OL,100000.0,2022-11-15,2338,16
BHARATIYA JANATA PARTY,OL,100000.0,2022-11-15,2095,16
BHARATIYA JANATA PARTY,OL,100000.0,2022-11-15,2095,16
BHARATIYA JANATA PARTY,OL,100000.0,2022-11-15,2095,16
BHARATIYA JANATA PARTY,OL,100000.0,2022-11-15,2095,16
BHARATIYA JANATA PARTY,OL,100000.0,2022-11-15,2052,16
BHARATIYA JANATA PARTY,OL,100000.0,2022-11-15,2052,16
BHARATIYA JANATA PARTY,OL,100000.0,2022-11-15,2052,16
BHARATIYA JANATA PARTY,OL,100000.0,2022-11-15,2052,16
BHARATIYA JANATA PARTY,OL,100000.0,2022-11-15,2052,16
BHARATIYA JANATA PARTY,OL,100000.0,2022-11-15,2052,16
BHARATIYA JANATA PARTY,OL,100000.0,2022-11-15,2052,16
BHARATIYA JANATA PARTY,OL,100000.0,2022-11-15,2052,16
BHARATIYA JANATA PARTY,OL,100000.0,2022-11-15,2052,16
BHARATIYA JANATA PARTY,OL,100000.0,2022-11-15,2700,16
BHARATIYA JANATA PARTY,OL,100000.0,2022-11-15,2700,16
BHARATIYA JANATA PARTY,OL,100000.0,2022-11-15,2700,16
BHARATIYA JANATA PARTY,OL,100000.0,2022-11-15,2700,16
BHARATIYA JANATA PARTY,OL,100000.0,2022-11-15,2700,16
BHARATIYA JANATA PARTY,OL,100000.0,2022-11-15,2700,16
BHARATIYA JANATA PARTY,OL,100000.0,2022-11-15,2700,16
BHARATIYA JANATA PARTY,OL,100000.0,2022-11-15,2700,16
BHARATIYA JANATA PARTY,OL,100000.0,2022-11-15,2700,16
BHARATIYA JANATA PARTY,OL,100000.0,2022-11-15,3340,16
BHARATIYA JANATA PARTY,OL,100000.0,2022-11-15,3340,16
BHARATIYA JANATA PARTY,OL,100000.0,2022-11-15,3340,16
BHARATIYA JANATA PARTY,OL,100000.0,2022-11-15,3340,16
BHARATIYA JANATA PARTY,OL,100000.0,2022-11-15,3340,16
BHARATIYA JANATA PARTY,OL,100000.0,2022-11-15,1729,16
BHARATIYA JANATA PARTY,OL,100000.0,2022-11-15,1729,16
BHARATIYA JANATA PARTY,OL,100000.0,2022-11-15,1729,16
BHARATIYA JANATA PARTY,OL,100000.0,2022-11-15,1729,16
BHARATIYA JANATA PARTY,OL,100000.0,2022-11-15,1729,16
BHARATIYA JANATA PARTY,OL,100000.0,2022-11-15,1729,16
BHARATIYA JANATA PARTY,OL,100000.0,2022-11-15,1729,16
BHARATIYA JANATA PARTY,OL,100000.0,2022-11-15,1729,16
BHARATIYA JANATA PARTY,OL,100000.0,2022-11-15,3260,16
BHARATIYA JANATA PARTY,OL,100000.0,2022-11-15,3260,16
BHARATIYA JANATA PARTY,OL,100000.0,2022-11-15,3260,16
BHARATIYA JANATA PARTY,OL,100000.0,2022-11-15,1550,16
BHARATIYA JANATA PARTY,OL,100000.0,2022-11-15,1550,16
BHARATIYA JANATA PARTY,OL,100000.0,2022-11-15,1550,16
BHARATIYA JANATA PARTY,OL,100000.0,2022-11-15,1550,16
BHARATIYA JANATA PARTY,OL,100000.0,2022-11-15,1550,16
BHARATIYA JANATA PARTY,OL,100000.0,2022-11-15,1550,16
BHARATIYA JANATA PARTY,OL,100000.0,2022-11-15,1550,16
BHARATIYA JANATA PARTY,OL,100000.0,2022-11-15,1550,16
BHARATIYA JANATA PARTY,OL,100000.0,2022-11-15,1550,16
BHARATIYA JANATA PARTY,OL,100000.0,2022-11-15,3163,16
BHARATIYA JANATA PARTY,OL,100000.0,2022-11-15,3163,16
BHARATIYA JANATA PARTY,OL,100000.0,2022-11-15,3163,16
BHARATIYA JANATA PARTY,OL,100000.0,2022-11-15,3163,16
BHARATIYA JANATA PARTY,TT,10000.0,2022-11-15,2338,16
BHARATIYA JANATA PARTY,TT,10000.0,2022-11-15,2338,16
BHARATIYA JANATA PARTY,TT,10000.0,2022-11-15,2338,16
BHARATIYA JANATA PARTY,TT,10000.0,2022-11-15,2095,16
BHARATIYA JANATA PARTY,TT,10000.0,2022-11-15,2095,16
BHARATIYA JANATA PARTY,TT,10000.0,2022-11-15,2095,16
BHARATIYA JANATA PARTY,TT,10000.0,2022-11-15,2095,16
BHARATIYA JANATA PARTY,TT,10000.0,2022-11-15,2095,16
BHARATIYA JANATA PARTY,TT,10000.0,2022-11-15,2095,16
BHARATIYA JANATA PARTY,TT,10000.0,2022-11-15,2095,16
BHARATIYA JANATA PARTY,TT,10000.0,2022-11-15,2095,16
BHARATIYA JANATA PARTY,TT,10000.0,2022-11-15,2052,16
BHARATIYA JANATA PARTY,TT,10000.0,2022-11-15,1729,16
BHARATIYA JANATA PARTY,TT,10000.0,2022-11-15,1729,16
BHARATIYA JANATA PARTY,TT,10000.0,2022-11-15,1729,16
BHARATIYA JANATA PARTY,TT,10000.0,2022-11-15,3260,16
BHARATIYA JANATA PARTY,TT,10000.0,2022-11-15,3260,16
BHARATIYA JANATA PARTY,TT,10000.0,2022-11-15,3260,16
BHARATIYA JANATA PARTY,TT,10000.0,2022-11-15,3260,16
BHARATIYA JANATA PARTY,TT,10000.0,2022-11-15,3260,16
BHARATIYA JANATA PARTY,TT,10000.0,2022-11-15,3260,16
BHARATIYA JANATA PARTY,TT,10000.0,2022-11-15,1550,16
BHARATIYA JANATA PARTY,TT,10000.0,2022-11-15,3163,16
BHARATIYA JANATA PARTY,TT,10000.0,2022-11-15,3163,16
BHARATIYA JANATA PARTY,TT,10000.0,2022-11-15,3163,16
BHARATIYA JANATA PARTY,TT,10000.0,2022-11-15,3163,16
BHARATIYA JANATA PARTY,TT,10000.0,2022-11-15,3163,16
BHARATIYA JANATA PARTY,OT,1000.0,2022-11-15,2095,16
BHARATIYA JANATA PARTY,OT,1000.0,2022-11-15,2095,16
BHARATIYA JANATA PARTY,OT,1000.0,2022-11-15,2095,16
BHARATIYA JANATA PARTY,OT,1000.0,2022-11-15,2095,16
BHARATIYA JANATA PARTY,OT,1000.0,2022-11-15,2052,16
BHARATIYA JANATA PARTY,OT,1000.0,2022-11-15,2052,16
BHARATIYA JANATA PARTY,OT,1000.0,2022-11-15,2052,16
BHARATIYA JANATA PARTY,OT,1000.0,2022-11-15,2052,16
BHARATIYA JANATA PARTY,OT,1000.0,2022-11-15,2052,16
BHARATIYA JANATA PARTY,OT,1000.0,2022-11-15,3340,16
BHARATIYA JANATA PARTY,OT,1000.0,2022-11-15,3340,16
BHARATIYA JANATA PARTY,OT,1000.0,2022-11-15,3340,16
BHARATIYA JANATA PARTY,OT,1000.0,2022-11-15,3340,16
BHARATIYA JANATA PARTY,OT,1000.0,2022-11-15,1729,16
BHARATIYA JANATA PARTY,OT,1000.0,2022-11-15,1729,16
BHARATIYA JANATA PARTY,OT,1000.0,2022-11-15,1729,16
BHARATIYA JANATA PARTY,OT,1000.0,2022-11-15,3260,16
BHARATIYA JANATA PARTY,OT,1000.0,2022-11-15,3260,16
BHARATIYA JANATA PARTY,OT,1000.0,2022-11-15,3260,16
BHARATIYA JANATA PARTY,OT,1000.0,2022-11-15,3260,16
BHARATIYA JANATA PARTY,OT,1000.0,2022-11-15,3260,16
BHARATIYA JANATA PARTY,OT,1000.0,2022-11-15,3260,16
BHARATIYA JANATA PARTY,OT,1000.0,2022-11-15,3260,16
BHARATIYA JANATA PARTY,OT,1000.0,2022-11-15,3260,16
BHARATIYA JANATA PARTY,OT,1000.0,2022-11-15,1550,16
BHARATIYA JANATA PARTY,OT,1000.0,2022-11-15,1550,16
BHARATIYA JANATA PARTY,OT,1000.0,2022-11-15,1550,16
BHARATIYA JANATA PARTY,OT,1000.0,2022-11-15,1550,16
BHARATIYA JANATA PARTY,OT,1000.0,2022-11-15,1550,16
BHARATIYA JANATA PARTY,OC,10000000.0,2022-11-15,2555,16
BHARATIYA JANATA PARTY,OC,10000000.0,2022-11-15,2555,16
BHARATIYA JANATA PARTY,OC,10000000.0,2022-11-15,2555,16
BHARATIYA JANATA PARTY,OC,10000000.0,2022-11-15,2555,16
BHARATIYA JANATA PARTY,OC,10000000.0,2022-11-15,812,16
BHARATIYA JANATA PARTY,OC,10000000.0,2022-11-15,1584,16
BHARATIYA JANATA PARTY,OC,10000000.0,2022-11-15,1584,16
BHARATIYA JANATA PARTY,OC,10000000.0,2022-11-15,1584,16
BHARATIYA JANATA PARTY,OC,10000000.0,2022-11-15,3942,16
BHARATIYA JANATA PARTY,OC,10000000.0,2022-11-15,3942,16
BHARATIYA JANATA PARTY,OC,10000000.0,2022-11-15,3942,16
BHARATIYA JANATA PARTY,OC,10000000.0,2022-11-15,3942,16
BHARATIYA JANATA PARTY,OC,10000000.0,2022-11-15,3942,16
BHARATIYA JANATA PARTY,TL,1000000.0,2022-11-14,869,16
BHARATIYA JANATA PARTY,TL,1000000.0,2022-11-14,869,16
BHARATIYA JANATA PARTY,TL,1000000.0,2022-11-14,869,16
BHARATIYA JANATA PARTY,TL,1000000.0,2022-11-14,869,16
BHARATIYA JANATA PARTY,TL,1000000.0,2022-11-14,869,16
BHARATIYA JANATA PARTY,OC,10000000.0,2022-12-12,2727,17
BHARATIYA JANATA PARTY,OC,10000000.0,2022-12-12,2727,17
BHARATIYA JANATA PARTY,OC,10000000.0,2022-12-12,2727,17
BHARATIYA JANATA PARTY,OC,10000000.0,2022-12-12,2727,17
BHARATIYA JANATA PARTY,OC,10000000.0,2022-12-12,2727,17
BHARATIYA JANATA PARTY,OC,10000000.0,2022-12-12,2727,17
BHARATIYA JANATA PARTY,OC,10000000.0,2022-12-12,2727,17
BHARATIYA JANATA PARTY,OC,10000000.0,2022-12-12,2727,17
BHARATIYA JANATA PARTY,OC,10000000.0,2022-12-12,2727,17
BHARATIYA JANATA PARTY,OC,10000000.0,2022-12-12,2727,17
BHARATIYA JANATA PARTY,OC,10000000.0,2022-12-12,2727,17
BHARATIYA JANATA PARTY,OC,10000000.0,2022-12-12,2727,17
BHARATIYA JANATA PARTY,OC,10000000.0,2022-12-12,2727,17
BHARATIYA JANATA PARTY,OC,10000000.0,2022-12-12,2727,17
BHARATIYA JANATA PARTY,OC,10000000.0,2022-12-12,2727,17
BHARATIYA JANATA PARTY,OC,10000000.0,2022-12-12,2727,17
BHARATIYA JANATA PARTY,OC,10000000.0,2022-12-12,2727,17
BHARATIYA JANATA PARTY,OC,10000000.0,2022-12-12,2727,17
BHARATIYA JANATA PARTY,OC,10000000.0,2022-12-12,2727,17
BHARATIYA JANATA PARTY,OC,10000000.0,2022-12-12,2727,17
BHARATIYA JANATA PARTY,OC,10000000.0,2022-12-12,2727,17
BHARATIYA JANATA PARTY,OC,10000000.0,2022-12-12,2727,17
BHARATIYA JANATA PARTY,OC,10000000.0,2022-12-12,2727,17
BHARATIYA JANATA PARTY,OC,10000000.0,2022-12-12,2727,17
BHARATIYA JANATA PARTY,OC,10000000.0,2022-12-12,2727,17
BHARATIYA JANATA PARTY,OC,10000000.0,2022-12-12,2727,17
BHARATIYA JANATA PARTY,OC,10000000.0,2022-12-12,2727,17
BHARATIYA JANATA PARTY,OC,10000000.0,2022-12-12,2727,17
BHARATIYA JANATA PARTY,OC,10000000.0,2022-12-12,2727,17
BHARATIYA JANATA PARTY,OC,10000000.0,2022-12-12,2727,17
BHARATIYA JANATA PARTY,OC,10000000.0,2022-12-12,2727,17
BHARATIYA JANATA PARTY,OC,10000000.0,2022-12-12,2727,17
BHARATIYA JANATA PARTY,OC,10000000.0,2022-12-12,2727,17
BHARATIYA JANATA PARTY,OC,10000000.0,2022-12-12,2727,17
BHARATIYA JANATA PARTY,OC,10000000.0,2022-12-12,2727,17
BHARATIYA JANATA PARTY,OC,10000000.0,2022-12-12,2116,17
BHARATIYA JANATA PARTY,OC,10000000.0,2022-12-12,2116,17
BHARATIYA JANATA PARTY,OC,10000000.0,2022-12-12,2116,17
BHARATIYA JANATA PARTY,OC,10000000.0,2022-12-12,2116,17
BHARATIYA JANATA PARTY,OC,10000000.0,2022-12-12,2116,17
BHARATIYA JANATA PARTY,OC,10000000.0,2022-12-12,2116,17
BHARATIYA JANATA PARTY,OC,10000000.0,2022-12-12,2116,17
BHARATIYA JANATA PARTY,OC,10000000.0,2022-12-12,2116,17
BHARATIYA JANATA PARTY,OC,10000000.0,2022-12-12,2116,17
BHARATIYA JANATA PARTY,OC,10000000.0,2022-12-12,2116,17
BHARATIYA JANATA PARTY,OC,10000000.0,2022-12-12,3285,17
BHARATIYA JANATA PARTY,OC,10000000.0,2022-12-12,3285,17
BHARATIYA JANATA PARTY,OC,10000000.0,2022-12-12,3285,17
BHARATIYA JANATA PARTY,OC,10000000.0,2022-12-12,3285,17
BHARATIYA JANATA PARTY,OC,10000000.0,2022-12-12,3285,17
BHARATIYA JANATA PARTY,OC,10000000.0,2022-12-12,3285,17
BHARATIYA JANATA PARTY,OC,10000000.0,2022-12-12,3285,17
BHARATIYA JANATA PARTY,OC,10000000.0,2022-12-12,3285,17
BHARATIYA JANATA PARTY,OC,10000000.0,2022-12-12,3285,17
BHARATIYA JANATA PARTY,OC,10000000.0,2022-12-12,3285,17
BHARATIYA JANATA PARTY,OC,10000000.0,2022-12-12,3285,17
BHARATIYA JANATA PARTY,OC,10000000.0,2022-12-12,3285,17
BHARATIYA JANATA PARTY,OC,10000000.0,2022-12-12,3285,17
BHARATIYA JANATA PARTY,OC,10000000.0,2022-12-12,3285,17
BHARATIYA JANATA PARTY,OC,10000000.0,2022-12-12,3285,17
BHARATIYA JANATA PARTY,OC,10000000.0,2022-12-12,3285,17
BHARATIYA JANATA PARTY,OC,10000000.0,2022-12-12,3285,17
BHARATIYA JANATA PARTY,OC,10000000.0,2022-12-12,3285,17
BHARATIYA JANATA PARTY,OC,10000000.0,2022-12-12,3285,17
BHARATIYA JANATA PARTY,OC,10000000.0,2022-12-12,3285,17
BHARATIYA JANATA PARTY,OC,10000000.0,2022-12-12,3285,17
BHARATIYA JANATA PARTY,OC,10000000.0,2022-12-12,3285,17
BHARATIYA JANATA PARTY,OC,10000000.0,2022-12-12,3285,17
BHARATIYA JANATA PARTY,OC,10000000.0,2022-12-12,3285,17
BHARATIYA JANATA PARTY,OC,10000000.0,2022-12-12,3285,17
BHARATIYA JANATA PARTY,OC,10000000.0,2022-12-12,3285,17
BHARATIYA JANATA PARTY,OC,10000000.0,2022-12-12,3285,17
BHARATIYA JANATA PARTY,OC,10000000.0,2022-12-12,3285,17
BHARATIYA JANATA PARTY,OC,10000000.0,2022-12-12,3285,17
BHARATIYA JANATA PARTY,OC,10000000.0,2022-12-12,3285,17
BHARATIYA JANATA PARTY,OC,10000000.0,2022-12-12,3285,17
BHARATIYA JANATA PARTY,OC,10000000.0,2022-12-12,3285,17
BHARATIYA JANATA PARTY,OC,10000000.0,2022-12-12,3285,17
BHARATIYA JANATA PARTY,OC,10000000.0,2022-12-12,3285,17
BHARATIYA JANATA PARTY,OC,10000000.0,2022-12-12,3285,17
BHARATIYA JANATA PARTY,OC,10000000.0,2022-12-12,3285,17
BHARATIYA JANATA PARTY,OC,10000000.0,2022-12-12,3285,17
BHARATIYA JANATA PARTY,OC,10000000.0,2022-12-12,3285,17
BHARATIYA JANATA PARTY,OC,10000000.0,2022-12-12,3285,17
BHARATIYA JANATA PARTY,OC,10000000.0,2022-12-12,3285,17
BHARATIYA JANATA PARTY,OC,10000000.0,2022-12-12,3285,17
BHARATIYA JANATA PARTY,OC,10000000.0,2022-12-12,3285,17
BHARATIYA JANATA PARTY,OC,10000000.0,2022-12-12,3285,17
BHARATIYA JANATA PARTY,OC,10000000.0,2022-12-12,3285,17
BHARATIYA JANATA PARTY,OC,10000000.0,2022-12-12,3285,17
BHARATIYA JANATA PARTY,OC,10000000.0,2022-12-12,3285,17
BHARATIYA JANATA PARTY,OC,10000000.0,2022-12-12,3285,17
BHARATIYA JANATA PARTY,OC,10000000.0,2022-12-12,3285,17
BHARATIYA JANATA PARTY,OC,10000000.0,2022-12-12,3285,17
BHARATIYA JANATA PARTY,OC,10000000.0,2022-12-12,3285,17
BHARATIYA JANATA PARTY,OC,10000000.0,2022-12-12,3285,17
BHARATIYA JANATA PARTY,OC,10000000.0,2022-12-12,3285,17
BHARATIYA JANATA PARTY,OC,10000000.0,2022-12-12,3285,17
BHARATIYA JANATA PARTY,OC,10000000.0,2022-12-12,3285,17
BHARATIYA JANATA PARTY,OC,10000000.0,2022-12-12,3285,17
BHARATIYA JANATA PARTY,OC,10000000.0,2022-12-06,1052,17
BHARATIYA JANATA PARTY,OC,10000000.0,2022-12-06,1052,17
BHARATIYA JANATA PARTY,OC,10000000.0,2022-12-06,1052,17
BHARATIYA JANATA PARTY,OC,10000000.0,2022-12-06,1052,17
BHARATIYA JANATA PARTY,OC,10000000.0,2022-12-06,1052,17
BHARATIYA JANATA PARTY,OC,10000000.0,2022-12-12,734,17
BHARATIYA JANATA PARTY,OC,10000000.0,2022-12-12,734,17
BHARATIYA JANATA PARTY,TL,1000000.0,2022-12-09,2316,17
BHARATIYA JANATA PARTY,TL,1000000.0,2022-12-09,2316,17
BHARATIYA JANATA PARTY,TL,1000000.0,2022-12-09,2316,17
BHARATIYA JANATA PARTY,TL,1000000.0,2022-12-09,2316,17
BHARATIYA JANATA PARTY,TL,1000000.0,2022-12-09,2316,17
BHARATIYA JANATA PARTY,TL,1000000.0,2022-12-09,2316,17
BHARATIYA JANATA PARTY,TL,1000000.0,2022-12-09,2316,17
BHARATIYA JANATA PARTY,TL,1000000.0,2022-12-09,2316,17
BHARATIYA JANATA PARTY,TL,1000000.0,2022-12-09,2316,17
BHARATIYA JANATA PARTY,TL,1000000.0,2022-12-09,2316,17
BHARATIYA JANATA PARTY,TL,1000000.0,2022-12-09,2316,17
BHARATIYA JANATA PARTY,TL,1000000.0,2022-12-09,2316,17
BHARATIYA JANATA PARTY,TL,1000000.0,2022-12-09,2316,17
BHARATIYA JANATA PARTY,TL,1000000.0,2022-12-09,2316,17
BHARATIYA JANATA PARTY,TL,1000000.0,2022-12-09,2316,17
BHARATIYA JANATA PARTY,TL,1000000.0,2022-12-09,2316,17
BHARATIYA JANATA PARTY,TL,1000000.0,2022-12-09,2316,17
BHARATIYA JANATA PARTY,TL,1000000.0,2022-12-09,2316,17
BHARATIYA JANATA PARTY,TL,1000000.0,2022-12-09,2316,17
BHARATIYA JANATA PARTY,TL,1000000.0,2022-12-09,2316,17
BHARATIYA JANATA PARTY,OC,10000000.0,2022-12-12,734,17
BHARATIYA JANATA PARTY,OC,10000000.0,2022-12-12,734,17
BHARATIYA JANATA PARTY,OC,10000000.0,2022-12-12,734,17
BHARATIYA JANATA PARTY,OC,10000000.0,2022-12-12,734,17
BHARATIYA JANATA PARTY,OC,10000000.0,2022-12-12,734,17
BHARATIYA JANATA PARTY,OC,10000000.0,2022-12-12,734,17
BHARATIYA JANATA PARTY,OC,10000000.0,2022-12-12,734,17
BHARATIYA JANATA PARTY,OC,10000000.0,2022-12-12,734,17
BHARATIYA JANATA PARTY,OC,10000000.0,2022-12-12,734,17
BHARATIYA JANATA PARTY,OC,10000000.0,2022-12-12,734,17
BHARATIYA JANATA PARTY,OC,10000000.0,2022-12-12,734,17
BHARATIYA JANATA PARTY,OC,10000000.0,2022-12-12,734,17
BHARATIYA JANATA PARTY,OC,10000000.0,2022-12-12,734,17
BHARATIYA JANATA PARTY,OC,10000000.0,2022-12-12,734,17
BHARATIYA JANATA PARTY,OC,10000000.0,2022-12-12,734,17
BHARATIYA JANATA PARTY,OC,10000000.0,2022-12-12,734,17
BHARATIYA JANATA PARTY,OC,10000000.0,2022-12-12,734,17
BHARATIYA JANATA PARTY,OC,10000000.0,2022-12-12,734,17
BHARATIYA JANATA PARTY,OC,10000000.0,2022-12-12,734,17
BHARATIYA JANATA PARTY,OC,10000000.0,2022-12-12,734,17
BHARATIYA JANATA PARTY,OC,10000000.0,2022-12-12,734,17
BHARATIYA JANATA PARTY,OC,10000000.0,2022-12-12,734,17
BHARATIYA JANATA PARTY,OC,10000000.0,2022-12-12,734,17
BHARATIYA JANATA PARTY,OC,10000000.0,2022-12-12,734,17
BHARATIYA JANATA PARTY,OC,10000000.0,2022-12-12,734,17
BHARATIYA JANATA PARTY,OC,10000000.0,2022-12-12,734,17
BHARATIYA JANATA PARTY,OC,10000000.0,2022-12-12,734,17
BHARATIYA JANATA PARTY,OC,10000000.0,2022-12-12,734,17
BHARATIYA JANATA PARTY,OC,10000000.0,2022-12-12,734,17
BHARATIYA JANATA PARTY,OC,10000000.0,2022-12-12,734,17
BHARATIYA JANATA PARTY,OC,10000000.0,2022-12-12,734,17
BHARATIYA JANATA PARTY,OC,10000000.0,2022-12-12,734,17
BHARATIYA JANATA PARTY,OC,10000000.0,2022-12-12,734,17
BHARATIYA JANATA PARTY,OC,10000000.0,2022-12-12,734,17
BHARATIYA JANATA PARTY,OC,10000000.0,2022-12-12,734,17
BHARATIYA JANATA PARTY,OC,10000000.0,2022-12-12,734,17
BHARATIYA JANATA PARTY,OC,10000000.0,2022-12-12,734,17
BHARATIYA JANATA PARTY,OC,10000000.0,2022-12-12,734,17
BHARATIYA JANATA PARTY,OC,10000000.0,2022-12-12,734,17
BHARATIYA JANATA PARTY,OC,10000000.0,2022-12-12,734,17
BHARATIYA JANATA PARTY,OC,10000000.0,2022-12-12,734,17
BHARATIYA JANATA PARTY,OC,10000000.0,2022-12-12,734,17
BHARATIYA JANATA PARTY,OC,10000000.0,2022-12-12,734,17
BHARATIYA JANATA PARTY,OC,10000000.0,2022-12-12,734,17
BHARATIYA JANATA PARTY,OC,10000000.0,2022-12-12,734,17
BHARATIYA JANATA PARTY,OC,10000000.0,2022-12-12,734,17
BHARATIYA JANATA PARTY,OC,10000000.0,2022-12-12,734,17
BHARATIYA JANATA PARTY,OC,10000000.0,2022-12-12,734,17
BHARATIYA JANATA PARTY,OC,10000000.0,2022-12-12,734,17
BHARATIYA JANATA PARTY,OC,10000000.0,2022-12-07,3096,17
BHARATIYA JANATA PARTY,OC,10000000.0,2022-12-07,3096,17
BHARATIYA JANATA PARTY,OC,10000000.0,2022-12-12,734,17
BHARATIYA JANATA PARTY,OC,10000000.0,2022-12-12,734,17
BHARATIYA JANATA PARTY,OC,10000000.0,2022-12-12,734,17
BHARATIYA JANATA PARTY,OC,10000000.0,2022-12-12,734,17
BHARATIYA JANATA PARTY,OC,10000000.0,2022-12-12,734,17
BHARATIYA JANATA PARTY,OC,10000000.0,2023-01-24,749,18
BHARATIYA JANATA PARTY,OC,10000000.0,2023-01-24,749,18
BHARATIYA JANATA PARTY,OC,10000000.0,2023-01-24,749,18
BHARATIYA JANATA PARTY,OC,10000000.0,2023-01-24,749,18
BHARATIYA JANATA PARTY,OC,10000000.0,2023-01-24,749,18
BHARATIYA JANATA PARTY,OC,10000000.0,2023-01-24,749,18
BHARATIYA JANATA PARTY,OC,10000000.0,2023-01-24,749,18
BHARATIYA JANATA PARTY,OC,10000000.0,2023-01-24,749,18
BHARATIYA JANATA PARTY,OC,10000000.0,2023-01-24,749,18
BHARATIYA JANATA PARTY,OC,10000000.0,2023-01-24,749,18
BHARATIYA JANATA PARTY,OC,10000000.0,2023-01-24,749,18
BHARATIYA JANATA PARTY,OC,10000000.0,2023-01-24,749,18
BHARATIYA JANATA PARTY,OC,10000000.0,2023-01-24,749,18
BHARATIYA JANATA PARTY,OC,10000000.0,2023-01-24,749,18
BHARATIYA JANATA PARTY,OC,10000000.0,2023-01-24,749,18
BHARATIYA JANATA PARTY,OC,10000000.0,2023-01-25,90,18
BHARATIYA JANATA PARTY,OC,10000000.0,2023-01-25,90,18
BHARATIYA JANATA PARTY,OC,10000000.0,2023-01-25,90,18
BHARATIYA JANATA PARTY,OC,10000000.0,2023-01-25,90,18
BHARATIYA JANATA PARTY,OC,10000000.0,2023-01-25,90,18
BHARATIYA JANATA PARTY,OC,10000000.0,2023-01-25,90,18
BHARATIYA JANATA PARTY,OC,10000000.0,2023-01-25,90,18
BHARATIYA JANATA PARTY,OC,10000000.0,2023-01-25,90,18
BHARATIYA JANATA PARTY,OC,10000000.0,2023-01-25,90,18
BHARATIYA JANATA PARTY,OC,10000000.0,2023-01-25,90,18
BHARATIYA JANATA PARTY,OC,10000000.0,2023-01-25,90,18
BHARATIYA JANATA PARTY,OC,10000000.0,2023-01-25,90,18
BHARATIYA JANATA PARTY,OC,10000000.0,2023-01-25,90,18
BHARATIYA JANATA PARTY,OC,10000000.0,2023-01-25,90,18
BHARATIYA JANATA PARTY,OC,10000000.0,2023-01-25,90,18
BHARATIYA JANATA PARTY,OC,10000000.0,2023-01-21,2630,18
BHARATIYA JANATA PARTY,OC,10000000.0,2023-01-21,2630,18
BHARATIYA JANATA PARTY,OC,10000000.0,2023-01-21,2630,18
BHARATIYA JANATA PARTY,OC,10000000.0,2023-01-21,2630,18
BHARATIYA JANATA PARTY,OC,10000000.0,2023-01-21,2630,18
BHARATIYA JANATA PARTY,OC,10000000.0,2023-01-21,2630,18
BHARATIYA JANATA PARTY,OC,10000000.0,2023-01-21,2630,18
BHARATIYA JANATA PARTY,OC,10000000.0,2023-01-21,2630,18
BHARATIYA JANATA PARTY,OC,10000000.0,2023-01-21,2630,18
BHARATIYA JANATA PARTY,OC,10000000.0,2023-01-21,2630,18
BHARATIYA JANATA PARTY,OC,10000000.0,2023-01-21,2630,18
BHARATIYA JANATA PARTY,OC,10000000.0,2023-01-21,2630,18
BHARATIYA JANATA PARTY,OC,10000000.0,2023-01-21,2630,18
BHARATIYA JANATA PARTY,OC,10000000.0,2023-01-21,2630,18
BHARATIYA JANATA PARTY,OC,10000000.0,2023-01-21,2630,18
BHARATIYA JANATA PARTY,OC,10000000.0,2023-01-21,2630,18
BHARATIYA JANATA PARTY,OC,10000000.0,2023-01-21,2630,18
BHARATIYA JANATA PARTY,OC,10000000.0,2023-01-21,2630,18
BHARATIYA JANATA PARTY,OC,10000000.0,2023-01-21,2630,18
BHARATIYA JANATA PARTY,OC,10000000.0,2023-01-21,2630,18
BHARATIYA JANATA PARTY,OC,10000000.0,2023-01-21,1629,18
BHARATIYA JANATA PARTY,OC,10000000.0,2023-01-21,1629,18
BHARATIYA JANATA PARTY,OC,10000000.0,2023-01-21,1629,18
BHARATIYA JANATA PARTY,OC,10000000.0,2023-01-21,1629,18
BHARATIYA JANATA PARTY,OC,10000000.0,2023-01-21,1629,18
BHARATIYA JANATA PARTY,OC,10000000.0,2023-01-21,1629,18
BHARATIYA JANATA PARTY,OC,10000000.0,2023-01-21,1629,18
BHARATIYA JANATA PARTY,OC,10000000.0,2023-01-21,1629,18
BHARATIYA JANATA PARTY,OC,10000000.0,2023-01-21,1629,18
BHARATIYA JANATA PARTY,OC,10000000.0,2023-01-21,1629,18
BHARATIYA JANATA PARTY,OC,10000000.0,2023-01-21,1629,18
BHARATIYA JANATA PARTY,OC,10000000.0,2023-01-21,1629,18
BHARATIYA JANATA PARTY,OC,10000000.0,2023-01-21,1629,18
BHARATIYA JANATA PARTY,OC,10000000.0,2023-01-21,1629,18
BHARATIYA JANATA PARTY,OC,10000000.0,2023-01-21,1629,18
BHARATIYA JANATA PARTY,OC,10000000.0,2023-01-21,1629,18
BHARATIYA JANATA PARTY,OC,10000000.0,2023-01-21,1629,18
BHARATIYA JANATA PARTY,OC,10000000.0,2023-01-21,1629,18
BHARATIYA JANATA PARTY,OC,10000000.0,2023-01-21,1629,18
BHARATIYA JANATA PARTY,OC,10000000.0,2023-01-21,1629,18
BHARATIYA JANATA PARTY,OC,10000000.0,2023-01-21,1629,18
BHARATIYA JANATA PARTY,OC,10000000.0,2023-01-21,1629,18
BHARATIYA JANATA PARTY,OC,10000000.0,2023-01-21,1629,18
BHARATIYA JANATA PARTY,OC,10000000.0,2023-01-21,1629,18
BHARATIYA JANATA PARTY,OC,10000000.0,2023-01-21,1629,18
BHARATIYA JANATA PARTY,OC,10000000.0,2023-01-27,4123,18
BHARATIYA JANATA PARTY,OC,10000000.0,2023-01-27,4123,18
BHARATIYA JANATA PARTY,OC,10000000.0,2023-01-27,4123,18
BHARATIYA JANATA PARTY,OC,10000000.0,2023-01-27,4123,18
BHARATIYA JANATA PARTY,OC,10000000.0,2023-01-27,4123,18
BHARATIYA JANATA PARTY,OC,10000000.0,2023-01-27,4123,18
BHARATIYA JANATA PARTY,OC,10000000.0,2023-01-27,4123,18
BHARATIYA JANATA PARTY,OC,10000000.0,2023-01-27,4123,18
BHARATIYA JANATA PARTY,OC,10000000.0,2023-01-27,4123,18
BHARATIYA JANATA PARTY,OC,10000000.0,2023-01-27,4123,18
BHARATIYA JANATA PARTY,OC,10000000.0,2023-01-27,4123,18
BHARATIYA JANATA PARTY,OC,10000000.0,2023-01-27,4123,18
BHARATIYA JANATA PARTY,OC,10000000.0,2023-01-27,4123,18
BHARATIYA JANATA PARTY,OC,10000000.0,2023-01-27,4123,18
BHARATIYA JANATA PARTY,OC,10000000.0,2023-01-27,4123,18
BHARATIYA JANATA PARTY,OC,10000000.0,2023-01-27,4123,18
BHARATIYA JANATA PARTY,OC,10000000.0,2023-01-27,4123,18
BHARATIYA JANATA PARTY,OC,10000000.0,2023-01-27,4123,18
BHARATIYA JANATA PARTY,OC,10000000.0,2023-01-27,4123,18
BHARATIYA JANATA PARTY,OC,10000000.0,2023-01-27,4123,18
BHARATIYA JANATA PARTY,OC,10000000.0,2023-01-27,4123,18
BHARATIYA JANATA PARTY,OC,10000000.0,2023-01-27,4123,18
BHARATIYA JANATA PARTY,OC,10000000.0,2023-01-27,4123,18
BHARATIYA JANATA PARTY,OC,10000000.0,2023-01-27,4123,18
BHARATIYA JANATA PARTY,OC,10000000.0,2023-01-27,4069,18
BHARATIYA JANATA PARTY,OC,10000000.0,2023-01-27,1488,18
BHARATIYA JANATA PARTY,OC,10000000.0,2023-01-27,1488,18
BHARATIYA JANATA PARTY,OC,10000000.0,2023-01-27,1488,18
BHARATIYA JANATA PARTY,OC,10000000.0,2023-01-27,1488,18
BHARATIYA JANATA PARTY,OC,10000000.0,2023-01-27,1488,18
BHARATIYA JANATA PARTY,OC,10000000.0,2023-01-27,734,18
BHARATIYA JANATA PARTY,OC,10000000.0,2023-01-27,734,18
BHARATIYA JANATA PARTY,OC,10000000.0,2023-01-27,734,18
BHARATIYA JANATA PARTY,OC,10000000.0,2023-01-27,734,18
BHARATIYA JANATA PARTY,OC,10000000.0,2023-01-27,734,18
BHARATIYA JANATA PARTY,OC,10000000.0,2023-01-27,734,18
BHARATIYA JANATA PARTY,OC,10000000.0,2023-01-27,734,18
BHARATIYA JANATA PARTY,OC,10000000.0,2023-01-27,734,18
BHARATIYA JANATA PARTY,OC,10000000.0,2023-01-27,734,18
BHARATIYA JANATA PARTY,OC,10000000.0,2023-01-27,734,18
BHARATIYA JANATA PARTY,OC,10000000.0,2023-01-27,734,18
BHARATIYA JANATA PARTY,OC,10000000.0,2023-01-27,734,18
BHARATIYA JANATA PARTY,OC,10000000.0,2023-01-27,734,18
BHARATIYA JANATA PARTY,OC,10000000.0,2023-01-27,734,18
BHARATIYA JANATA PARTY,OC,10000000.0,2023-01-27,734,18
BHARATIYA JANATA PARTY,OC,10000000.0,2023-01-27,734,18
BHARATIYA JANATA PARTY,OC,10000000.0,2023-01-27,734,18
BHARATIYA JANATA PARTY,OC,10000000.0,2023-01-27,734,18
BHARATIYA JANATA PARTY,OC,10000000.0,2023-01-27,734,18
BHARATIYA JANATA PARTY,OC,10000000.0,2023-01-27,734,18
BHARATIYA JANATA PARTY,OC,10000000.0,2023-01-27,734,18
BHARATIYA JANATA PARTY,OC,10000000.0,2023-01-27,734,18
BHARATIYA JANATA PARTY,OC,10000000.0,2023-01-27,734,18
BHARATIYA JANATA PARTY,OC,10000000.0,2023-01-27,734,18
BHARATIYA JANATA PARTY,OC,10000000.0,2023-01-27,734,18
BHARATIYA JANATA PARTY,OC,10000000.0,2023-01-27,734,18
BHARATIYA JANATA PARTY,OC,10000000.0,2023-01-27,734,18
BHARATIYA JANATA PARTY,OC,10000000.0,2023-01-27,734,18
BHARATIYA JANATA PARTY,OC,10000000.0,2023-01-27,734,18
BHARATIYA JANATA PARTY,OC,10000000.0,2023-01-27,734,18
BHARATIYA JANATA PARTY,OC,10000000.0,2023-01-27,734,18
BHARATIYA JANATA PARTY,OC,10000000.0,2023-01-27,734,18
BHARATIYA JANATA PARTY,OC,10000000.0,2023-01-25,400,18
BHARATIYA JANATA PARTY,OC,10000000.0,2023-01-25,400,18
BHARATIYA JANATA PARTY,OC,10000000.0,2023-01-25,400,18
BHARATIYA JANATA PARTY,OC,10000000.0,2023-01-25,400,18
BHARATIYA JANATA PARTY,OC,10000000.0,2023-01-25,400,18
BHARATIYA JANATA PARTY,OC,10000000.0,2023-01-25,400,18
BHARATIYA JANATA PARTY,OC,10000000.0,2023-01-25,400,18
BHARATIYA JANATA PARTY,OC,10000000.0,2023-01-25,400,18
BHARATIYA JANATA PARTY,OC,10000000.0,2023-01-25,400,18
BHARATIYA JANATA PARTY,OC,10000000.0,2023-01-25,400,18
BHARATIYA JANATA PARTY,OC,10000000.0,2023-01-25,400,18
BHARATIYA JANATA PARTY,OC,10000000.0,2023-01-25,400,18
BHARATIYA JANATA PARTY,OC,10000000.0,2023-01-25,400,18
BHARATIYA JANATA PARTY,OC,10000000.0,2023-01-25,400,18
BHARATIYA JANATA PARTY,OC,10000000.0,2023-01-25,400,18
BHARATIYA JANATA PARTY,OC,10000000.0,2023-01-25,400,18
BHARATIYA JANATA PARTY,OC,10000000.0,2023-01-25,400,18
BHARATIYA JANATA PARTY,OC,10000000.0,2023-01-25,400,18
BHARATIYA JANATA PARTY,OC,10000000.0,2023-01-25,4054,18
BHARATIYA JANATA PARTY,OC,10000000.0,2023-01-25,4054,18
BHARATIYA JANATA PARTY,OC,10000000.0,2023-01-25,4054,18
BHARATIYA JANATA PARTY,TL,1000000.0,2023-01-25,4054,18
BHARATIYA JANATA PARTY,TL,1000000.0,2023-01-25,4054,18
BHARATIYA JANATA PARTY,TL,1000000.0,2023-01-25,4054,18
BHARATIYA JANATA PARTY,TL,1000000.0,2023-01-25,4054,18
BHARATIYA JANATA PARTY,TL,1000000.0,2023-01-25,4054,18
BHARATIYA JANATA PARTY,OL,100000.0,2023-01-23,1904,18
BHARATIYA JANATA PARTY,OL,100000.0,2023-01-23,1904,18
BHARATIYA JANATA PARTY,OL,100000.0,2023-01-23,1904,18
BHARATIYA JANATA PARTY,OL,100000.0,2023-01-23,1904,18
BHARATIYA JANATA PARTY,OL,100000.0,2023-01-23,1904,18
BHARATIYA JANATA PARTY,OL,100000.0,2023-01-23,1904,18
BHARATIYA JANATA PARTY,OL,100000.0,2023-01-23,1904,18
BHARATIYA JANATA PARTY,OL,100000.0,2023-01-23,1904,18
BHARATIYA JANATA PARTY,OL,100000.0,2023-01-23,1904,18
BHARATIYA JANATA PARTY,OL,100000.0,2023-01-23,1904,18
BHARATIYA JANATA PARTY,OC,10000000.0,2023-01-25,3096,18
BHARATIYA JANATA PARTY,OC,10000000.0,2023-01-25,3096,18
BHARATIYA JANATA PARTY,OC,10000000.0,2023-01-25,3096,18
BHARATIYA JANATA PARTY,OC,10000000.0,2023-01-27,1342,18
BHARATIYA JANATA PARTY,OC,10000000.0,2023-01-27,1342,18
BHARATIYA JANATA PARTY,OC,10000000.0,2023-01-27,944,18
BHARATIYA JANATA PARTY,OC,10000000.0,2023-01-27,944,18
BHARATIYA JANATA PARTY,OC,10000000.0,2023-01-27,944,18
BHARATIYA JANATA PARTY,OC,10000000.0,2023-01-24,633,18
BHARATIYA JANATA PARTY,OC,10000000.0,2023-01-24,633,18
BHARATIYA JANATA PARTY,OC,10000000.0,2023-01-24,633,18
BHARATIYA JANATA PARTY,OC,10000000.0,2023-01-24,633,18
BHARATIYA JANATA PARTY,OC,10000000.0,2023-01-24,633,18
BHARATIYA JANATA PARTY,OC,10000000.0,2023-01-24,633,18
BHARATIYA JANATA PARTY,OC,10000000.0,2023-01-24,633,18
BHARATIYA JANATA PARTY,OC,10000000.0,2023-01-24,1577,18
BHARATIYA JANATA PARTY,OC,10000000.0,2023-01-24,3719,18
BHARATIYA JANATA PARTY,OC,10000000.0,2023-01-27,4123,18
BHARATIYA JANATA PARTY,OC,10000000.0,2023-01-27,4069,18
BHARATIYA JANATA PARTY,OC,10000000.0,2023-01-27,4069,18
BHARATIYA JANATA PARTY,OC,10000000.0,2023-01-27,4069,18
BHARATIYA JANATA PARTY,OC,10000000.0,2023-01-27,4069,18
BHARATIYA JANATA PARTY,OC,10000000.0,2023-01-27,3826,18
BHARATIYA JANATA PARTY,OC,10000000.0,2023-01-27,3826,18
BHARATIYA JANATA PARTY,OC,10000000.0,2023-01-27,3826,18
BHARATIYA JANATA PARTY,OC,10000000.0,2023-01-27,3826,18
BHARATIYA JANATA PARTY,OC,10000000.0,2023-01-27,3826,18
BHARATIYA JANATA PARTY,OC,10000000.0,2023-01-27,3826,18
BHARATIYA JANATA PARTY,OC,10000000.0,2023-01-27,3826,18
BHARATIYA JANATA PARTY,OC,10000000.0,2023-01-27,3826,18
BHARATIYA JANATA PARTY,OC,10000000.0,2023-01-27,3826,18
BHARATIYA JANATA PARTY,OC,10000000.0,2023-01-27,3826,18
BHARATIYA JANATA PARTY,TL,1000000.0,2023-01-25,4025,18
BHARATIYA JANATA PARTY,TL,1000000.0,2023-01-25,4025,18
BHARATIYA JANATA PARTY,TL,1000000.0,2023-01-25,4025,18
BHARATIYA JANATA PARTY,TL,1000000.0,2023-01-25,4025,18
BHARATIYA JANATA PARTY,TL,1000000.0,2023-01-25,4025,18
BHARATIYA JANATA PARTY,TL,1000000.0,2023-01-27,2481,18
BHARATIYA JANATA PARTY,TL,1000000.0,2023-01-27,2481,18
BHARATIYA JANATA PARTY,TL,1000000.0,2023-01-27,944,18
BHARATIYA JANATA PARTY,TL,1000000.0,2023-01-27,944,18
BHARATIYA JANATA PARTY,TL,1000000.0,2023-01-27,944,18
BHARATIYA JANATA PARTY,TL,1000000.0,2023-01-27,944,18
BHARATIYA JANATA PARTY,TL,1000000.0,2023-01-27,944,18
BHARATIYA JANATA PARTY,TL,1000000.0,2023-01-24,1577,18
BHARATIYA JANATA PARTY,TL,1000000.0,2023-01-24,1577,18
BHARATIYA JANATA PARTY,TL,1000000.0,2023-01-24,1577,18
BHARATIYA JANATA PARTY,TL,1000000.0,2023-01-24,1577,18
BHARATIYA JANATA PARTY,TL,1000000.0,2023-01-24,1577,18
BHARATIYA JANATA PARTY,TL,1000000.0,2023-01-24,3719,18
BHARATIYA JANATA PARTY,TL,1000000.0,2023-01-24,3719,18
BHARATIYA JANATA PARTY,TL,1000000.0,2023-01-24,3719,18
BHARATIYA JANATA PARTY,TL,1000000.0,2023-01-24,3719,18
BHARATIYA JANATA PARTY,TL,1000000.0,2023-01-24,3719,18
BHARATIYA JANATA PARTY,OC,10000000.0,2023-04-11,734,20
BHARATIYA JANATA PARTY,OC,10000000.0,2023-04-11,734,20
BHARATIYA JANATA PARTY,OC,10000000.0,2023-04-11,734,20
BHARATIYA JANATA PARTY,OC,10000000.0,2023-04-11,734,20
BHARATIYA JANATA PARTY,OC,10000000.0,2023-04-11,734,20
BHARATIYA JANATA PARTY,OC,10000000.0,2023-04-11,734,20
BHARATIYA JANATA PARTY,OC,10000000.0,2023-04-11,734,20
BHARATIYA JANATA PARTY,OC,10000000.0,2023-04-11,734,20
BHARATIYA JANATA PARTY,OC,10000000.0,2023-04-11,734,20
BHARATIYA JANATA PARTY,OC,10000000.0,2023-04-11,734,20
BHARATIYA JANATA PARTY,OC,10000000.0,2023-04-11,734,20
BHARATIYA JANATA PARTY,OC,10000000.0,2023-04-11,734,20
BHARATIYA JANATA PARTY,OC,10000000.0,2023-04-11,734,20
BHARATIYA JANATA PARTY,OC,10000000.0,2023-04-11,734,20
BHARATIYA JANATA PARTY,OC,10000000.0,2023-04-11,734,20
BHARATIYA JANATA PARTY,OC,10000000.0,2023-04-11,734,20
BHARATIYA JANATA PARTY,OC,10000000.0,2023-04-11,734,20
BHARATIYA JANATA PARTY,OC,10000000.0,2023-04-11,734,20
BHARATIYA JANATA PARTY,OC,10000000.0,2023-04-11,734,20
BHARATIYA JANATA PARTY,OC,10000000.0,2023-04-11,734,20
BHARATIYA JANATA PARTY,OC,10000000.0,2023-04-11,734,20
BHARATIYA JANATA PARTY,OC,10000000.0,2023-04-11,734,20
BHARATIYA JANATA PARTY,OC,10000000.0,2023-04-11,734,20
BHARATIYA JANATA PARTY,OC,10000000.0,2023-04-11,734,20
BHARATIYA JANATA PARTY,OC,10000000.0,2023-04-11,734,20
BHARATIYA JANATA PARTY,OC,10000000.0,2023-04-11,734,20
BHARATIYA JANATA PARTY,OC,10000000.0,2023-04-11,734,20
BHARATIYA JANATA PARTY,OC,10000000.0,2023-04-11,734,20
BHARATIYA JANATA PARTY,OC,10000000.0,2023-04-11,734,20
BHARATIYA JANATA PARTY,OC,10000000.0,2023-04-11,734,20
BHARATIYA JANATA PARTY,OC,10000000.0,2023-04-11,734,20
BHARATIYA JANATA PARTY,OC,10000000.0,2023-04-11,734,20
BHARATIYA JANATA PARTY,OC,10000000.0,2023-04-11,734,20
BHARATIYA JANATA PARTY,OC,10000000.0,2023-04-11,734,20
BHARATIYA JANATA PARTY,OC,10000000.0,2023-04-11,734,20
BHARATIYA JANATA PARTY,OC,10000000.0,2023-04-11,734,20
BHARATIYA JANATA PARTY,OC,10000000.0,2023-04-11,734,20
BHARATIYA JANATA PARTY,OC,10000000.0,2023-04-11,734,20
BHARATIYA JANATA PARTY,OC,10000000.0,2023-04-11,734,20
BHARATIYA JANATA PARTY,OC,10000000.0,2023-04-11,734,20
BHARATIYA JANATA PARTY,OC,10000000.0,2023-04-11,734,20
BHARATIYA JANATA PARTY,OC,10000000.0,2023-04-11,734,20
BHARATIYA JANATA PARTY,OC,10000000.0,2023-04-11,734,20
BHARATIYA JANATA PARTY,OC,10000000.0,2023-04-11,734,20
BHARATIYA JANATA PARTY,OC,10000000.0,2023-04-11,734,20
BHARATIYA JANATA PARTY,OC,10000000.0,2023-04-11,734,20
BHARATIYA JANATA PARTY,OC,10000000.0,2023-04-11,734,20
BHARATIYA JANATA PARTY,OC,10000000.0,2023-04-11,734,20
BHARATIYA JANATA PARTY,OC,10000000.0,2023-04-11,734,20
BHARATIYA JANATA PARTY,OC,10000000.0,2023-04-11,734,20
BHARATIYA JANATA PARTY,OC,10000000.0,2023-04-11,734,20
BHARATIYA JANATA PARTY,OC,10000000.0,2023-04-11,734,20
BHARATIYA JANATA PARTY,OC,10000000.0,2023-04-11,734,20
BHARATIYA JANATA PARTY,OC,10000000.0,2023-04-11,734,20
BHARATIYA JANATA PARTY,OC,10000000.0,2023-04-11,734,20
BHARATIYA JANATA PARTY,OC,10000000.0,2023-04-11,734,20
BHARATIYA JANATA PARTY,OC,10000000.0,2023-04-11,734,20
BHARATIYA JANATA PARTY,OC,10000000.0,2023-04-11,734,20
BHARATIYA JANATA PARTY,OC,10000000.0,2023-04-11,734,20
BHARATIYA JANATA PARTY,OC,10000000.0,2023-04-11,734,20
BHARATIYA JANATA PARTY,OC,10000000.0,2023-04-11,734,20
BHARATIYA JANATA PARTY,OC,10000000.0,2023-04-11,734,20
BHARATIYA JANATA PARTY,OC,10000000.0,2023-04-11,734,20
BHARATIYA JANATA PARTY,OC,10000000.0,2023-04-11,734,20
BHARATIYA JANATA PARTY,OC,10000000.0,2023-04-11,734,20
BHARATIYA JANATA PARTY,OC,10000000.0,2023-04-11,734,20
BHARATIYA JANATA PARTY,OC,10000000.0,2023-04-11,734,20
BHARATIYA JANATA PARTY,OC,10000000.0,2023-04-11,734,20
BHARATIYA JANATA PARTY,OC,10000000.0,2023-04-11,734,20
BHARATIYA JANATA PARTY,OC,10000000.0,2023-04-11,734,20
BHARATIYA JANATA PARTY,OC,10000000.0,2023-04-11,734,20
BHARATIYA JANATA PARTY,OC,10000000.0,2023-04-11,734,20
BHARATIYA JANATA PARTY,OC,10000000.0,2023-04-11,734,20
BHARATIYA JANATA PARTY,OC,10000000.0,2023-04-11,734,20
BHARATIYA JANATA PARTY,OC,10000000.0,2023-04-11,734,20
BHARATIYA JANATA PARTY,OC,10000000.0,2023-04-11,734,20
BHARATIYA JANATA PARTY,OC,10000000.0,2023-04-11,734,20
BHARATIYA JANATA PARTY,OC,10000000.0,2023-04-11,734,20
BHARATIYA JANATA PARTY,OC,10000000.0,2023-04-11,734,20
BHARATIYA JANATA PARTY,OC,10000000.0,2023-04-11,734,20
BHARATIYA JANATA PARTY,OC,10000000.0,2023-04-11,734,20
BHARATIYA JANATA PARTY,OC,10000000.0,2023-04-11,734,20
BHARATIYA JANATA PARTY,OC,10000000.0,2023-04-11,734,20
BHARATIYA JANATA PARTY,OC,10000000.0,2023-04-11,734,20
BHARATIYA JANATA PARTY,OC,10000000.0,2023-04-11,734,20
BHARATIYA JANATA PARTY,OC,10000000.0,2023-04-11,734,20
BHARATIYA JANATA PARTY,OC,10000000.0,2023-04-11,734,20
BHARATIYA JANATA PARTY,OC,10000000.0,2023-04-11,734,20
BHARATIYA JANATA PARTY,OC,10000000.0,2023-04-11,734,20
BHARATIYA JANATA PARTY,OC,10000000.0,2023-04-11,734,20
BHARATIYA JANATA PARTY,OC,10000000.0,2023-04-11,734,20
BHARATIYA JANATA PARTY,OC,10000000.0,2023-04-11,734,20
BHARATIYA JANATA PARTY,OC,10000000.0,2023-04-11,734,20
BHARATIYA JANATA PARTY,OC,10000000.0,2023-04-11,734,20
BHARATIYA JANATA PARTY,OC,10000000.0,2023-04-11,734,20
BHARATIYA JANATA PARTY,OC,10000000.0,2023-04-11,734,20
BHARATIYA JANATA PARTY,OC,10000000.0,2023-04-11,734,20
BHARATIYA JANATA PARTY,OC,10000000.0,2023-04-11,734,20
BHARATIYA JANATA PARTY,OC,10000000.0,2023-04-11,734,20
BHARATIYA JANATA PARTY,OC,10000000.0,2023-04-11,734,20
BHARATIYA JANATA PARTY,OC,10000000.0,2023-04-11,734,20
BHARATIYA JANATA PARTY,OC,10000000.0,2023-04-11,734,20
BHARATIYA JANATA PARTY,OC,10000000.0,2023-04-11,734,20
BHARATIYA JANATA PARTY,OC,10000000.0,2023-04-11,734,20
BHARATIYA JANATA PARTY,OC,10000000.0,2023-04-11,734,20
BHARATIYA JANATA PARTY,OC,10000000.0,2023-04-11,734,20
BHARATIYA JANATA PARTY,OC,10000000.0,2023-04-11,734,20
BHARATIYA JANATA PARTY,OC,10000000.0,2023-04-11,734,20
BHARATIYA JANATA PARTY,OC,10000000.0,2023-04-11,734,20
BHARATIYA JANATA PARTY,OC,10000000.0,2023-04-11,734,20
BHARATIYA JANATA PARTY,OC,10000000.0,2023-04-11,734,20
BHARATIYA JANATA PARTY,OC,10000000.0,2023-04-11,734,20
BHARATIYA JANATA PARTY,OC,10000000.0,2023-04-11,734,20
BHARATIYA JANATA PARTY,OC,10000000.0,2023-04-11,734,20
BHARATIYA JANATA PARTY,OC,10000000.0,2023-04-11,734,20
BHARATIYA JANATA PARTY,OC,10000000.0,2023-04-05,3876,20
BHARATIYA JANATA PARTY,OC,10000000.0,2023-04-05,3876,20
BHARATIYA JANATA PARTY,OC,10000000.0,2023-04-05,3876,20
BHARATIYA JANATA PARTY,OC,10000000.0,2023-04-06,3779,20
BHARATIYA JANATA PARTY,OC,10000000.0,2023-04-06,3779,20
BHARATIYA JANATA PARTY,OC,10000000.0,2023-04-06,3779,20
BHARATIYA JANATA PARTY,OC,10000000.0,2023-04-06,3779,20
BHARATIYA JANATA PARTY,OC,10000000.0,2023-04-06,3779,20
BHARATIYA JANATA PARTY,OC,10000000.0,2023-04-06,3779,20
BHARATIYA JANATA PARTY,OC,10000000.0,2023-04-06,3779,20
BHARATIYA JANATA PARTY,OC,10000000.0,2023-04-06,3779,20
BHARATIYA JANATA PARTY,OC,10000000.0,2023-04-06,3779,20
BHARATIYA JANATA PARTY,OC,10000000.0,2023-04-06,3779,20
BHARATIYA JANATA PARTY,OC,10000000.0,2023-04-06,90,20
BHARATIYA JANATA PARTY,OC,10000000.0,2023-04-06,90,20
BHARATIYA JANATA PARTY,OC,10000000.0,2023-04-06,90,20
BHARATIYA JANATA PARTY,OC,10000000.0,2023-04-06,90,20
BHARATIYA JANATA PARTY,OC,10000000.0,2023-04-06,90,20
BHARATIYA JANATA PARTY,OC,10000000.0,2023-04-06,90,20
BHARATIYA JANATA PARTY,OC,10000000.0,2023-04-06,90,20
BHARATIYA JANATA PARTY,OC,10000000.0,2023-04-06,90,20
BHARATIYA JANATA PARTY,OC,10000000.0,2023-04-06,90,20
BHARATIYA JANATA PARTY,OC,10000000.0,2023-04-06,90,20
BHARATIYA JANATA PARTY,OC,10000000.0,2023-04-06,90,20
BHARATIYA JANATA PARTY,OC,10000000.0,2023-04-06,90,20
BHARATIYA JANATA PARTY,OC,10000000.0,2023-04-06,90,20
BHARATIYA JANATA PARTY,OC,10000000.0,2023-04-06,90,20
BHARATIYA JANATA PARTY,OC,10000000.0,2023-04-06,90,20
BHARATIYA JANATA PARTY,OC,10000000.0,2023-04-06,1178,20
BHARATIYA JANATA PARTY,OC,10000000.0,2023-04-06,1178,20
BHARATIYA JANATA PARTY,OC,10000000.0,2023-04-06,1178,20
BHARATIYA JANATA PARTY,OC,10000000.0,2023-04-06,1178,20
BHARATIYA JANATA PARTY,OC,10000000.0,2023-04-06,1178,20
BHARATIYA JANATA PARTY,OC,10000000.0,2023-04-06,1267,20
BHARATIYA JANATA PARTY,OC,10000000.0,2023-04-06,1267,20
BHARATIYA JANATA PARTY,OC,10000000.0,2023-04-06,1267,20
BHARATIYA JANATA PARTY,OC,10000000.0,2023-04-06,1267,20
BHARATIYA JANATA PARTY,OC,10000000.0,2023-04-07,126,20
BHARATIYA JANATA PARTY,OC,10000000.0,2023-04-07,126,20
BHARATIYA JANATA PARTY,OC,10000000.0,2023-04-07,126,20
BHARATIYA JANATA PARTY,OC,10000000.0,2023-04-07,126,20
BHARATIYA JANATA PARTY,OC,10000000.0,2023-04-07,126,20
BHARATIYA JANATA PARTY,OC,10000000.0,2023-04-07,126,20
BHARATIYA JANATA PARTY,OC,10000000.0,2023-04-07,126,20
BHARATIYA JANATA PARTY,OC,10000000.0,2023-04-07,126,20
BHARATIYA JANATA PARTY,OC,10000000.0,2023-04-07,126,20
BHARATIYA JANATA PARTY,OC,10000000.0,2023-04-07,126,20
BHARATIYA JANATA PARTY,OC,10000000.0,2023-04-10,3016,20
BHARATIYA JANATA PARTY,OC,10000000.0,2023-04-10,3016,20
BHARATIYA JANATA PARTY,OC,10000000.0,2023-04-10,3016,20
BHARATIYA JANATA PARTY,OC,10000000.0,2023-04-10,921,20
BHARATIYA JANATA PARTY,OC,10000000.0,2023-04-10,921,20
BHARATIYA JANATA PARTY,OC,10000000.0,2023-04-10,921,20
BHARATIYA JANATA PARTY,OC,10000000.0,2023-04-10,921,20
BHARATIYA JANATA PARTY,OC,10000000.0,2023-04-10,921,20
BHARATIYA JANATA PARTY,OC,10000000.0,2023-04-10,921,20
BHARATIYA JANATA PARTY,OC,10000000.0,2023-04-10,921,20
BHARATIYA JANATA PARTY,OC,10000000.0,2023-04-10,921,20
BHARATIYA JANATA PARTY,OC,10000000.0,2023-04-10,2691,20
BHARATIYA JANATA PARTY,OC,10000000.0,2023-04-10,2691,20
BHARATIYA JANATA PARTY,OC,10000000.0,2023-04-10,2691,20
BHARATIYA JANATA PARTY,OC,10000000.0,2023-04-10,2691,20
BHARATIYA JANATA PARTY,OC,10000000.0,2023-04-06,2158,20
BHARATIYA JANATA PARTY,OC,10000000.0,2023-04-06,2158,20
BHARATIYA JANATA PARTY,OC,10000000.0,2023-04-06,2158,20
BHARATIYA JANATA PARTY,OC,10000000.0,2023-04-06,2158,20
BHARATIYA JANATA PARTY,OC,10000000.0,2023-04-06,1763,20
BHARATIYA JANATA PARTY,OC,10000000.0,2023-04-06,1763,20
BHARATIYA JANATA PARTY,OC,10000000.0,2023-04-06,1763,20
BHARATIYA JANATA PARTY,OC,10000000.0,2023-04-06,1763,20
BHARATIYA JANATA PARTY,OC,10000000.0,2023-04-06,1763,20
BHARATIYA JANATA PARTY,OC,10000000.0,2023-04-06,1763,20
BHARATIYA JANATA PARTY,OC,10000000.0,2023-04-10,2607,20
BHARATIYA JANATA PARTY,OC,10000000.0,2023-04-10,2607,20
BHARATIYA JANATA PARTY,OC,10000000.0,2023-04-10,2607,20
BHARATIYA JANATA PARTY,OC,10000000.0,2023-04-10,2607,20
BHARATIYA JANATA PARTY,OC,10000000.0,2023-04-10,2607,20
BHARATIYA JANATA PARTY,OC,10000000.0,2023-04-05,3342,20
BHARATIYA JANATA PARTY,OC,10000000.0,2023-04-05,3885,20
BHARATIYA JANATA PARTY,OC,10000000.0,2023-04-06,2658,20
BHARATIYA JANATA PARTY,OC,10000000.0,2023-04-06,2658,20
BHARATIYA JANATA PARTY,OC,10000000.0,2023-04-06,2658,20
BHARATIYA JANATA PARTY,OC,10000000.0,2023-04-06,2658,20
BHARATIYA JANATA PARTY,OC,10000000.0,2023-04-06,2658,20
BHARATIYA JANATA PARTY,OC,10000000.0,2023-04-06,2658,20
BHARATIYA JANATA PARTY,OC,10000000.0,2023-04-06,2658,20
BHARATIYA JANATA PARTY,OC,10000000.0,2023-04-06,2658,20
BHARATIYA JANATA PARTY,OC,10000000.0,2023-04-06,2658,20
BHARATIYA JANATA PARTY,OC,10000000.0,2023-04-06,2658,20
BHARATIYA JANATA PARTY,OC,10000000.0,2023-04-06,3660,20
BHARATIYA JANATA PARTY,OC,10000000.0,2023-04-06,3651,20
BHARATIYA JANATA PARTY,OC,10000000.0,2023-04-06,3651,20
BHARATIYA JANATA PARTY,OC,10000000.0,2023-04-06,1884,20
BHARATIYA JANATA PARTY,OC,10000000.0,2023-04-06,1884,20
BHARATIYA JANATA PARTY,OC,10000000.0,2023-04-06,1223,20
BHARATIYA JANATA PARTY,OC,10000000.0,2023-04-06,1223,20
BHARATIYA JANATA PARTY,OC,10000000.0,2023-04-06,1223,20
BHARATIYA JANATA PARTY,OC,10000000.0,2023-04-06,1223,20
BHARATIYA JANATA PARTY,OC,10000000.0,2023-04-06,1223,20
BHARATIYA JANATA PARTY,OC,10000000.0,2023-04-06,1223,20
BHARATIYA JANATA PARTY,OC,10000000.0,2023-04-06,1223,20
BHARATIYA JANATA PARTY,OC,10000000.0,2023-04-06,1223,20
BHARATIYA JANATA PARTY,OC,10000000.0,2023-04-06,1223,20
BHARATIYA JANATA PARTY,OC,10000000.0,2023-04-06,1223,20
BHARATIYA JANATA PARTY,OC,10000000.0,2023-04-06,1223,20
BHARATIYA JANATA PARTY,OC,10000000.0,2023-04-06,1223,20
BHARATIYA JANATA PARTY,OC,10000000.0,2023-04-06,1223,20
BHARATIYA JANATA PARTY,OC,10000000.0,2023-04-06,1223,20
BHARATIYA JANATA PARTY,OC,10000000.0,2023-04-06,1223,20
BHARATIYA JANATA PARTY,OC,10000000.0,2023-04-07,1036,20
BHARATIYA JANATA PARTY,OC,10000000.0,2023-04-07,3511,20
BHARATIYA JANATA PARTY,OC,10000000.0,2023-04-10,3342,20
BHARATIYA JANATA PARTY,OC,10000000.0,2023-04-10,3342,20
BHARATIYA JANATA PARTY,OC,10000000.0,2023-04-10,2314,20
BHARATIYA JANATA PARTY,OC,10000000.0,2023-04-10,2314,20
BHARATIYA JANATA PARTY,OC,10000000.0,2023-04-10,2314,20
BHARATIYA JANATA PARTY,OC,10000000.0,2023-04-10,2314,20
BHARATIYA JANATA PARTY,OC,10000000.0,2023-04-10,2314,20
BHARATIYA JANATA PARTY,OC,10000000.0,2023-04-10,2314,20
BHARATIYA JANATA PARTY,OC,10000000.0,2023-04-10,2314,20
BHARATIYA JANATA PARTY,OC,10000000.0,2023-04-10,2314,20
BHARATIYA JANATA PARTY,OC,10000000.0,2023-04-10,2314,20
BHARATIYA JANATA PARTY,OC,10000000.0,2023-04-10,2314,20
BHARATIYA JANATA PARTY,OC,10000000.0,2023-04-11,2959,20
BHARATIYA JANATA PARTY,OC,10000000.0,2023-04-11,2959,20
BHARATIYA JANATA PARTY,OC,10000000.0,2023-04-11,2959,20
BHARATIYA JANATA PARTY,OC,10000000.0,2023-04-11,2959,20
BHARATIYA JANATA PARTY,OC,10000000.0,2023-04-11,2959,20
BHARATIYA JANATA PARTY,OC,10000000.0,2023-04-11,2706,20
BHARATIYA JANATA PARTY,OC,10000000.0,2023-04-11,2706,20
BHARATIYA JANATA PARTY,OC,10000000.0,2023-04-11,2706,20
BHARATIYA JANATA PARTY,OC,10000000.0,2023-04-11,2706,20
BHARATIYA JANATA PARTY,OC,10000000.0,2023-04-11,2706,20
BHARATIYA JANATA PARTY,OC,10000000.0,2023-04-11,2959,20
BHARATIYA JANATA PARTY,OC,10000000.0,2023-04-11,2959,20
BHARATIYA JANATA PARTY,OC,10000000.0,2023-04-11,2959,20
BHARATIYA JANATA PARTY,OC,10000000.0,2023-04-11,2959,20
BHARATIYA JANATA PARTY,OC,10000000.0,2023-04-11,2959,20
BHARATIYA JANATA PARTY,OC,10000000.0,2023-04-11,617,20
BHARATIYA JANATA PARTY,OC,10000000.0,2023-04-11,617,20
BHARATIYA JANATA PARTY,OC,10000000.0,2023-04-11,617,20
BHARATIYA JANATA PARTY,OC,10000000.0,2023-04-11,617,20
BHARATIYA JANATA PARTY,OC,10000000.0,2023-04-11,617,20
BHARATIYA JANATA PARTY,OC,10000000.0,2023-04-11,617,20
BHARATIYA JANATA PARTY,OC,10000000.0,2023-04-11,617,20
BHARATIYA JANATA PARTY,OC,10000000.0,2023-04-11,617,20
BHARATIYA JANATA PARTY,OC,10000000.0,2023-04-11,617,20
BHARATIYA JANATA PARTY,OC,10000000.0,2023-04-11,617,20
BHARATIYA JANATA PARTY,OC,10000000.0,2023-04-11,2837,20
BHARATIYA JANATA PARTY,OC,10000000.0,2023-04-11,2837,20
BHARATIYA JANATA PARTY,OC,10000000.0,2023-04-11,2837,20
BHARATIYA JANATA PARTY,OC,10000000.0,2023-04-11,2837,20
BHARATIYA JANATA PARTY,OC,10000000.0,2023-04-11,2837,20
BHARATIYA JANATA PARTY,OC,10000000.0,2023-04-11,3327,20
BHARATIYA JANATA PARTY,OC,10000000.0,2023-04-11,3327,20
BHARATIYA JANATA PARTY,OC,10000000.0,2023-04-11,3327,20
BHARATIYA JANATA PARTY,OC,10000000.0,2023-04-11,3327,20
BHARATIYA JANATA PARTY,OC,10000000.0,2023-04-11,3327,20
BHARATIYA JANATA PARTY,OC,10000000.0,2023-04-11,3327,20
BHARATIYA JANATA PARTY,OC,10000000.0,2023-04-11,3327,20
BHARATIYA JANATA PARTY,OC,10000000.0,2023-04-11,3327,20
BHARATIYA JANATA PARTY,OC,10000000.0,2023-04-11,3327,20
BHARATIYA JANATA PARTY,OC,10000000.0,2023-04-11,3327,20
BHARATIYA JANATA PARTY,OC,10000000.0,2023-04-11,3327,20
BHARATIYA JANATA PARTY,OC,10000000.0,2023-04-11,3327,20
BHARATIYA JANATA PARTY,OC,10000000.0,2023-04-11,3327,20
BHARATIYA JANATA PARTY,OC,10000000.0,2023-04-12,2595,20
BHARATIYA JANATA PARTY,OC,10000000.0,2023-04-12,2595,20
BHARATIYA JANATA PARTY,OC,10000000.0,2023-04-12,2595,20
BHARATIYA JANATA PARTY,OC,10000000.0,2023-04-12,3096,20
BHARATIYA JANATA PARTY,OC,10000000.0,2023-04-12,3096,20
BHARATIYA JANATA PARTY,OC,10000000.0,2023-04-12,3096,20
BHARATIYA JANATA PARTY,OC,10000000.0,2023-04-12,2885,20
BHARATIYA JANATA PARTY,OC,10000000.0,2023-04-12,2885,20
BHARATIYA JANATA PARTY,OC,10000000.0,2023-04-12,2885,20
BHARATIYA JANATA PARTY,OC,10000000.0,2023-04-12,2885,20
BHARATIYA JANATA PARTY,OC,10000000.0,2023-04-12,2885,20
BHARATIYA JANATA PARTY,OC,10000000.0,2023-04-12,2885,20
BHARATIYA JANATA PARTY,OC,10000000.0,2023-04-12,2885,20
BHARATIYA JANATA PARTY,OC,10000000.0,2023-04-12,2885,20
BHARATIYA JANATA PARTY,OC,10000000.0,2023-04-12,2885,20
BHARATIYA JANATA PARTY,OC,10000000.0,2023-04-12,2885,20
BHARATIYA JANATA PARTY,OC,10000000.0,2023-04-12,2885,20
BHARATIYA JANATA PARTY,OC,10000000.0,2023-04-12,2885,20
BHARATIYA JANATA PARTY,OC,10000000.0,2023-04-12,2885,20
BHARATIYA JANATA PARTY,OC,10000000.0,2023-04-12,2885,20
BHARATIYA JANATA PARTY,OC,10000000.0,2023-04-12,2885,20
BHARATIYA JANATA PARTY,OC,10000000.0,2023-04-12,1178,20
BHARATIYA JANATA PARTY,OC,10000000.0,2023-04-12,1178,20
BHARATIYA JANATA PARTY,OC,10000000.0,2023-04-12,799,20
BHARATIYA JANATA PARTY,OC,10000000.0,2023-04-12,799,20
BHARATIYA JANATA PARTY,OC,10000000.0,2023-04-12,799,20
BHARATIYA JANATA PARTY,OC,10000000.0,2023-04-12,799,20
BHARATIYA JANATA PARTY,OC,10000000.0,2023-04-12,799,20
BHARATIYA JANATA PARTY,OC,10000000.0,2023-04-12,799,20
BHARATIYA JANATA PARTY,OC,10000000.0,2023-04-12,799,20
BHARATIYA JANATA PARTY,OC,10000000.0,2023-04-12,799,20
BHARATIYA JANATA PARTY,OC,10000000.0,2023-04-12,799,20
BHARATIYA JANATA PARTY,OC,10000000.0,2023-04-12,799,20
BHARATIYA JANATA PARTY,TL,1000000.0,2023-04-05,3342,20
BHARATIYA JANATA PARTY,TL,1000000.0,2023-04-05,3342,20
BHARATIYA JANATA PARTY,TL,1000000.0,2023-04-05,3342,20
BHARATIYA JANATA PARTY,TL,1000000.0,2023-04-05,3342,20
BHARATIYA JANATA PARTY,TL,1000000.0,2023-04-05,3342,20
BHARATIYA JANATA PARTY,TL,1000000.0,2023-04-05,3885,20
BHARATIYA JANATA PARTY,TL,1000000.0,2023-04-05,3885,20
BHARATIYA JANATA PARTY,TL,1000000.0,2023-04-05,3885,20
BHARATIYA JANATA PARTY,TL,1000000.0,2023-04-05,3885,20
BHARATIYA JANATA PARTY,TL,1000000.0,2023-04-05,3885,20
BHARATIYA JANATA PARTY,TL,1000000.0,2023-04-06,1232,20
BHARATIYA JANATA PARTY,TL,1000000.0,2023-04-06,1232,20
BHARATIYA JANATA PARTY,TL,1000000.0,2023-04-06,1232,20
BHARATIYA JANATA PARTY,TL,1000000.0,2023-04-06,1232,20
BHARATIYA JANATA PARTY,TL,1000000.0,2023-04-06,1232,20
BHARATIYA JANATA PARTY,TL,1000000.0,2023-04-06,1232,20
BHARATIYA JANATA PARTY,TL,1000000.0,2023-04-06,1487,20
BHARATIYA JANATA PARTY,TL,1000000.0,2023-04-06,1487,20
BHARATIYA JANATA PARTY,TL,1000000.0,2023-04-06,1487,20
BHARATIYA JANATA PARTY,TL,1000000.0,2023-04-06,1487,20
BHARATIYA JANATA PARTY,TL,1000000.0,2023-04-06,1487,20
BHARATIYA JANATA PARTY,TL,1000000.0,2023-04-06,1487,20
BHARATIYA JANATA PARTY,TL,1000000.0,2023-04-06,3651,20
BHARATIYA JANATA PARTY,TL,1000000.0,2023-04-06,3651,20
BHARATIYA JANATA PARTY,TL,1000000.0,2023-04-06,3651,20
BHARATIYA JANATA PARTY,TL,1000000.0,2023-04-06,3651,20
BHARATIYA JANATA PARTY,TL,1000000.0,2023-04-06,3651,20
BHARATIYA JANATA PARTY,TL,1000000.0,2023-04-10,4025,20
BHARATIYA JANATA PARTY,TL,1000000.0,2023-04-10,4025,20
BHARATIYA JANATA PARTY,TL,1000000.0,2023-04-10,4025,20
BHARATIYA JANATA PARTY,TL,1000000.0,2023-04-10,4025,20
BHARATIYA JANATA PARTY,TL,1000000.0,2023-04-10,4025,20
BHARATIYA JANATA PARTY,TL,1000000.0,2023-04-10,4025,20
BHARATIYA JANATA PARTY,TL,1000000.0,2023-04-10,3682,20
BHARATIYA JANATA PARTY,TL,1000000.0,2023-04-10,3682,20
BHARATIYA JANATA PARTY,TL,1000000.0,2023-04-10,787,20
BHARATIYA JANATA PARTY,TL,1000000.0,2023-04-10,787,20
BHARATIYA JANATA PARTY,TL,1000000.0,2023-04-10,2576,20
BHARATIYA JANATA PARTY,TL,1000000.0,2023-04-10,2576,20
BHARATIYA JANATA PARTY,TL,1000000.0,2023-04-10,567,20
BHARATIYA JANATA PARTY,TL,1000000.0,2023-04-10,567,20
BHARATIYA JANATA PARTY,TL,1000000.0,2023-04-11,2959,20
BHARATIYA JANATA PARTY,TL,1000000.0,2023-04-11,2959,20
BHARATIYA JANATA PARTY,TL,1000000.0,2023-04-11,2959,20
BHARATIYA JANATA PARTY,TL,1000000.0,2023-04-11,2959,20
BHARATIYA JANATA PARTY,TL,1000000.0,2023-04-11,2959,20
BHARATIYA JANATA PARTY,TL,1000000.0,2023-04-11,617,20
BHARATIYA JANATA PARTY,TL,1000000.0,2023-04-11,617,20
BHARATIYA JANATA PARTY,TL,1000000.0,2023-04-11,617,20
BHARATIYA JANATA PARTY,TL,1000000.0,2023-04-11,617,20
BHARATIYA JANATA PARTY,TL,1000000.0,2023-04-11,4141,20
BHARATIYA JANATA PARTY,TL,1000000.0,2023-04-11,1954,20
BHARATIYA JANATA PARTY,TL,1000000.0,2023-04-11,1954,20
BHARATIYA JANATA PARTY,TL,1000000.0,2023-04-12,2144,20
BHARATIYA JANATA PARTY,TL,1000000.0,2023-04-12,2144,20
BHARATIYA JANATA PARTY,TL,1000000.0,2023-04-12,2144,20
BHARATIYA JANATA PARTY,TL,1000000.0,2023-04-12,2144,20
BHARATIYA JANATA PARTY,TL,1000000.0,2023-04-12,2144,20
BHARATIYA JANATA PARTY,TL,1000000.0,2023-04-12,2144,20
BHARATIYA JANATA PARTY,OL,100000.0,2023-04-06,1232,20
BHARATIYA JANATA PARTY,OL,100000.0,2023-04-06,1232,20
BHARATIYA JANATA PARTY,OL,100000.0,2023-04-06,1232,20
BHARATIYA JANATA PARTY,OL,100000.0,2023-04-10,4025,20
BHARATIYA JANATA PARTY,OL,100000.0,2023-04-10,2900,20
BHARATIYA JANATA PARTY,OL,100000.0,2023-04-11,1954,20
BHARATIYA JANATA PARTY,OL,100000.0,2023-04-11,1954,20
BHARATIYA JANATA PARTY,OL,100000.0,2023-04-11,1954,20
BHARATIYA JANATA PARTY,OL,100000.0,2023-04-11,1954,20
BHARATIYA JANATA PARTY,OL,100000.0,2023-04-11,1954,20
BHARATIYA JANATA PARTY,OL,100000.0,2023-04-11,3541,20
BHARATIYA JANATA PARTY,OL,100000.0,2023-04-11,3541,20
BHARATIYA JANATA PARTY,OL,100000.0,2023-04-12,2144,20
BHARATIYA JANATA PARTY,OL,100000.0,2023-04-12,2144,20
BHARATIYA JANATA PARTY,TT,10000.0,2023-04-10,2900,20
BHARATIYA JANATA PARTY,TT,10000.0,2023-04-10,2900,20
BHARATIYA JANATA PARTY,TT,10000.0,2023-04-10,2900,20
BHARATIYA JANATA PARTY,TT,10000.0,2023-04-10,2900,20
BHARATIYA JANATA PARTY,TT,10000.0,2023-04-10,2900,20
BHARATIYA JANATA PARTY,OC,10000000.0,2023-04-11,1960,20
BHARATIYA JANATA PARTY,OC,10000000.0,2023-04-11,1960,20
BHARATIYA JANATA PARTY,OC,10000000.0,2023-04-11,1960,20
BHARATIYA JANATA PARTY,OC,10000000.0,2023-04-11,1960,20
BHARATIYA JANATA PARTY,OC,10000000.0,2023-04-11,1960,20
BHARATIYA JANATA PARTY,TL,1000000.0,2023-04-11,1448,20
BHARATIYA JANATA PARTY,TL,1000000.0,2023-04-11,1448,20
BHARATIYA JANATA PARTY,TL,1000000.0,2023-04-11,1448,20
BHARATIYA JANATA PARTY,TL,1000000.0,2023-04-11,1448,20
BHARATIYA JANATA PARTY,TL,1000000.0,2023-04-11,1448,20
BHARATIYA JANATA PARTY,TL,1000000.0,2023-04-11,1448,20
BHARATIYA JANATA PARTY,TL,1000000.0,2023-04-11,1448,20
BHARATIYA JANATA PARTY,TL,1000000.0,2023-04-11,1448,20
BHARATIYA JANATA PARTY,TL,1000000.0,2023-04-11,1448,20
BHARATIYA JANATA PARTY,TL,1000000.0,2023-04-11,1448,20
BHARATIYA JANATA PARTY,TL,1000000.0,2023-04-11,1448,20
BHARATIYA JANATA PARTY,TL,1000000.0,2023-04-11,1448,20
BHARATIYA JANATA PARTY,TL,1000000.0,2023-04-11,1448,20
BHARATIYA JANATA PARTY,TL,1000000.0,2023-04-11,1448,20
BHARATIYA JANATA PARTY,TL,1000000.0,2023-04-11,1448,20
BHARATIYA JANATA PARTY,TL,1000000.0,2023-04-11,1448,20
BHARATIYA JANATA PARTY,TL,1000000.0,2023-04-11,1448,20
BHARATIYA JANATA PARTY,TL,1000000.0,2023-04-11,1448,20
BHARATIYA JANATA PARTY,TL,1000000.0,2023-04-11,1448,20
BHARATIYA JANATA PARTY,TL,1000000.0,2023-04-11,1448,20
BHARATIYA JANATA PARTY,TL,1000000.0,2023-04-11,1448,20
BHARATIYA JANATA PARTY,TL,1000000.0,2023-04-11,1448,20
BHARATIYA JANATA PARTY,TL,1000000.0,2023-04-11,1448,20
BHARATIYA JANATA PARTY,TL,1000000.0,2023-04-11,1448,20
BHARATIYA JANATA PARTY,TL,1000000.0,2023-04-11,1448,20
BHARATIYA JANATA PARTY,TL,1000000.0,2023-04-11,1448,20
BHARATIYA JANATA PARTY,TL,1000000.0,2023-04-11,1448,20
BHARATIYA JANATA PARTY,TL,1000000.0,2023-04-11,1448,20
BHARATIYA JANATA PARTY,TL,1000000.0,2023-04-11,1448,20
BHARATIYA JANATA PARTY,TL,1000000.0,2023-04-11,1448,20
BHARATIYA JANATA PARTY,TL,1000000.0,2023-04-11,1448,20
BHARATIYA JANATA PARTY,TL,1000000.0,2023-04-11,1448,20
BHARATIYA JANATA PARTY,TL,1000000.0,2023-04-11,1448,20
BHARATIYA JANATA PARTY,TL,1000000.0,2023-04-11,1448,20
BHARATIYA JANATA PARTY,TL,1000000.0,2023-04-11,1448,20
BHARATIYA JANATA PARTY,TL,1000000.0,2023-04-11,1448,20
BHARATIYA JANATA PARTY,TL,1000000.0,2023-04-11,1448,20
BHARATIYA JANATA PARTY,TL,1000000.0,2023-04-11,1448,20
BHARATIYA JANATA PARTY,TL,1000000.0,2023-04-11,1448,20
BHARATIYA JANATA PARTY,TL,1000000.0,2023-04-11,1448,20
BHARATIYA JANATA PARTY,TL,1000000.0,2023-04-11,1448,20
BHARATIYA JANATA PARTY,TL,1000000.0,2023-04-11,1448,20
BHARATIYA JANATA PARTY,TL,1000000.0,2023-04-11,1448,20
BHARATIYA JANATA PARTY,TL,1000000.0,2023-04-11,1448,20
BHARATIYA JANATA PARTY,TL,1000000.0,2023-04-11,1448,20
BHARATIYA JANATA PARTY,TL,1000000.0,2023-04-11,1448,20
BHARATIYA JANATA PARTY,TL,1000000.0,2023-04-11,1448,20
BHARATIYA JANATA PARTY,TL,1000000.0,2023-04-11,1448,20
BHARATIYA JANATA PARTY,TL,1000000.0,2023-04-11,1448,20
BHARATIYA JANATA PARTY,TL,1000000.0,2023-04-11,1448,20
BHARATIYA JANATA PARTY,OC,10000000.0,2023-04-10,4056,20
BHARATIYA JANATA PARTY,OC,10000000.0,2023-04-10,4056,20
BHARATIYA JANATA PARTY,OC,10000000.0,2023-04-10,4056,20
BHARATIYA JANATA PARTY,OC,10000000.0,2023-04-10,4056,20
BHARATIYA JANATA PARTY,TL,1000000.0,2023-04-11,477,20
BHARATIYA JANATA PARTY,TL,1000000.0,2023-04-11,477,20
BHARATIYA JANATA PARTY,OC,10000000.0,2023-07-05,126,21
BHARATIYA JANATA PARTY,OC,10000000.0,2023-07-05,126,21
BHARATIYA JANATA PARTY,OC,10000000.0,2023-07-05,126,21
BHARATIYA JANATA PARTY,OC,10000000.0,2023-07-05,126,21
BHARATIYA JANATA PARTY,OC,10000000.0,2023-07-05,126,21
BHARATIYA JANATA PARTY,OC,10000000.0,2023-07-05,126,21
BHARATIYA JANATA PARTY,OC,10000000.0,2023-07-05,126,21
BHARATIYA JANATA PARTY,OC,10000000.0,2023-07-05,126,21
BHARATIYA JANATA PARTY,OC,10000000.0,2023-07-05,126,21
BHARATIYA JANATA PARTY,OC,10000000.0,2023-07-05,126,21
BHARATIYA JANATA PARTY,OC,10000000.0,2023-07-07,1223,21
BHARATIYA JANATA PARTY,OC,10000000.0,2023-07-07,1223,21
BHARATIYA JANATA PARTY,OC,10000000.0,2023-07-07,1223,21
BHARATIYA JANATA PARTY,OC,10000000.0,2023-07-07,1223,21
BHARATIYA JANATA PARTY,OC,10000000.0,2023-07-07,1223,21
BHARATIYA JANATA PARTY,OC,10000000.0,2023-07-07,1223,21
BHARATIYA JANATA PARTY,OC,10000000.0,2023-07-07,1223,21
BHARATIYA JANATA PARTY,OC,10000000.0,2023-07-07,1223,21
BHARATIYA JANATA PARTY,OC,10000000.0,2023-07-07,1223,21
BHARATIYA JANATA PARTY,OC,10000000.0,2023-07-07,1223,21
BHARATIYA JANATA PARTY,OC,10000000.0,2023-07-07,1223,21
BHARATIYA JANATA PARTY,OC,10000000.0,2023-07-07,1223,21
BHARATIYA JANATA PARTY,OC,10000000.0,2023-07-07,1223,21
BHARATIYA JANATA PARTY,OC,10000000.0,2023-07-07,1223,21
BHARATIYA JANATA PARTY,OC,10000000.0,2023-07-07,1223,21
BHARATIYA JANATA PARTY,OC,10000000.0,2023-07-07,1223,21
BHARATIYA JANATA PARTY,OC,10000000.0,2023-07-07,1223,21
BHARATIYA JANATA PARTY,OC,10000000.0,2023-07-07,1223,21
BHARATIYA JANATA PARTY,OC,10000000.0,2023-07-07,1223,21
BHARATIYA JANATA PARTY,OC,10000000.0,2023-07-07,1223,21
BHARATIYA JANATA PARTY,OC,10000000.0,2023-07-07,1223,21
BHARATIYA JANATA PARTY,OC,10000000.0,2023-07-07,1223,21
BHARATIYA JANATA PARTY,OC,10000000.0,2023-07-07,1223,21
BHARATIYA JANATA PARTY,OC,10000000.0,2023-07-07,1223,21
BHARATIYA JANATA PARTY,OC,10000000.0,2023-07-07,1223,21
BHARATIYA JANATA PARTY,OC,10000000.0,2023-07-10,1267,21
BHARATIYA JANATA PARTY,OC,10000000.0,2023-07-10,1267,21
BHARATIYA JANATA PARTY,OC,10000000.0,2023-07-10,1267,21
BHARATIYA JANATA PARTY,OC,10000000.0,2023-07-10,1267,21
BHARATIYA JANATA PARTY,OC,10000000.0,2023-07-11,607,21
BHARATIYA JANATA PARTY,OC,10000000.0,2023-07-11,607,21
BHARATIYA JANATA PARTY,OC,10000000.0,2023-07-11,607,21
BHARATIYA JANATA PARTY,OC,10000000.0,2023-07-11,607,21
BHARATIYA JANATA PARTY,OC,10000000.0,2023-07-11,607,21
BHARATIYA JANATA PARTY,OC,10000000.0,2023-07-11,929,21
BHARATIYA JANATA PARTY,OC,10000000.0,2023-07-11,929,21
BHARATIYA JANATA PARTY,OC,10000000.0,2023-07-11,929,21
BHARATIYA JANATA PARTY,OC,10000000.0,2023-07-11,929,21
BHARATIYA JANATA PARTY,OC,10000000.0,2023-07-11,929,21
BHARATIYA JANATA PARTY,TL,1000000.0,2023-07-05,4054,21
BHARATIYA JANATA PARTY,TL,1000000.0,2023-07-05,4054,21
BHARATIYA JANATA PARTY,TL,1000000.0,2023-07-05,4054,21
BHARATIYA JANATA PARTY,TL,1000000.0,2023-07-05,4054,21
BHARATIYA JANATA PARTY,TL,1000000.0,2023-07-05,4054,21
BHARATIYA JANATA PARTY,OC,10000000.0,2023-07-12,3327,21
BHARATIYA JANATA PARTY,OC,10000000.0,2023-07-12,3327,21
BHARATIYA JANATA PARTY,OC,10000000.0,2023-07-12,3327,21
BHARATIYA JANATA PARTY,OC,10000000.0,2023-07-12,3327,21
BHARATIYA JANATA PARTY,OC,10000000.0,2023-07-12,3327,21
BHARATIYA JANATA PARTY,OC,10000000.0,2023-07-12,3327,21
BHARATIYA JANATA PARTY,OC,10000000.0,2023-07-12,3327,21
BHARATIYA JANATA PARTY,OC,10000000.0,2023-07-12,3327,21
BHARATIYA JANATA PARTY,OC,10000000.0,2023-07-12,3327,21
BHARATIYA JANATA PARTY,OC,10000000.0,2023-07-12,3327,21
BHARATIYA JANATA PARTY,OC,10000000.0,2023-07-12,3327,21
BHARATIYA JANATA PARTY,OC,10000000.0,2023-07-12,3327,21
BHARATIYA JANATA PARTY,OC,10000000.0,2023-07-12,3327,21
BHARATIYA JANATA PARTY,OC,10000000.0,2023-07-12,3327,21
BHARATIYA JANATA PARTY,OC,10000000.0,2023-07-12,3327,21
BHARATIYA JANATA PARTY,OC,10000000.0,2023-07-12,3327,21
BHARATIYA JANATA PARTY,OC,10000000.0,2023-07-12,3327,21
BHARATIYA JANATA PARTY,OC,10000000.0,2023-07-12,3327,21
BHARATIYA JANATA PARTY,OC,10000000.0,2023-07-05,2658,21
BHARATIYA JANATA PARTY,OC,10000000.0,2023-07-05,2658,21
BHARATIYA JANATA PARTY,OC,10000000.0,2023-07-05,2658,21
BHARATIYA JANATA PARTY,OC,10000000.0,2023-07-05,2658,21
BHARATIYA JANATA PARTY,OC,10000000.0,2023-07-05,2658,21
BHARATIYA JANATA PARTY,OC,10000000.0,2023-07-12,790,21
BHARATIYA JANATA PARTY,OC,10000000.0,2023-07-12,2897,21
BHARATIYA JANATA PARTY,TL,1000000.0,2023-07-07,1741,21
BHARATIYA JANATA PARTY,TL,1000000.0,2023-07-07,1741,21
BHARATIYA JANATA PARTY,TL,1000000.0,2023-07-07,1741,21
BHARATIYA JANATA PARTY,TL,1000000.0,2023-07-07,1741,21
BHARATIYA JANATA PARTY,TL,1000000.0,2023-07-07,1741,21
BHARATIYA JANATA PARTY,TL,1000000.0,2023-07-12,3327,21
BHARATIYA JANATA PARTY,TL,1000000.0,2023-07-12,3327,21
BHARATIYA JANATA PARTY,TL,1000000.0,2023-07-12,3327,21
BHARATIYA JANATA PARTY,TL,1000000.0,2023-07-12,3327,21
BHARATIYA JANATA PARTY,TL,1000000.0,2023-07-12,3327,21
BHARATIYA JANATA PARTY,TL,1000000.0,2023-07-12,790,21
BHARATIYA JANATA PARTY,TL,1000000.0,2023-07-12,790,21
BHARATIYA JANATA PARTY,TL,1000000.0,2023-07-12,790,21
BHARATIYA JANATA PARTY,TL,1000000.0,2023-07-12,790,21
BHARATIYA JANATA PARTY,TL,1000000.0,2023-07-12,790,21
BHARATIYA JANATA PARTY,TL,1000000.0,2023-07-12,790,21
BHARATIYA JANATA PARTY,TL,1000000.0,2023-07-12,790,21
BHARATIYA JANATA PARTY,TL,1000000.0,2023-07-12,790,21
BHARATIYA JANATA PARTY,TL,1000000.0,2023-07-12,790,21
BHARATIYA JANATA PARTY,OL,100000.0,2023-07-12,790,21
BHARATIYA JANATA PARTY,OL,100000.0,2023-07-12,790,21
BHARATIYA JANATA PARTY,OL,100000.0,2023-07-12,790,21
BHARATIYA JANATA PARTY,OL,100000.0,2023-07-12,790,21
BHARATIYA JANATA PARTY,OL,100000.0,2023-07-12,790,21
BHARATIYA JANATA PARTY,OL,100000.0,2023-07-12,790,21
BHARATIYA JANATA PARTY,OL,100000.0,2023-07-12,790,21
BHARATIYA JANATA PARTY,OL,100000.0,2023-07-12,790,21
BHARATIYA JANATA PARTY,OL,100000.0,2023-07-12,790,21
BHARATIYA JANATA PARTY,OC,10000000.0,2023-07-07,3342,21
BHARATIYA JANATA PARTY,OC,10000000.0,2023-07-11,2959,21
BHARATIYA JANATA PARTY,OC,10000000.0,2023-07-12,2134,21
BHARATIYA JANATA PARTY,OC,10000000.0,2023-07-12,2134,21
BHARATIYA JANATA PARTY,OC,10000000.0,2023-07-12,2134,21
BHARATIYA JANATA PARTY,OC,10000000.0,2023-07-12,2134,21
BHARATIYA JANATA PARTY,TL,1000000.0,2023-07-10,2654,21
BHARATIYA JANATA PARTY,TL,1000000.0,2023-07-10,2654,21
BHARATIYA JANATA PARTY,TL,1000000.0,2023-07-10,2654,21
BHARATIYA JANATA PARTY,TL,1000000.0,2023-07-10,2654,21
BHARATIYA JANATA PARTY,TL,1000000.0,2023-07-10,2654,21
BHARATIYA JANATA PARTY,TL,1000000.0,2023-07-10,2654,21
BHARATIYA JANATA PARTY,TL,1000000.0,2023-07-10,2654,21
BHARATIYA JANATA PARTY,TL,1000000.0,2023-07-10,2654,21
BHARATIYA JANATA PARTY,TL,1000000.0,2023-07-10,1832,21
BHARATIYA JANATA PARTY,TL,1000000.0,2023-07-10,1832,21
BHARATIYA JANATA PARTY,TL,1000000.0,2023-07-10,1832,21
BHARATIYA JANATA PARTY,TL,1000000.0,2023-07-10,1832,21
BHARATIYA JANATA PARTY,TL,1000000.0,2023-07-11,2321,21
BHARATIYA JANATA PARTY,TL,1000000.0,2023-07-11,477,21
BHARATIYA JANATA PARTY,TL,1000000.0,2023-07-11,477,21
BHARATIYA JANATA PARTY,TL,1000000.0,2023-07-11,477,21
BHARATIYA JANATA PARTY,TL,1000000.0,2023-07-11,477,21
BHARATIYA JANATA PARTY,TL,1000000.0,2023-07-12,2266,21
BHARATIYA JANATA PARTY,TL,1000000.0,2023-07-12,2266,21
BHARATIYA JANATA PARTY,TL,1000000.0,2023-07-12,2266,21
BHARATIYA JANATA PARTY,TL,1000000.0,2023-07-12,2266,21
BHARATIYA JANATA PARTY,TL,1000000.0,2023-07-12,2266,21
BHARATIYA JANATA PARTY,TL,1000000.0,2023-07-12,2266,21
BHARATIYA JANATA PARTY,TL,1000000.0,2023-07-12,2266,21
BHARATIYA JANATA PARTY,TL,1000000.0,2023-07-12,1482,21
BHARATIYA JANATA PARTY,TL,1000000.0,2023-07-12,1482,21
BHARATIYA JANATA PARTY,TL,1000000.0,2023-07-12,1482,21
BHARATIYA JANATA PARTY,TL,1000000.0,2023-07-12,1482,21
BHARATIYA JANATA PARTY,TL,1000000.0,2023-07-12,1482,21
BHARATIYA JANATA PARTY,TL,1000000.0,2023-07-12,1482,21
BHARATIYA JANATA PARTY,TL,1000000.0,2023-07-12,1482,21
BHARATIYA JANATA PARTY,TL,1000000.0,2023-07-07,2144,21
BHARATIYA JANATA PARTY,TL,1000000.0,2023-07-07,2144,21
BHARATIYA JANATA PARTY,TL,1000000.0,2023-07-07,1487,21
BHARATIYA JANATA PARTY,TL,1000000.0,2023-07-07,1487,21
BHARATIYA JANATA PARTY,TL,1000000.0,2023-07-11,2959,21
BHARATIYA JANATA PARTY,TL,1000000.0,2023-07-11,2959,21
BHARATIYA JANATA PARTY,TL,1000000.0,2023-07-11,2959,21
BHARATIYA JANATA PARTY,TL,1000000.0,2023-07-11,2959,21
BHARATIYA JANATA PARTY,TL,1000000.0,2023-07-11,2959,21
BHARATIYA JANATA PARTY,OL,100000.0,2023-07-10,2654,21
BHARATIYA JANATA PARTY,OL,100000.0,2023-07-10,2654,21
BHARATIYA JANATA PARTY,OL,100000.0,2023-07-10,2654,21
BHARATIYA JANATA PARTY,OL,100000.0,2023-07-10,2654,21
BHARATIYA JANATA PARTY,OL,100000.0,2023-07-10,2654,21
BHARATIYA JANATA PARTY,OL,100000.0,2023-07-10,2654,21
BHARATIYA JANATA PARTY,OL,100000.0,2023-07-10,2654,21
BHARATIYA JANATA PARTY,OL,100000.0,2023-07-10,2654,21
BHARATIYA JANATA PARTY,OL,100000.0,2023-07-10,2654,21
BHARATIYA JANATA PARTY,OL,100000.0,2023-07-10,2654,21
BHARATIYA JANATA PARTY,OL,100000.0,2023-07-10,2654,21
BHARATIYA JANATA PARTY,OL,100000.0,2023-07-10,2654,21
BHARATIYA JANATA PARTY,OL,100000.0,2023-07-10,2654,21
BHARATIYA JANATA PARTY,OL,100000.0,2023-07-10,2654,21
BHARATIYA JANATA PARTY,OL,100000.0,2023-07-10,2654,21
BHARATIYA JANATA PARTY,OL,100000.0,2023-07-10,2654,21
BHARATIYA JANATA PARTY,OL,100000.0,2023-07-10,1832,21
BHARATIYA JANATA PARTY,OL,100000.0,2023-07-10,1832,21
BHARATIYA JANATA PARTY,OL,100000.0,2023-07-10,1832,21
BHARATIYA JANATA PARTY,OL,100000.0,2023-07-10,1832,21
BHARATIYA JANATA PARTY,OL,100000.0,2023-07-10,1832,21
BHARATIYA JANATA PARTY,OL,100000.0,2023-07-10,1832,21
BHARATIYA JANATA PARTY,OL,100000.0,2023-07-10,1832,21
BHARATIYA JANATA PARTY,OL,100000.0,2023-07-10,1832,21
BHARATIYA JANATA PARTY,OL,100000.0,2023-07-12,2266,21
BHARATIYA JANATA PARTY,OL,100000.0,2023-07-12,2266,21
BHARATIYA JANATA PARTY,OL,100000.0,2023-07-12,2266,21
BHARATIYA JANATA PARTY,OL,100000.0,2023-07-12,2266,21
BHARATIYA JANATA PARTY,OL,100000.0,2023-07-12,2266,21
BHARATIYA JANATA PARTY,OL,100000.0,2023-07-12,1482,21
BHARATIYA JANATA PARTY,OL,100000.0,2023-07-12,1482,21
BHARATIYA JANATA PARTY,OL,100000.0,2023-07-12,1482,21
BHARATIYA JANATA PARTY,OL,100000.0,2023-07-12,1482,21
BHARATIYA JANATA PARTY,OL,100000.0,2023-07-12,1482,21
BHARATIYA JANATA PARTY,OL,100000.0,2023-07-07,2144,21
BHARATIYA JANATA PARTY,OL,100000.0,2023-07-07,2144,21
BHARATIYA JANATA PARTY,OL,100000.0,2023-07-07,2144,21
BHARATIYA JANATA PARTY,OL,100000.0,2023-07-07,2144,21
BHARATIYA JANATA PARTY,OL,100000.0,2023-07-07,2144,21
BHARATIYA JANATA PARTY,OL,100000.0,2023-07-07,1487,21
BHARATIYA JANATA PARTY,OL,100000.0,2023-07-07,1487,21
BHARATIYA JANATA PARTY,OL,100000.0,2023-07-07,1487,21
BHARATIYA JANATA PARTY,OL,100000.0,2023-07-07,1487,21
BHARATIYA JANATA PARTY,OL,100000.0,2023-07-07,1487,21
BHARATIYA JANATA PARTY,OT,1000.0,2023-07-10,862,21
BHARATIYA JANATA PARTY,OC,10000000.0,2023-10-10,2526,22
BHARATIYA JANATA PARTY,OC,10000000.0,2023-10-10,2526,22
BHARATIYA JANATA PARTY,OC,10000000.0,2023-10-10,2526,22
BHARATIYA JANATA PARTY,OC,10000000.0,2023-10-10,2526,22
BHARATIYA JANATA PARTY,OC,10000000.0,2023-10-10,2526,22
BHARATIYA JANATA PARTY,OC,10000000.0,2023-10-10,2526,22
BHARATIYA JANATA PARTY,OC,10000000.0,2023-10-10,2526,22
BHARATIYA JANATA PARTY,OC,10000000.0,2023-10-10,2526,22
BHARATIYA JANATA PARTY,OC,10000000.0,2023-10-10,2526,22
BHARATIYA JANATA PARTY,OC,10000000.0,2023-10-10,2526,22
BHARATIYA JANATA PARTY,OC,10000000.0,2023-10-09,2966,22
BHARATIYA JANATA PARTY,OC,10000000.0,2023-10-09,2966,22
BHARATIYA JANATA PARTY,OC,10000000.0,2023-10-09,2966,22
BHARATIYA JANATA PARTY,OC,10000000.0,2023-10-09,2966,22
BHARATIYA JANATA PARTY,OC,10000000.0,2023-10-09,2966,22
BHARATIYA JANATA PARTY,OC,10000000.0,2023-10-09,2807,22
BHARATIYA JANATA PARTY,OC,10000000.0,2023-10-09,2807,22
BHARATIYA JANATA PARTY,OC,10000000.0,2023-10-09,2807,22
BHARATIYA JANATA PARTY,OC,10000000.0,2023-10-09,2807,22
BHARATIYA JANATA PARTY,OC,10000000.0,2023-10-11,3110,22
BHARATIYA JANATA PARTY,OC,10000000.0,2023-10-11,3110,22
BHARATIYA JANATA PARTY,OC,10000000.0,2023-10-11,3110,22
BHARATIYA JANATA PARTY,OC,10000000.0,2023-10-11,3110,22
BHARATIYA JANATA PARTY,OC,10000000.0,2023-10-11,3110,22
BHARATIYA JANATA PARTY,OC,10000000.0,2023-10-11,3110,22
BHARATIYA JANATA PARTY,OC,10000000.0,2023-10-11,3110,22
BHARATIYA JANATA PARTY,OC,10000000.0,2023-10-11,3110,22
BHARATIYA JANATA PARTY,OC,10000000.0,2023-10-11,3110,22
BHARATIYA JANATA PARTY,OC,10000000.0,2023-10-11,3110,22
BHARATIYA JANATA PARTY,OC,10000000.0,2023-10-11,3110,22
BHARATIYA JANATA PARTY,OC,10000000.0,2023-10-11,3110,22
BHARATIYA JANATA PARTY,OC,10000000.0,2023-10-11,3110,22
BHARATIYA JANATA PARTY,OC,10000000.0,2023-10-11,3110,22
BHARATIYA JANATA PARTY,OC,10000000.0,2023-10-11,3110,22
BHARATIYA JANATA PARTY,OC,10000000.0,2023-10-11,3110,22
BHARATIYA JANATA PARTY,OC,10000000.0,2023-10-11,3110,22
BHARATIYA JANATA PARTY,OC,10000000.0,2023-10-11,3110,22
BHARATIYA JANATA PARTY,OC,10000000.0,2023-10-11,3110,22
BHARATIYA JANATA PARTY,OC,10000000.0,2023-10-11,3110,22
BHARATIYA JANATA PARTY,OC,10000000.0,2023-10-11,3110,22
BHARATIYA JANATA PARTY,OC,10000000.0,2023-10-11,3110,22
BHARATIYA JANATA PARTY,OC,10000000.0,2023-10-11,3110,22
BHARATIYA JANATA PARTY,OC,10000000.0,2023-10-11,3110,22
BHARATIYA JANATA PARTY,OC,10000000.0,2023-10-11,3110,22
BHARATIYA JANATA PARTY,OC,10000000.0,2023-10-11,3110,22
BHARATIYA JANATA PARTY,OC,10000000.0,2023-10-11,3110,22
BHARATIYA JANATA PARTY,OC,10000000.0,2023-10-11,3110,22
BHARATIYA JANATA PARTY,OC,10000000.0,2023-10-11,3110,22
BHARATIYA JANATA PARTY,OC,10000000.0,2023-10-11,3110,22
BHARATIYA JANATA PARTY,OC,10000000.0,2023-10-11,734,22
BHARATIYA JANATA PARTY,OC,10000000.0,2023-10-11,734,22
BHARATIYA JANATA PARTY,OC,10000000.0,2023-10-11,734,22
BHARATIYA JANATA PARTY,OC,10000000.0,2023-10-11,734,22
BHARATIYA JANATA PARTY,OC,10000000.0,2023-10-11,734,22
BHARATIYA JANATA PARTY,OC,10000000.0,2023-10-11,734,22
BHARATIYA JANATA PARTY,OC,10000000.0,2023-10-11,734,22
BHARATIYA JANATA PARTY,OC,10000000.0,2023-10-11,734,22
BHARATIYA JANATA PARTY,OC,10000000.0,2023-10-11,734,22
BHARATIYA JANATA PARTY,OC,10000000.0,2023-10-11,734,22
BHARATIYA JANATA PARTY,OC,10000000.0,2023-10-11,734,22
BHARATIYA JANATA PARTY,OC,10000000.0,2023-10-11,734,22
BHARATIYA JANATA PARTY,OC,10000000.0,2023-10-11,734,22
BHARATIYA JANATA PARTY,OC,10000000.0,2023-10-11,734,22
BHARATIYA JANATA PARTY,OC,10000000.0,2023-10-11,734,22
BHARATIYA JANATA PARTY,OC,10000000.0,2023-10-11,734,22
BHARATIYA JANATA PARTY,OC,10000000.0,2023-10-11,734,22
BHARATIYA JANATA PARTY,OC,10000000.0,2023-10-11,734,22
BHARATIYA JANATA PARTY,OC,10000000.0,2023-10-11,734,22
BHARATIYA JANATA PARTY,OC,10000000.0,2023-10-11,734,22
BHARATIYA JANATA PARTY,OC,10000000.0,2023-10-11,734,22
BHARATIYA JANATA PARTY,OC,10000000.0,2023-10-11,734,22
BHARATIYA JANATA PARTY,OC,10000000.0,2023-10-11,734,22
BHARATIYA JANATA PARTY,OC,10000000.0,2023-10-11,734,22
BHARATIYA JANATA PARTY,OC,10000000.0,2023-10-11,734,22
BHARATIYA JANATA PARTY,OC,10000000.0,2023-10-11,734,22
BHARATIYA JANATA PARTY,OC,10000000.0,2023-10-11,734,22
BHARATIYA JANATA PARTY,OC,10000000.0,2023-10-11,734,22
BHARATIYA JANATA PARTY,OC,10000000.0,2023-10-11,734,22
BHARATIYA JANATA PARTY,OC,10000000.0,2023-10-11,734,22
BHARATIYA JANATA PARTY,OC,10000000.0,2023-10-11,734,22
BHARATIYA JANATA PARTY,OC,10000000.0,2023-10-11,734,22
BHARATIYA JANATA PARTY,OC,10000000.0,2023-10-11,734,22
BHARATIYA JANATA PARTY,OC,10000000.0,2023-10-11,734,22
BHARATIYA JANATA PARTY,OC,10000000.0,2023-10-11,734,22
BHARATIYA JANATA PARTY,OC,10000000.0,2023-10-11,734,22
BHARATIYA JANATA PARTY,OC,10000000.0,2023-10-11,734,22
BHARATIYA JANATA PARTY,OC,10000000.0,2023-10-11,734,22
BHARATIYA JANATA PARTY,OC,10000000.0,2023-10-11,734,22
BHARATIYA JANATA PARTY,OC,10000000.0,2023-10-11,734,22
BHARATIYA JANATA PARTY,OC,10000000.0,2023-10-11,734,22
BHARATIYA JANATA PARTY,OC,10000000.0,2023-10-11,734,22
BHARATIYA JANATA PARTY,OC,10000000.0,2023-10-11,734,22
BHARATIYA JANATA PARTY,OC,10000000.0,2023-10-11,734,22
BHARATIYA JANATA PARTY,OC,10000000.0,2023-10-11,734,22
BHARATIYA JANATA PARTY,OC,10000000.0,2023-10-11,734,22
BHARATIYA JANATA PARTY,OC,10000000.0,2023-10-11,734,22
BHARATIYA JANATA PARTY,OC,10000000.0,2023-10-11,734,22
BHARATIYA JANATA PARTY,OC,10000000.0,2023-10-11,734,22
BHARATIYA JANATA PARTY,OC,10000000.0,2023-10-11,734,22
BHARATIYA JANATA PARTY,OC,10000000.0,2023-10-12,734,22
BHARATIYA JANATA PARTY,OC,10000000.0,2023-10-12,734,22
BHARATIYA JANATA PARTY,OC,10000000.0,2023-10-12,734,22
BHARATIYA JANATA PARTY,OC,10000000.0,2023-10-12,734,22
BHARATIYA JANATA PARTY,OC,10000000.0,2023-10-12,734,22
BHARATIYA JANATA PARTY,OC,10000000.0,2023-10-12,734,22
BHARATIYA JANATA PARTY,OC,10000000.0,2023-10-12,734,22
BHARATIYA JANATA PARTY,OC,10000000.0,2023-10-12,734,22
BHARATIYA JANATA PARTY,OC,10000000.0,2023-10-12,734,22
BHARATIYA JANATA PARTY,OC,10000000.0,2023-10-12,734,22
BHARATIYA JANATA PARTY,OC,10000000.0,2023-10-12,734,22
BHARATIYA JANATA PARTY,OC,10000000.0,2023-10-12,734,22
BHARATIYA JANATA PARTY,OC,10000000.0,2023-10-12,734,22
BHARATIYA JANATA PARTY,OC,10000000.0,2023-10-12,734,22
BHARATIYA JANATA PARTY,OC,10000000.0,2023-10-12,734,22
BHARATIYA JANATA PARTY,OC,10000000.0,2023-10-12,734,22
BHARATIYA JANATA PARTY,OC,10000000.0,2023-10-12,734,22
BHARATIYA JANATA PARTY,OC,10000000.0,2023-10-12,734,22
BHARATIYA JANATA PARTY,OC,10000000.0,2023-10-12,734,22
BHARATIYA JANATA PARTY,OC,10000000.0,2023-10-12,734,22
BHARATIYA JANATA PARTY,OC,10000000.0,2023-10-12,734,22
BHARATIYA JANATA PARTY,OC,10000000.0,2023-10-12,734,22
BHARATIYA JANATA PARTY,OC,10000000.0,2023-10-12,734,22
BHARATIYA JANATA PARTY,OC,10000000.0,2023-10-12,734,22
BHARATIYA JANATA PARTY,OC,10000000.0,2023-10-12,734,22
BHARATIYA JANATA PARTY,OC,10000000.0,2023-10-12,734,22
BHARATIYA JANATA PARTY,OC,10000000.0,2023-10-12,734,22
BHARATIYA JANATA PARTY,OC,10000000.0,2023-10-12,734,22
BHARATIYA JANATA PARTY,OC,10000000.0,2023-10-12,734,22
BHARATIYA JANATA PARTY,OC,10000000.0,2023-10-12,734,22
BHARATIYA JANATA PARTY,OC,10000000.0,2023-10-12,734,22
BHARATIYA JANATA PARTY,OC,10000000.0,2023-10-12,734,22
BHARATIYA JANATA PARTY,OC,10000000.0,2023-10-12,734,22
BHARATIYA JANATA PARTY,OC,10000000.0,2023-10-12,734,22
BHARATIYA JANATA PARTY,OC,10000000.0,2023-10-12,734,22
BHARATIYA JANATA PARTY,OC,10000000.0,2023-10-12,734,22
BHARATIYA JANATA PARTY,OC,10000000.0,2023-10-12,734,22
BHARATIYA JANATA PARTY,OC,10000000.0,2023-10-12,734,22
BHARATIYA JANATA PARTY,OC,10000000.0,2023-10-12,734,22
BHARATIYA JANATA PARTY,OC,10000000.0,2023-10-12,734,22
BHARATIYA JANATA PARTY,OC,10000000.0,2023-10-12,734,22
BHARATIYA JANATA PARTY,OC,10000000.0,2023-10-12,734,22
BHARATIYA JANATA PARTY,OC,10000000.0,2023-10-12,734,22
BHARATIYA JANATA PARTY,OC,10000000.0,2023-10-12,734,22
BHARATIYA JANATA PARTY,OC,10000000.0,2023-10-12,734,22
BHARATIYA JANATA PARTY,OC,10000000.0,2023-10-12,734,22
BHARATIYA JANATA PARTY,OC,10000000.0,2023-10-12,734,22
BHARATIYA JANATA PARTY,OC,10000000.0,2023-10-12,734,22
BHARATIYA JANATA PARTY,OC,10000000.0,2023-10-12,734,22
BHARATIYA JANATA PARTY,OC,10000000.0,2023-10-12,734,22
BHARATIYA JANATA PARTY,OC,10000000.0,2023-10-12,734,22
BHARATIYA JANATA PARTY,OC,10000000.0,2023-10-12,734,22
BHARATIYA JANATA PARTY,OC,10000000.0,2023-10-12,734,22
BHARATIYA JANATA PARTY,OC,10000000.0,2023-10-12,734,22
BHARATIYA JANATA PARTY,OC,10000000.0,2023-10-12,734,22
BHARATIYA JANATA PARTY,OC,10000000.0,2023-10-12,734,22
BHARATIYA JANATA PARTY,OC,10000000.0,2023-10-12,734,22
BHARATIYA JANATA PARTY,OC,10000000.0,2023-10-12,734,22
BHARATIYA JANATA PARTY,OC,10000000.0,2023-10-12,734,22
BHARATIYA JANATA PARTY,OC,10000000.0,2023-10-12,734,22
BHARATIYA JANATA PARTY,OC,10000000.0,2023-10-12,734,22
BHARATIYA JANATA PARTY,OC,10000000.0,2023-10-12,734,22
BHARATIYA JANATA PARTY,OC,10000000.0,2023-10-12,734,22
BHARATIYA JANATA PARTY,OC,10000000.0,2023-10-12,734,22
BHARATIYA JANATA PARTY,OC,10000000.0,2023-10-12,734,22
BHARATIYA JANATA PARTY,OC,10000000.0,2023-10-12,734,22
BHARATIYA JANATA PARTY,OC,10000000.0,2023-10-12,734,22
BHARATIYA JANATA PARTY,OC,10000000.0,2023-10-12,734,22
BHARATIYA JANATA PARTY,OC,10000000.0,2023-10-12,734,22
BHARATIYA JANATA PARTY,OC,10000000.0,2023-10-12,734,22
BHARATIYA JANATA PARTY,OC,10000000.0,2023-10-12,734,22
BHARATIYA JANATA PARTY,OC,10000000.0,2023-10-12,734,22
BHARATIYA JANATA PARTY,OC,10000000.0,2023-10-12,734,22
BHARATIYA JANATA PARTY,OC,10000000.0,2023-10-12,734,22
BHARATIYA JANATA PARTY,OC,10000000.0,2023-10-12,734,22
BHARATIYA JANATA PARTY,OC,10000000.0,2023-10-12,734,22
BHARATIYA JANATA PARTY,OC,10000000.0,2023-10-12,734,22
BHARATIYA JANATA PARTY,OC,10000000.0,2023-10-12,734,22
BHARATIYA JANATA PARTY,OC,10000000.0,2023-10-12,734,22
BHARATIYA JANATA PARTY,OC,10000000.0,2023-10-12,734,22
BHARATIYA JANATA PARTY,OC,10000000.0,2023-10-12,734,22
BHARATIYA JANATA PARTY,OC,10000000.0,2023-10-12,734,22
BHARATIYA JANATA PARTY,OC,10000000.0,2023-10-12,734,22
BHARATIYA JANATA PARTY,OC,10000000.0,2023-10-12,734,22
BHARATIYA JANATA PARTY,OC,10000000.0,2023-10-12,734,22
BHARATIYA JANATA PARTY,OC,10000000.0,2023-10-12,734,22
BHARATIYA JANATA PARTY,OC,10000000.0,2023-10-12,734,22
BHARATIYA JANATA PARTY,OC,10000000.0,2023-10-12,734,22
BHARATIYA JANATA PARTY,OC,10000000.0,2023-10-12,734,22
BHARATIYA JANATA PARTY,OC,10000000.0,2023-10-12,734,22
BHARATIYA JANATA PARTY,OC,10000000.0,2023-10-12,734,22
BHARATIYA JANATA PARTY,OC,10000000.0,2023-10-12,734,22
BHARATIYA JANATA PARTY,OC,10000000.0,2023-10-12,734,22
BHARATIYA JANATA PARTY,OC,10000000.0,2023-10-12,734,22
BHARATIYA JANATA PARTY,OC,10000000.0,2023-10-12,734,22
BHARATIYA JANATA PARTY,OC,10000000.0,2023-10-12,734,22
BHARATIYA JANATA PARTY,OC,10000000.0,2023-10-12,734,22
BHARATIYA JANATA PARTY,OC,10000000.0,2023-10-12,734,22
BHARATIYA JANATA PARTY,OC,10000000.0,2023-10-12,734,22
BHARATIYA JANATA PARTY,OC,10000000.0,2023-10-12,734,22
BHARATIYA JANATA PARTY,OC,10000000.0,2023-10-10,946,22
BHARATIYA JANATA PARTY,OC,10000000.0,2023-10-10,946,22
BHARATIYA JANATA PARTY,OC,10000000.0,2023-10-10,946,22
BHARATIYA JANATA PARTY,OC,10000000.0,2023-10-10,946,22
BHARATIYA JANATA PARTY,OC,10000000.0,2023-10-11,4088,22
BHARATIYA JANATA PARTY,OC,10000000.0,2023-10-11,4088,22
BHARATIYA JANATA PARTY,OC,10000000.0,2023-10-11,4088,22
BHARATIYA JANATA PARTY,OC,10000000.0,2023-10-11,4088,22
BHARATIYA JANATA PARTY,TL,1000000.0,2023-10-11,4088,22
BHARATIYA JANATA PARTY,TL,1000000.0,2023-10-11,4088,22
BHARATIYA JANATA PARTY,TL,1000000.0,2023-10-11,4088,22
BHARATIYA JANATA PARTY,TL,1000000.0,2023-10-11,4088,22
BHARATIYA JANATA PARTY,TL,1000000.0,2023-10-11,4088,22
BHARATIYA JANATA PARTY,OC,10000000.0,2023-10-05,1112,22
BHARATIYA JANATA PARTY,OC,10000000.0,2023-10-07,3243,22
BHARATIYA JANATA PARTY,OC,10000000.0,2023-10-07,3243,22
BHARATIYA JANATA PARTY,OC,10000000.0,2023-10-07,3243,22
BHARATIYA JANATA PARTY,OC,10000000.0,2023-10-07,3243,22
BHARATIYA JANATA PARTY,OC,10000000.0,2023-10-07,3243,22
BHARATIYA JANATA PARTY,OC,10000000.0,2023-10-09,2155,22
BHARATIYA JANATA PARTY,OC,10000000.0,2023-10-09,395,22
BHARATIYA JANATA PARTY,OC,10000000.0,2023-10-09,2807,22
BHARATIYA JANATA PARTY,OC,10000000.0,2023-10-10,1726,22
BHARATIYA JANATA PARTY,OC,10000000.0,2023-10-11,1203,22
BHARATIYA JANATA PARTY,OC,10000000.0,2023-10-11,1203,22
BHARATIYA JANATA PARTY,OC,10000000.0,2023-10-11,1203,22
BHARATIYA JANATA PARTY,OC,10000000.0,2023-10-12,3642,22
BHARATIYA JANATA PARTY,OC,10000000.0,2023-10-12,3642,22
BHARATIYA JANATA PARTY,OC,10000000.0,2023-10-12,3642,22
BHARATIYA JANATA PARTY,OC,10000000.0,2023-10-12,3642,22
BHARATIYA JANATA PARTY,OC,10000000.0,2023-10-12,3642,22
BHARATIYA JANATA PARTY,OC,10000000.0,2023-10-12,3642,22
BHARATIYA JANATA PARTY,OC,10000000.0,2023-10-12,3642,22
BHARATIYA JANATA PARTY,OC,10000000.0,2023-10-12,3642,22
BHARATIYA JANATA PARTY,OC,10000000.0,2023-10-12,3642,22
BHARATIYA JANATA PARTY,OC,10000000.0,2023-10-12,3642,22
BHARATIYA JANATA PARTY,OC,10000000.0,2023-10-12,3642,22
BHARATIYA JANATA PARTY,OC,10000000.0,2023-10-12,3642,22
BHARATIYA JANATA PARTY,OC,10000000.0,2023-10-12,3642,22
BHARATIYA JANATA PARTY,OC,10000000.0,2023-10-12,3642,22
BHARATIYA JANATA PARTY,OC,10000000.0,2023-10-12,3642,22
BHARATIYA JANATA PARTY,OC,10000000.0,2023-10-12,3642,22
BHARATIYA JANATA PARTY,OC,10000000.0,2023-10-12,3642,22
BHARATIYA JANATA PARTY,OC,10000000.0,2023-10-12,3642,22
BHARATIYA JANATA PARTY,OC,10000000.0,2023-10-12,3019,22
BHARATIYA JANATA PARTY,OC,10000000.0,2023-10-12,3019,22
BHARATIYA JANATA PARTY,OC,10000000.0,2023-10-10,126,22
BHARATIYA JANATA PARTY,OC,10000000.0,2023-10-10,126,22
BHARATIYA JANATA PARTY,OC,10000000.0,2023-10-10,126,22
BHARATIYA JANATA PARTY,OC,10000000.0,2023-10-10,126,22
BHARATIYA JANATA PARTY,OC,10000000.0,2023-10-10,126,22
BHARATIYA JANATA PARTY,OC,10000000.0,2023-10-11,1466,22
BHARATIYA JANATA PARTY,OC,10000000.0,2023-10-11,1466,22
BHARATIYA JANATA PARTY,OC,10000000.0,2023-10-11,793,22
BHARATIYA JANATA PARTY,OC,10000000.0,2023-10-11,4150,22
BHARATIYA JANATA PARTY,OC,10000000.0,2023-10-11,4150,22
BHARATIYA JANATA PARTY,OC,10000000.0,2023-10-11,4150,22
BHARATIYA JANATA PARTY,OC,10000000.0,2023-10-11,4150,22
BHARATIYA JANATA PARTY,OC,10000000.0,2023-10-11,4150,22
BHARATIYA JANATA PARTY,OC,10000000.0,2023-10-11,260,22
BHARATIYA JANATA PARTY,OC,10000000.0,2023-10-11,1187,22
BHARATIYA JANATA PARTY,OC,10000000.0,2023-10-11,4110,22
BHARATIYA JANATA PARTY,OC,10000000.0,2023-10-11,3140,22
BHARATIYA JANATA PARTY,OC,10000000.0,2023-10-12,3517,22
BHARATIYA JANATA PARTY,OC,10000000.0,2023-10-12,3517,22
BHARATIYA JANATA PARTY,OC,10000000.0,2023-10-12,3517,22
BHARATIYA JANATA PARTY,OC,10000000.0,2023-10-12,1834,22
BHARATIYA JANATA PARTY,OC,10000000.0,2023-10-12,1834,22
BHARATIYA JANATA PARTY,OC,10000000.0,2023-10-12,1834,22
BHARATIYA JANATA PARTY,OC,10000000.0,2023-10-12,1834,22
BHARATIYA JANATA PARTY,OC,10000000.0,2023-10-12,1834,22
BHARATIYA JANATA PARTY,OC,10000000.0,2023-10-12,1834,22
BHARATIYA JANATA PARTY,OC,10000000.0,2023-10-12,1834,22
BHARATIYA JANATA PARTY,OC,10000000.0,2023-10-12,1834,22
BHARATIYA JANATA PARTY,TL,1000000.0,2023-10-09,2155,22
BHARATIYA JANATA PARTY,TL,1000000.0,2023-10-09,2155,22
BHARATIYA JANATA PARTY,TL,1000000.0,2023-10-09,2155,22
BHARATIYA JANATA PARTY,TL,1000000.0,2023-10-09,2155,22
BHARATIYA JANATA PARTY,TL,1000000.0,2023-10-09,2155,22
BHARATIYA JANATA PARTY,TL,1000000.0,2023-10-09,2155,22
BHARATIYA JANATA PARTY,TL,1000000.0,2023-10-09,2155,22
BHARATIYA JANATA PARTY,TL,1000000.0,2023-10-09,2155,22
BHARATIYA JANATA PARTY,TL,1000000.0,2023-10-09,2155,22
BHARATIYA JANATA PARTY,TL,1000000.0,2023-10-09,2155,22
BHARATIYA JANATA PARTY,TL,1000000.0,2023-10-10,1726,22
BHARATIYA JANATA PARTY,TL,1000000.0,2023-10-10,1726,22
BHARATIYA JANATA PARTY,TL,1000000.0,2023-10-10,1726,22
BHARATIYA JANATA PARTY,TL,1000000.0,2023-10-10,1726,22
BHARATIYA JANATA PARTY,TL,1000000.0,2023-10-10,1726,22
BHARATIYA JANATA PARTY,TL,1000000.0,2023-10-12,4129,22
BHARATIYA JANATA PARTY,TL,1000000.0,2023-10-12,4129,22
BHARATIYA JANATA PARTY,TL,1000000.0,2023-10-12,4129,22
BHARATIYA JANATA PARTY,TL,1000000.0,2023-10-12,4129,22
BHARATIYA JANATA PARTY,TL,1000000.0,2023-10-12,4129,22
BHARATIYA JANATA PARTY,TL,1000000.0,2023-10-12,4129,22
BHARATIYA JANATA PARTY,TL,1000000.0,2023-10-12,4129,22
BHARATIYA JANATA PARTY,TL,1000000.0,2023-10-12,3927,22
BHARATIYA JANATA PARTY,TL,1000000.0,2023-10-12,3927,22
BHARATIYA JANATA PARTY,TL,1000000.0,2023-10-12,3927,22
BHARATIYA JANATA PARTY,TL,1000000.0,2023-10-12,3927,22
BHARATIYA JANATA PARTY,TL,1000000.0,2023-10-12,3927,22
BHARATIYA JANATA PARTY,TL,1000000.0,2023-10-12,3927,22
BHARATIYA JANATA PARTY,TL,1000000.0,2023-10-12,3927,22
BHARATIYA JANATA PARTY,TL,1000000.0,2023-10-10,126,22
BHARATIYA JANATA PARTY,TL,1000000.0,2023-10-10,126,22
BHARATIYA JANATA PARTY,TL,1000000.0,2023-10-10,126,22
BHARATIYA JANATA PARTY,TL,1000000.0,2023-10-10,126,22
BHARATIYA JANATA PARTY,TL,1000000.0,2023-10-10,126,22
BHARATIYA JANATA PARTY,TL,1000000.0,2023-10-12,1834,22
BHARATIYA JANATA PARTY,TL,1000000.0,2023-10-12,1834,22
BHARATIYA JANATA PARTY,TL,1000000.0,2023-10-13,4025,22
BHARATIYA JANATA PARTY,TL,1000000.0,2023-10-13,4025,22
BHARATIYA JANATA PARTY,TL,1000000.0,2023-10-13,4025,22
BHARATIYA JANATA PARTY,TL,1000000.0,2023-10-13,4025,22
BHARATIYA JANATA PARTY,TL,1000000.0,2023-10-13,4025,22
BHARATIYA JANATA PARTY,TL,1000000.0,2023-10-13,4025,22
BHARATIYA JANATA PARTY,TL,1000000.0,2023-10-13,4025,22
BHARATIYA JANATA PARTY,OL,100000.0,2023-10-12,4129,22
BHARATIYA JANATA PARTY,OL,100000.0,2023-10-12,4129,22
BHARATIYA JANATA PARTY,OL,100000.0,2023-10-12,4129,22
BHARATIYA JANATA PARTY,OL,100000.0,2023-10-12,4129,22
BHARATIYA JANATA PARTY,OL,100000.0,2023-10-12,4129,22
BHARATIYA JANATA PARTY,OL,100000.0,2023-10-12,3927,22
BHARATIYA JANATA PARTY,OL,100000.0,2023-10-12,3927,22
BHARATIYA JANATA PARTY,OL,100000.0,2023-10-12,3927,22
BHARATIYA JANATA PARTY,OL,100000.0,2023-10-12,3927,22
BHARATIYA JANATA PARTY,OL,100000.0,2023-10-12,3927,22
BHARATIYA JANATA PARTY,OL,100000.0,2023-10-13,4025,22
BHARATIYA JANATA PARTY,OL,100000.0,2023-10-13,4025,22
BHARATIYA JANATA PARTY,OL,100000.0,2023-10-13,4025,22
BHARATIYA JANATA PARTY,OL,100000.0,2023-10-13,4025,22
BHARATIYA JANATA PARTY,OL,100000.0,2023-10-13,4025,22
BHARATIYA JANATA PARTY,OC,10000000.0,2023-10-11,962,22
BHARATIYA JANATA PARTY,OC,10000000.0,2023-10-11,962,22
BHARATIYA JANATA PARTY,OC,10000000.0,2023-10-11,962,22
BHARATIYA JANATA PARTY,OC,10000000.0,2023-10-11,962,22
BHARATIYA JANATA PARTY,OC,10000000.0,2023-10-11,962,22
BHARATIYA JANATA PARTY,OC,10000000.0,2023-10-11,3519,22
BHARATIYA JANATA PARTY,OC,10000000.0,2023-10-11,3421,22
BHARATIYA JANATA PARTY,OC,10000000.0,2023-10-11,4115,22
BHARATIYA JANATA PARTY,OC,10000000.0,2023-10-11,4115,22
BHARATIYA JANATA PARTY,OC,10000000.0,2023-10-11,4115,22
BHARATIYA JANATA PARTY,OC,10000000.0,2023-10-11,4115,22
BHARATIYA JANATA PARTY,OC,10000000.0,2023-10-11,4115,22
BHARATIYA JANATA PARTY,OC,10000000.0,2023-10-11,4115,22
BHARATIYA JANATA PARTY,OC,10000000.0,2023-10-11,4115,22
BHARATIYA JANATA PARTY,OC,10000000.0,2023-10-11,4115,22
BHARATIYA JANATA PARTY,OC,10000000.0,2023-10-11,4115,22
BHARATIYA JANATA PARTY,OC,10000000.0,2023-10-11,4115,22
BHARATIYA JANATA PARTY,OC,10000000.0,2023-10-11,4115,22
BHARATIYA JANATA PARTY,OC,10000000.0,2023-10-11,4115,22
BHARATIYA JANATA PARTY,OC,10000000.0,2023-10-11,4115,22
BHARATIYA JANATA PARTY,OC,10000000.0,2023-10-11,4115,22
BHARATIYA JANATA PARTY,OC,10000000.0,2023-10-11,4115,22
BHARATIYA JANATA PARTY,OC,10000000.0,2023-10-11,4115,22
BHARATIYA JANATA PARTY,OC,10000000.0,2023-10-12,116,22
BHARATIYA JANATA PARTY,OC,10000000.0,2023-10-12,116,22
BHARATIYA JANATA PARTY,OC,10000000.0,2023-10-12,116,22
BHARATIYA JANATA PARTY,OC,10000000.0,2023-10-12,116,22
BHARATIYA JANATA PARTY,OC,10000000.0,2023-10-12,116,22
BHARATIYA JANATA PARTY,OC,10000000.0,2023-10-12,116,22
BHARATIYA JANATA PARTY,OC,10000000.0,2023-10-12,116,22
BHARATIYA JANATA PARTY,OC,10000000.0,2023-10-12,116,22
BHARATIYA JANATA PARTY,OC,10000000.0,2023-10-12,116,22
BHARATIYA JANATA PARTY,OC,10000000.0,2023-10-12,116,22
BHARATIYA JANATA PARTY,OC,10000000.0,2023-10-13,1188,22
BHARATIYA JANATA PARTY,OC,10000000.0,2023-10-13,1188,22
BHARATIYA JANATA PARTY,OC,10000000.0,2023-10-13,1188,22
BHARATIYA JANATA PARTY,OC,10000000.0,2023-10-13,1188,22
BHARATIYA JANATA PARTY,OC,10000000.0,2023-10-10,3779,22
BHARATIYA JANATA PARTY,OC,10000000.0,2023-10-10,3779,22
BHARATIYA JANATA PARTY,OC,10000000.0,2023-10-10,3779,22
BHARATIYA JANATA PARTY,OC,10000000.0,2023-10-10,3779,22
BHARATIYA JANATA PARTY,OC,10000000.0,2023-10-10,4106,22
BHARATIYA JANATA PARTY,OC,10000000.0,2023-10-10,4106,22
BHARATIYA JANATA PARTY,OC,10000000.0,2023-10-10,2493,22
BHARATIYA JANATA PARTY,OC,10000000.0,2023-10-10,2493,22
BHARATIYA JANATA PARTY,OC,10000000.0,2023-10-10,452,22
BHARATIYA JANATA PARTY,OC,10000000.0,2023-10-10,1042,22
BHARATIYA JANATA PARTY,OC,10000000.0,2023-10-11,2748,22
BHARATIYA JANATA PARTY,OC,10000000.0,2023-10-11,2748,22
BHARATIYA JANATA PARTY,OC,10000000.0,2023-10-11,2748,22
BHARATIYA JANATA PARTY,OC,10000000.0,2023-10-11,2748,22
BHARATIYA JANATA PARTY,OC,10000000.0,2023-10-11,2748,22
BHARATIYA JANATA PARTY,OC,10000000.0,2023-10-13,799,22
BHARATIYA JANATA PARTY,OC,10000000.0,2023-10-13,799,22
BHARATIYA JANATA PARTY,OC,10000000.0,2023-10-13,799,22
BHARATIYA JANATA PARTY,OC,10000000.0,2023-10-13,799,22
BHARATIYA JANATA PARTY,OC,10000000.0,2023-10-13,799,22
BHARATIYA JANATA PARTY,TL,1000000.0,2023-10-07,2155,22
BHARATIYA JANATA PARTY,TL,1000000.0,2023-10-07,2155,22
BHARATIYA JANATA PARTY,TL,1000000.0,2023-10-07,2155,22
BHARATIYA JANATA PARTY,TL,1000000.0,2023-10-07,2155,22
BHARATIYA JANATA PARTY,TL,1000000.0,2023-10-07,2155,22
BHARATIYA JANATA PARTY,TL,1000000.0,2023-10-11,3421,22
BHARATIYA JANATA PARTY,TL,1000000.0,2023-10-11,3421,22
BHARATIYA JANATA PARTY,TL,1000000.0,2023-10-11,3421,22
BHARATIYA JANATA PARTY,TL,1000000.0,2023-10-11,3421,22
BHARATIYA JANATA PARTY,TL,1000000.0,2023-10-11,3421,22
BHARATIYA JANATA PARTY,TL,1000000.0,2023-10-12,4137,22
BHARATIYA JANATA PARTY,TL,1000000.0,2023-10-12,4137,22
BHARATIYA JANATA PARTY,TL,1000000.0,2023-10-12,4137,22
BHARATIYA JANATA PARTY,TL,1000000.0,2023-10-12,4137,22
BHARATIYA JANATA PARTY,TL,1000000.0,2023-10-12,4137,22
BHARATIYA JANATA PARTY,TL,1000000.0,2023-10-12,1839,22
BHARATIYA JANATA PARTY,TL,1000000.0,2023-10-12,1839,22
BHARATIYA JANATA PARTY,TL,1000000.0,2023-10-12,1839,22
BHARATIYA JANATA PARTY,TL,1000000.0,2023-10-12,1839,22
BHARATIYA JANATA PARTY,TL,1000000.0,2023-10-12,1839,22
BHARATIYA JANATA PARTY,TL,1000000.0,2023-10-09,2316,22
BHARATIYA JANATA PARTY,TL,1000000.0,2023-10-09,2316,22
BHARATIYA JANATA PARTY,TL,1000000.0,2023-10-09,2316,22
BHARATIYA JANATA PARTY,TL,1000000.0,2023-10-09,2316,22
BHARATIYA JANATA PARTY,TL,1000000.0,2023-10-09,2316,22
BHARATIYA JANATA PARTY,TL,1000000.0,2023-10-09,2316,22
BHARATIYA JANATA PARTY,TL,1000000.0,2023-10-09,2316,22
BHARATIYA JANATA PARTY,TL,1000000.0,2023-10-09,2316,22
BHARATIYA JANATA PARTY,TL,1000000.0,2023-10-09,2316,22
BHARATIYA JANATA PARTY,TL,1000000.0,2023-10-09,2316,22
BHARATIYA JANATA PARTY,TL,1000000.0,2023-10-09,2316,22
BHARATIYA JANATA PARTY,TL,1000000.0,2023-10-09,2316,22
BHARATIYA JANATA PARTY,TL,1000000.0,2023-10-09,2316,22
BHARATIYA JANATA PARTY,TL,1000000.0,2023-10-09,2316,22
BHARATIYA JANATA PARTY,TL,1000000.0,2023-10-09,2316,22
BHARATIYA JANATA PARTY,TL,1000000.0,2023-10-09,2316,22
BHARATIYA JANATA PARTY,TL,1000000.0,2023-10-09,2316,22
BHARATIYA JANATA PARTY,TL,1000000.0,2023-10-09,2316,22
BHARATIYA JANATA PARTY,TL,1000000.0,2023-10-09,2316,22
BHARATIYA JANATA PARTY,TL,1000000.0,2023-10-09,2316,22
BHARATIYA JANATA PARTY,TL,1000000.0,2023-10-09,2316,22
BHARATIYA JANATA PARTY,TL,1000000.0,2023-10-09,2316,22
BHARATIYA JANATA PARTY,TL,1000000.0,2023-10-09,2316,22
BHARATIYA JANATA PARTY,TL,1000000.0,2023-10-09,2316,22
BHARATIYA JANATA PARTY,TL,1000000.0,2023-10-09,2316,22
BHARATIYA JANATA PARTY,TL,1000000.0,2023-10-09,2316,22
BHARATIYA JANATA PARTY,TL,1000000.0,2023-10-09,2316,22
BHARATIYA JANATA PARTY,TL,1000000.0,2023-10-09,2316,22
BHARATIYA JANATA PARTY,TL,1000000.0,2023-10-09,2316,22
BHARATIYA JANATA PARTY,TL,1000000.0,2023-10-09,2316,22
BHARATIYA JANATA PARTY,TL,1000000.0,2023-10-09,2316,22
BHARATIYA JANATA PARTY,TL,1000000.0,2023-10-09,2316,22
BHARATIYA JANATA PARTY,TL,1000000.0,2023-10-09,2316,22
BHARATIYA JANATA PARTY,TL,1000000.0,2023-10-09,2316,22
BHARATIYA JANATA PARTY,TL,1000000.0,2023-10-09,2316,22
BHARATIYA JANATA PARTY,TL,1000000.0,2023-10-09,2316,22
BHARATIYA JANATA PARTY,TL,1000000.0,2023-10-09,2316,22
BHARATIYA JANATA PARTY,TL,1000000.0,2023-10-09,2316,22
BHARATIYA JANATA PARTY,TL,1000000.0,2023-10-09,2316,22
BHARATIYA JANATA PARTY,TL,1000000.0,2023-10-09,2316,22
BHARATIYA JANATA PARTY,TL,1000000.0,2023-10-10,2493,22
BHARATIYA JANATA PARTY,TL,1000000.0,2023-10-10,2493,22
BHARATIYA JANATA PARTY,TL,1000000.0,2023-10-10,2493,22
BHARATIYA JANATA PARTY,TL,1000000.0,2023-10-10,2493,22
BHARATIYA JANATA PARTY,TL,1000000.0,2023-10-10,2493,22
BHARATIYA JANATA PARTY,TL,1000000.0,2023-10-10,2493,22
BHARATIYA JANATA PARTY,TL,1000000.0,2023-10-10,2493,22
BHARATIYA JANATA PARTY,TL,1000000.0,2023-10-10,2493,22
BHARATIYA JANATA PARTY,TL,1000000.0,2023-10-10,2493,22
BHARATIYA JANATA PARTY,TL,1000000.0,2023-10-10,2493,22
BHARATIYA JANATA PARTY,TL,1000000.0,2023-10-11,1309,22
BHARATIYA JANATA PARTY,TL,1000000.0,2023-10-11,1309,22
BHARATIYA JANATA PARTY,TL,1000000.0,2023-10-11,1309,22
BHARATIYA JANATA PARTY,TL,1000000.0,2023-10-11,1309,22
BHARATIYA JANATA PARTY,TL,1000000.0,2023-10-11,1309,22
BHARATIYA JANATA PARTY,OC,10000000.0,2023-10-11,1309,22
BHARATIYA JANATA PARTY,OC,10000000.0,2023-10-11,1309,22
BHARATIYA JANATA PARTY,OC,10000000.0,2023-10-11,1309,22
BHARATIYA JANATA PARTY,OC,10000000.0,2023-10-11,1309,22
BHARATIYA JANATA PARTY,OC,10000000.0,2023-10-11,1309,22
BHARATIYA JANATA PARTY,TL,1000000.0,2023-10-11,1309,22
BHARATIYA JANATA PARTY,OC,10000000.0,2023-10-12,517,22
BHARATIYA JANATA PARTY,OC,10000000.0,2023-10-12,517,22
BHARATIYA JANATA PARTY,OC,10000000.0,2023-10-12,517,22
BHARATIYA JANATA PARTY,OC,10000000.0,2023-10-12,517,22
BHARATIYA JANATA PARTY,OC,10000000.0,2023-10-12,517,22
BHARATIYA JANATA PARTY,OC,10000000.0,2023-10-12,1922,22
BHARATIYA JANATA PARTY,OC,10000000.0,2023-10-12,1922,22
BHARATIYA JANATA PARTY,OC,10000000.0,2023-10-12,1922,22
BHARATIYA JANATA PARTY,OC,10000000.0,2023-10-12,1922,22
BHARATIYA JANATA PARTY,OC,10000000.0,2023-10-12,1922,22
BHARATIYA JANATA PARTY,OC,10000000.0,2023-10-12,1159,22
BHARATIYA JANATA PARTY,OC,10000000.0,2023-10-12,1159,22
BHARATIYA JANATA PARTY,OC,10000000.0,2023-10-12,1159,22
BHARATIYA JANATA PARTY,OC,10000000.0,2023-10-12,1159,22
BHARATIYA JANATA PARTY,OC,10000000.0,2023-10-12,1159,22
BHARATIYA JANATA PARTY,TL,1000000.0,2023-10-13,2664,22
BHARATIYA JANATA PARTY,TL,1000000.0,2023-10-13,2664,22
BHARATIYA JANATA PARTY,TL,1000000.0,2023-10-13,2664,22
BHARATIYA JANATA PARTY,TL,1000000.0,2023-10-13,2664,22
BHARATIYA JANATA PARTY,TL,1000000.0,2023-10-13,2664,22
BHARATIYA JANATA PARTY,OC,10000000.0,2023-10-13,1188,22
BHARATIYA JANATA PARTY,OC,10000000.0,2023-11-09,3303,23
BHARATIYA JANATA PARTY,OC,10000000.0,2023-11-09,3303,23
BHARATIYA JANATA PARTY,OC,10000000.0,2023-11-09,3303,23
BHARATIYA JANATA PARTY,OC,10000000.0,2023-11-09,3303,23
BHARATIYA JANATA PARTY,OC,10000000.0,2023-11-09,3303,23
BHARATIYA JANATA PARTY,OC,10000000.0,2023-11-09,3303,23
BHARATIYA JANATA PARTY,OC,10000000.0,2023-11-09,3303,23
BHARATIYA JANATA PARTY,OC,10000000.0,2023-11-09,3328,23
BHARATIYA JANATA PARTY,OC,10000000.0,2023-11-09,3328,23
BHARATIYA JANATA PARTY,OC,10000000.0,2023-11-09,3328,23
BHARATIYA JANATA PARTY,OC,10000000.0,2023-11-09,3328,23
BHARATIYA JANATA PARTY,OC,10000000.0,2023-11-09,3328,23
BHARATIYA JANATA PARTY,OC,10000000.0,2023-11-09,3328,23
BHARATIYA JANATA PARTY,OC,10000000.0,2023-11-09,3328,23
BHARATIYA JANATA PARTY,OC,10000000.0,2023-11-09,3328,23
BHARATIYA JANATA PARTY,OC,10000000.0,2023-11-09,3328,23
BHARATIYA JANATA PARTY,OC,10000000.0,2023-11-09,3328,23
BHARATIYA JANATA PARTY,OC,10000000.0,2023-11-09,3328,23
BHARATIYA JANATA PARTY,OC,10000000.0,2023-11-09,3328,23
BHARATIYA JANATA PARTY,OC,10000000.0,2023-11-09,3328,23
BHARATIYA JANATA PARTY,OC,10000000.0,2023-11-09,3328,23
BHARATIYA JANATA PARTY,OC,10000000.0,2023-11-09,3328,23
BHARATIYA JANATA PARTY,OC,10000000.0,2023-11-09,3328,23
BHARATIYA JANATA PARTY,OC,10000000.0,2023-11-09,3328,23
BHARATIYA JANATA PARTY,OC,10000000.0,2023-11-09,3328,23
BHARATIYA JANATA PARTY,OC,10000000.0,2023-11-09,3328,23
BHARATIYA JANATA PARTY,OC,10000000.0,2023-11-09,3328,23
BHARATIYA JANATA PARTY,OC,10000000.0,2023-11-09,3328,23
BHARATIYA JANATA PARTY,OC,10000000.0,2023-11-09,3328,23
BHARATIYA JANATA PARTY,OC,10000000.0,2023-11-09,3328,23
BHARATIYA JANATA PARTY,OC,10000000.0,2023-11-09,3328,23
BHARATIYA JANATA PARTY,OC,10000000.0,2023-11-09,3328,23
BHARATIYA JANATA PARTY,OC,10000000.0,2023-11-09,3328,23
BHARATIYA JANATA PARTY,OC,10000000.0,2023-11-09,3328,23
BHARATIYA JANATA PARTY,OC,10000000.0,2023-11-09,3328,23
BHARATIYA JANATA PARTY,OC,10000000.0,2023-11-09,3328,23
BHARATIYA JANATA PARTY,OC,10000000.0,2023-11-09,3328,23
BHARATIYA JANATA PARTY,OC,10000000.0,2023-11-09,3328,23
BHARATIYA JANATA PARTY,OC,10000000.0,2023-11-09,3328,23
BHARATIYA JANATA PARTY,OC,10000000.0,2023-11-09,3328,23
BHARATIYA JANATA PARTY,OC,10000000.0,2023-11-09,3328,23
BHARATIYA JANATA PARTY,OC,10000000.0,2023-11-09,3328,23
BHARATIYA JANATA PARTY,OC,10000000.0,2023-11-09,3328,23
BHARATIYA JANATA PARTY,OC,10000000.0,2023-11-09,3328,23
BHARATIYA JANATA PARTY,OC,10000000.0,2023-11-09,3328,23
BHARATIYA JANATA PARTY,OC,10000000.0,2023-11-09,3328,23
BHARATIYA JANATA PARTY,OC,10000000.0,2023-11-09,3328,23
BHARATIYA JANATA PARTY,OC,10000000.0,2023-11-09,3328,23
BHARATIYA JANATA PARTY,OC,10000000.0,2023-11-09,3328,23
BHARATIYA JANATA PARTY,OC,10000000.0,2023-11-09,3328,23
BHARATIYA JANATA PARTY,OC,10000000.0,2023-11-09,3328,23
BHARATIYA JANATA PARTY,OC,10000000.0,2023-11-09,3328,23
BHARATIYA JANATA PARTY,OC,10000000.0,2023-11-09,3328,23
BHARATIYA JANATA PARTY,OC,10000000.0,2023-11-09,3328,23
BHARATIYA JANATA PARTY,OC,10000000.0,2023-11-09,3328,23
BHARATIYA JANATA PARTY,OC,10000000.0,2023-11-09,3328,23
BHARATIYA JANATA PARTY,OC,10000000.0,2023-11-09,3328,23
BHARATIYA JANATA PARTY,OC,10000000.0,2023-11-09,3328,23
BHARATIYA JANATA PARTY,OC,10000000.0,2023-11-09,3328,23
BHARATIYA JANATA PARTY,OC,10000000.0,2023-11-09,3328,23
BHARATIYA JANATA PARTY,OC,10000000.0,2023-11-09,3328,23
BHARATIYA JANATA PARTY,OC,10000000.0,2023-11-09,3328,23
BHARATIYA JANATA PARTY,OC,10000000.0,2023-11-09,3328,23
BHARATIYA JANATA PARTY,OC,10000000.0,2023-11-09,3328,23
BHARATIYA JANATA PARTY,OC,10000000.0,2023-11-09,3328,23
BHARATIYA JANATA PARTY,OC,10000000.0,2023-11-09,3328,23
BHARATIYA JANATA PARTY,OC,10000000.0,2023-11-09,3328,23
BHARATIYA JANATA PARTY,OC,10000000.0,2023-11-09,3328,23
BHARATIYA JANATA PARTY,OC,10000000.0,2023-11-09,3328,23
BHARATIYA JANATA PARTY,OC,10000000.0,2023-11-09,3328,23
BHARATIYA JANATA PARTY,OC,10000000.0,2023-11-09,3328,23
BHARATIYA JANATA PARTY,OC,10000000.0,2023-11-09,3328,23
BHARATIYA JANATA PARTY,OC,10000000.0,2023-11-09,3328,23
BHARATIYA JANATA PARTY,OC,10000000.0,2023-11-09,3328,23
BHARATIYA JANATA PARTY,OC,10000000.0,2023-11-09,3328,23
BHARATIYA JANATA PARTY,OC,10000000.0,2023-11-09,3328,23
BHARATIYA JANATA PARTY,OC,10000000.0,2023-11-09,3328,23
BHARATIYA JANATA PARTY,OC,10000000.0,2023-11-09,3328,23
BHARATIYA JANATA PARTY,OC,10000000.0,2023-11-09,3328,23
BHARATIYA JANATA PARTY,OC,10000000.0,2023-11-09,3328,23
BHARATIYA JANATA PARTY,OC,10000000.0,2023-11-09,3328,23
BHARATIYA JANATA PARTY,OC,10000000.0,2023-11-09,3328,23
BHARATIYA JANATA PARTY,OC,10000000.0,2023-11-09,3328,23
BHARATIYA JANATA PARTY,OC,10000000.0,2023-11-09,3328,23
BHARATIYA JANATA PARTY,OC,10000000.0,2023-11-09,3328,23
BHARATIYA JANATA PARTY,OC,10000000.0,2023-11-09,3328,23
BHARATIYA JANATA PARTY,OC,10000000.0,2023-11-09,3328,23
BHARATIYA JANATA PARTY,OC,10000000.0,2023-11-09,3328,23
BHARATIYA JANATA PARTY,OC,10000000.0,2023-11-09,3328,23
BHARATIYA JANATA PARTY,OC,10000000.0,2023-11-09,3328,23
BHARATIYA JANATA PARTY,OC,10000000.0,2023-11-09,3328,23
BHARATIYA JANATA PARTY,OC,10000000.0,2023-11-09,3328,23
BHARATIYA JANATA PARTY,OC,10000000.0,2023-11-09,3328,23
BHARATIYA JANATA PARTY,OC,10000000.0,2023-11-09,3328,23
BHARATIYA JANATA PARTY,OC,10000000.0,2023-11-09,3328,23
BHARATIYA JANATA PARTY,OC,10000000.0,2023-11-09,3328,23
BHARATIYA JANATA PARTY,OC,10000000.0,2023-11-09,3328,23
BHARATIYA JANATA PARTY,OC,10000000.0,2023-11-09,3328,23
BHARATIYA JANATA PARTY,OC,10000000.0,2023-11-09,3328,23
BHARATIYA JANATA PARTY,OC,10000000.0,2023-11-09,3328,23
BHARATIYA JANATA PARTY,OC,10000000.0,2023-11-06,3050,23
BHARATIYA JANATA PARTY,OC,10000000.0,2023-11-06,3050,23
BHARATIYA JANATA PARTY,OC,10000000.0,2023-11-06,3050,23
BHARATIYA JANATA PARTY,OC,10000000.0,2023-11-06,3050,23
BHARATIYA JANATA PARTY,OC,10000000.0,2023-11-06,3050,23
BHARATIYA JANATA PARTY,OC,10000000.0,2023-11-06,3050,23
BHARATIYA JANATA PARTY,OC,10000000.0,2023-11-06,3050,23
BHARATIYA JANATA PARTY,OC,10000000.0,2023-11-06,3050,23
BHARATIYA JANATA PARTY,OC,10000000.0,2023-11-06,3050,23
BHARATIYA JANATA PARTY,OC,10000000.0,2023-11-06,3050,23
BHARATIYA JANATA PARTY,OC,10000000.0,2023-11-09,2207,23
BHARATIYA JANATA PARTY,OC,10000000.0,2023-11-09,2207,23
BHARATIYA JANATA PARTY,OC,10000000.0,2023-11-09,2207,23
BHARATIYA JANATA PARTY,OC,10000000.0,2023-11-09,2207,23
BHARATIYA JANATA PARTY,OC,10000000.0,2023-11-09,2207,23
BHARATIYA JANATA PARTY,TL,1000000.0,2023-11-10,2498,23
BHARATIYA JANATA PARTY,TL,1000000.0,2023-11-10,2498,23
BHARATIYA JANATA PARTY,OL,100000.0,2023-11-10,2498,23
BHARATIYA JANATA PARTY,OL,100000.0,2023-11-10,2498,23
BHARATIYA JANATA PARTY,OL,100000.0,2023-11-10,2498,23
BHARATIYA JANATA PARTY,OL,100000.0,2023-11-10,2498,23
BHARATIYA JANATA PARTY,OL,100000.0,2023-11-10,2498,23
BHARATIYA JANATA PARTY,OC,10000000.0,2023-11-07,1318,23
BHARATIYA JANATA PARTY,OC,10000000.0,2023-11-07,1318,23
BHARATIYA JANATA PARTY,OC,10000000.0,2023-11-07,1318,23
BHARATIYA JANATA PARTY,OC,10000000.0,2023-11-07,1318,23
BHARATIYA JANATA PARTY,OC,10000000.0,2023-11-07,1318,23
BHARATIYA JANATA PARTY,OC,10000000.0,2023-11-07,1318,23
BHARATIYA JANATA PARTY,OC,10000000.0,2023-11-07,1318,23
BHARATIYA JANATA PARTY,OC,10000000.0,2023-11-07,1318,23
BHARATIYA JANATA PARTY,OC,10000000.0,2023-11-07,1318,23
BHARATIYA JANATA PARTY,OC,10000000.0,2023-11-07,1318,23
BHARATIYA JANATA PARTY,OC,10000000.0,2023-11-07,739,23
BHARATIYA JANATA PARTY,OC,10000000.0,2023-11-07,739,23
BHARATIYA JANATA PARTY,OC,10000000.0,2023-11-07,739,23
BHARATIYA JANATA PARTY,OC,10000000.0,2023-11-07,739,23
BHARATIYA JANATA PARTY,OC,10000000.0,2023-11-07,739,23
BHARATIYA JANATA PARTY,OC,10000000.0,2023-11-08,3589,23
BHARATIYA JANATA PARTY,OC,10000000.0,2023-11-08,3589,23
BHARATIYA JANATA PARTY,OC,10000000.0,2023-11-08,3589,23
BHARATIYA JANATA PARTY,OC,10000000.0,2023-11-08,3589,23
BHARATIYA JANATA PARTY,OC,10000000.0,2023-11-08,3589,23
BHARATIYA JANATA PARTY,OC,10000000.0,2023-11-08,3589,23
BHARATIYA JANATA PARTY,OC,10000000.0,2023-11-08,3589,23
BHARATIYA JANATA PARTY,OC,10000000.0,2023-11-08,3589,23
BHARATIYA JANATA PARTY,OC,10000000.0,2023-11-08,3589,23
BHARATIYA JANATA PARTY,OC,10000000.0,2023-11-08,3589,23
BHARATIYA JANATA PARTY,OC,10000000.0,2023-11-08,3942,23
BHARATIYA JANATA PARTY,OC,10000000.0,2023-11-08,3942,23
BHARATIYA JANATA PARTY,OC,10000000.0,2023-11-08,3942,23
BHARATIYA JANATA PARTY,OC,10000000.0,2023-11-08,3942,23
BHARATIYA JANATA PARTY,OC,10000000.0,2023-11-08,3942,23
BHARATIYA JANATA PARTY,OC,10000000.0,2023-11-08,3942,23
BHARATIYA JANATA PARTY,OC,10000000.0,2023-11-08,3942,23
BHARATIYA JANATA PARTY,OC,10000000.0,2023-11-08,3942,23
BHARATIYA JANATA PARTY,OC,10000000.0,2023-11-08,3942,23
BHARATIYA JANATA PARTY,OC,10000000.0,2023-11-08,3942,23
BHARATIYA JANATA PARTY,OC,10000000.0,2023-11-08,3942,23
BHARATIYA JANATA PARTY,OC,10000000.0,2023-11-08,3942,23
BHARATIYA JANATA PARTY,OC,10000000.0,2023-11-08,3942,23
BHARATIYA JANATA PARTY,OC,10000000.0,2023-11-08,3942,23
BHARATIYA JANATA PARTY,OC,10000000.0,2023-11-08,3942,23
BHARATIYA JANATA PARTY,OC,10000000.0,2023-11-08,3942,23
BHARATIYA JANATA PARTY,OC,10000000.0,2023-11-08,3942,23
BHARATIYA JANATA PARTY,OC,10000000.0,2023-11-08,3942,23
BHARATIYA JANATA PARTY,OC,10000000.0,2023-11-08,3942,23
BHARATIYA JANATA PARTY,OC,10000000.0,2023-11-08,3942,23
BHARATIYA JANATA PARTY,OC,10000000.0,2023-11-08,3942,23
BHARATIYA JANATA PARTY,OC,10000000.0,2023-11-08,3942,23
BHARATIYA JANATA PARTY,OC,10000000.0,2023-11-08,3942,23
BHARATIYA JANATA PARTY,OC,10000000.0,2023-11-08,3942,23
BHARATIYA JANATA PARTY,OC,10000000.0,2023-11-08,3942,23
BHARATIYA JANATA PARTY,OC,10000000.0,2023-11-08,4161,23
BHARATIYA JANATA PARTY,OC,10000000.0,2023-11-08,4161,23
BHARATIYA JANATA PARTY,OC,10000000.0,2023-11-08,4161,23
BHARATIYA JANATA PARTY,OC,10000000.0,2023-11-08,4161,23
BHARATIYA JANATA PARTY,OC,10000000.0,2023-11-08,4161,23
BHARATIYA JANATA PARTY,OC,10000000.0,2023-11-08,4161,23
BHARATIYA JANATA PARTY,OC,10000000.0,2023-11-08,4161,23
BHARATIYA JANATA PARTY,OC,10000000.0,2023-11-08,4161,23
BHARATIYA JANATA PARTY,OC,10000000.0,2023-11-08,4161,23
BHARATIYA JANATA PARTY,OC,10000000.0,2023-11-08,4161,23
BHARATIYA JANATA PARTY,OC,10000000.0,2023-11-08,4161,23
BHARATIYA JANATA PARTY,OC,10000000.0,2023-11-08,4161,23
BHARATIYA JANATA PARTY,OC,10000000.0,2023-11-08,4161,23
BHARATIYA JANATA PARTY,OC,10000000.0,2023-11-08,4161,23
BHARATIYA JANATA PARTY,OC,10000000.0,2023-11-08,4161,23
BHARATIYA JANATA PARTY,OC,10000000.0,2023-11-13,4079,23
BHARATIYA JANATA PARTY,OC,10000000.0,2023-11-13,4079,23
BHARATIYA JANATA PARTY,OC,10000000.0,2023-11-13,4079,23
BHARATIYA JANATA PARTY,OC,10000000.0,2023-11-13,4079,23
BHARATIYA JANATA PARTY,OC,10000000.0,2023-11-13,4079,23
BHARATIYA JANATA PARTY,OC,10000000.0,2023-11-13,4079,23
BHARATIYA JANATA PARTY,OC,10000000.0,2023-11-13,4079,23
BHARATIYA JANATA PARTY,OC,10000000.0,2023-11-13,4079,23
BHARATIYA JANATA PARTY,OC,10000000.0,2023-11-13,4079,23
BHARATIYA JANATA PARTY,OC,10000000.0,2023-11-13,4079,23
BHARATIYA JANATA PARTY,OC,10000000.0,2023-11-13,4079,23
BHARATIYA JANATA PARTY,OC,10000000.0,2023-11-13,4079,23
BHARATIYA JANATA PARTY,OC,10000000.0,2023-11-13,4079,23
BHARATIYA JANATA PARTY,OC,10000000.0,2023-11-13,4079,23
BHARATIYA JANATA PARTY,OC,10000000.0,2023-11-13,4079,23
BHARATIYA JANATA PARTY,OC,10000000.0,2023-11-13,4079,23
BHARATIYA JANATA PARTY,OC,10000000.0,2023-11-13,4079,23
BHARATIYA JANATA PARTY,OC,10000000.0,2023-11-13,4079,23
BHARATIYA JANATA PARTY,OC,10000000.0,2023-11-13,4079,23
BHARATIYA JANATA PARTY,OC,10000000.0,2023-11-13,4079,23
BHARATIYA JANATA PARTY,OC,10000000.0,2023-11-13,4079,23
BHARATIYA JANATA PARTY,OC,10000000.0,2023-11-13,4079,23
BHARATIYA JANATA PARTY,OC,10000000.0,2023-11-13,4079,23
BHARATIYA JANATA PARTY,OC,10000000.0,2023-11-13,4079,23
BHARATIYA JANATA PARTY,OC,10000000.0,2023-11-13,4079,23
BHARATIYA JANATA PARTY,OC,10000000.0,2023-11-13,4079,23
BHARATIYA JANATA PARTY,OC,10000000.0,2023-11-13,4079,23
BHARATIYA JANATA PARTY,OC,10000000.0,2023-11-13,4079,23
BHARATIYA JANATA PARTY,OC,10000000.0,2023-11-13,4079,23
BHARATIYA JANATA PARTY,OC,10000000.0,2023-11-13,4079,23
BHARATIYA JANATA PARTY,OC,10000000.0,2023-11-13,4079,23
BHARATIYA JANATA PARTY,OC,10000000.0,2023-11-13,4079,23
BHARATIYA JANATA PARTY,OC,10000000.0,2023-11-13,4079,23
BHARATIYA JANATA PARTY,OC,10000000.0,2023-11-13,4079,23
BHARATIYA JANATA PARTY,OC,10000000.0,2023-11-13,4079,23
BHARATIYA JANATA PARTY,OC,10000000.0,2023-11-13,4079,23
BHARATIYA JANATA PARTY,OC,10000000.0,2023-11-13,4079,23
BHARATIYA JANATA PARTY,OC,10000000.0,2023-11-13,4079,23
BHARATIYA JANATA PARTY,OC,10000000.0,2023-11-13,4079,23
BHARATIYA JANATA PARTY,OC,10000000.0,2023-11-13,4079,23
BHARATIYA JANATA PARTY,OC,10000000.0,2023-11-13,4079,23
BHARATIYA JANATA PARTY,OC,10000000.0,2023-11-13,4079,23
BHARATIYA JANATA PARTY,OC,10000000.0,2023-11-13,4079,23
BHARATIYA JANATA PARTY,OC,10000000.0,2023-11-13,4079,23
BHARATIYA JANATA PARTY,OC,10000000.0,2023-11-13,4079,23
BHARATIYA JANATA PARTY,OC,10000000.0,2023-11-13,4079,23
BHARATIYA JANATA PARTY,OC,10000000.0,2023-11-13,4079,23
BHARATIYA JANATA PARTY,OC,10000000.0,2023-11-13,4079,23
BHARATIYA JANATA PARTY,OC,10000000.0,2023-11-13,4079,23
BHARATIYA JANATA PARTY,OC,10000000.0,2023-11-13,4079,23
BHARATIYA JANATA PARTY,OC,10000000.0,2023-11-13,4079,23
BHARATIYA JANATA PARTY,OC,10000000.0,2023-11-13,4079,23
BHARATIYA JANATA PARTY,OC,10000000.0,2023-11-13,4079,23
BHARATIYA JANATA PARTY,OC,10000000.0,2023-11-13,4079,23
BHARATIYA JANATA PARTY,OC,10000000.0,2023-11-13,4079,23
BHARATIYA JANATA PARTY,OC,10000000.0,2023-11-13,4079,23
BHARATIYA JANATA PARTY,OC,10000000.0,2023-11-13,4079,23
BHARATIYA JANATA PARTY,OC,10000000.0,2023-11-13,4079,23
BHARATIYA JANATA PARTY,OC,10000000.0,2023-11-13,4079,23
BHARATIYA JANATA PARTY,OC,10000000.0,2023-11-13,4079,23
BHARATIYA JANATA PARTY,OC,10000000.0,2023-11-15,38,23
BHARATIYA JANATA PARTY,OC,10000000.0,2023-11-15,38,23
BHARATIYA JANATA PARTY,OC,10000000.0,2023-11-15,38,23
BHARATIYA JANATA PARTY,OC,10000000.0,2023-11-10,2837,23
BHARATIYA JANATA PARTY,OC,10000000.0,2023-11-10,2837,23
BHARATIYA JANATA PARTY,OC,10000000.0,2023-11-10,2837,23
BHARATIYA JANATA PARTY,OC,10000000.0,2023-11-10,2837,23
BHARATIYA JANATA PARTY,OC,10000000.0,2023-11-10,2837,23
BHARATIYA JANATA PARTY,OC,10000000.0,2023-11-10,2837,23
BHARATIYA JANATA PARTY,OC,10000000.0,2023-11-10,2837,23
BHARATIYA JANATA PARTY,OC,10000000.0,2023-11-10,2837,23
BHARATIYA JANATA PARTY,OC,10000000.0,2023-11-10,2837,23
BHARATIYA JANATA PARTY,OC,10000000.0,2023-11-10,2837,23
BHARATIYA JANATA PARTY,OC,10000000.0,2023-11-10,2837,23
BHARATIYA JANATA PARTY,OC,10000000.0,2023-11-10,2837,23
BHARATIYA JANATA PARTY,OC,10000000.0,2023-11-10,2837,23
BHARATIYA JANATA PARTY,OC,10000000.0,2023-11-10,2837,23
BHARATIYA JANATA PARTY,OC,10000000.0,2023-11-10,2837,23
BHARATIYA JANATA PARTY,OC,10000000.0,2023-11-10,2837,23
BHARATIYA JANATA PARTY,OC,10000000.0,2023-11-10,2837,23
BHARATIYA JANATA PARTY,OC,10000000.0,2023-11-10,2837,23
BHARATIYA JANATA PARTY,OC,10000000.0,2023-11-10,2837,23
BHARATIYA JANATA PARTY,OC,10000000.0,2023-11-10,2837,23
BHARATIYA JANATA PARTY,TL,1000000.0,2023-11-09,701,23
BHARATIYA JANATA PARTY,TL,1000000.0,2023-11-09,701,23
BHARATIYA JANATA PARTY,OL,100000.0,2023-11-09,701,23
BHARATIYA JANATA PARTY,OL,100000.0,2023-11-09,701,23
BHARATIYA JANATA PARTY,OL,100000.0,2023-11-09,701,23
BHARATIYA JANATA PARTY,OL,100000.0,2023-11-09,701,23
BHARATIYA JANATA PARTY,OL,100000.0,2023-11-09,701,23
BHARATIYA JANATA PARTY,OC,10000000.0,2023-11-09,3324,23
BHARATIYA JANATA PARTY,OC,10000000.0,2023-11-09,3324,23
BHARATIYA JANATA PARTY,OC,10000000.0,2023-11-09,3324,23
BHARATIYA JANATA PARTY,OC,10000000.0,2023-11-09,3324,23
BHARATIYA JANATA PARTY,OC,10000000.0,2023-11-09,3324,23
BHARATIYA JANATA PARTY,OC,10000000.0,2023-11-09,3324,23
BHARATIYA JANATA PARTY,OC,10000000.0,2023-11-09,3324,23
BHARATIYA JANATA PARTY,OC,10000000.0,2023-11-09,3324,23
BHARATIYA JANATA PARTY,OC,10000000.0,2023-11-09,3324,23
BHARATIYA JANATA PARTY,OC,10000000.0,2023-11-09,3324,23
BHARATIYA JANATA PARTY,OC,10000000.0,2023-11-09,3449,23
BHARATIYA JANATA PARTY,OC,10000000.0,2023-11-09,3449,23
BHARATIYA JANATA PARTY,OC,10000000.0,2023-11-09,3449,23
BHARATIYA JANATA PARTY,OC,10000000.0,2023-11-16,167,23
BHARATIYA JANATA PARTY,OC,10000000.0,2023-11-16,167,23
BHARATIYA JANATA PARTY,OC,10000000.0,2023-11-16,167,23
BHARATIYA JANATA PARTY,OC,10000000.0,2023-11-16,167,23
BHARATIYA JANATA PARTY,OC,10000000.0,2023-11-16,167,23
BHARATIYA JANATA PARTY,OC,10000000.0,2023-11-16,2928,23
BHARATIYA JANATA PARTY,OC,10000000.0,2023-11-16,2928,23
BHARATIYA JANATA PARTY,OC,10000000.0,2023-11-16,2928,23
BHARATIYA JANATA PARTY,OC,10000000.0,2023-11-16,2928,23
BHARATIYA JANATA PARTY,OC,10000000.0,2023-11-16,2928,23
BHARATIYA JANATA PARTY,OC,10000000.0,2023-11-16,2928,23
BHARATIYA JANATA PARTY,OC,10000000.0,2023-11-16,2928,23
BHARATIYA JANATA PARTY,OC,10000000.0,2023-11-16,2928,23
BHARATIYA JANATA PARTY,OC,10000000.0,2023-11-16,2928,23
BHARATIYA JANATA PARTY,OC,10000000.0,2023-11-16,2928,23
BHARATIYA JANATA PARTY,OC,10000000.0,2023-11-16,2928,23
BHARATIYA JANATA PARTY,OC,10000000.0,2023-11-16,2928,23
BHARATIYA JANATA PARTY,OC,10000000.0,2023-11-16,2928,23
BHARATIYA JANATA PARTY,OC,10000000.0,2023-11-16,2928,23
BHARATIYA JANATA PARTY,OC,10000000.0,2023-11-16,2928,23
BHARATIYA JANATA PARTY,OC,10000000.0,2023-11-16,2066,23
BHARATIYA JANATA PARTY,OC,10000000.0,2023-11-16,2066,23
BHARATIYA JANATA PARTY,OC,10000000.0,2023-11-16,2066,23
BHARATIYA JANATA PARTY,OC,10000000.0,2023-11-16,2066,23
BHARATIYA JANATA PARTY,OC,10000000.0,2023-11-16,2066,23
BHARATIYA JANATA PARTY,OC,10000000.0,2023-11-16,2066,23
BHARATIYA JANATA PARTY,OC,10000000.0,2023-11-16,2066,23
BHARATIYA JANATA PARTY,OC,10000000.0,2023-11-16,2066,23
BHARATIYA JANATA PARTY,OC,10000000.0,2023-11-16,2066,23
BHARATIYA JANATA PARTY,OC,10000000.0,2023-11-16,2066,23
BHARATIYA JANATA PARTY,OC,10000000.0,2023-11-16,2066,23
BHARATIYA JANATA PARTY,OC,10000000.0,2023-11-16,2066,23
BHARATIYA JANATA PARTY,OC,10000000.0,2023-11-16,2066,23
BHARATIYA JANATA PARTY,OC,10000000.0,2023-11-16,2066,23
BHARATIYA JANATA PARTY,OC,10000000.0,2023-11-16,2066,23
BHARATIYA JANATA PARTY,OC,10000000.0,2023-11-16,2066,23
BHARATIYA JANATA PARTY,OC,10000000.0,2023-11-16,2066,23
BHARATIYA JANATA PARTY,OC,10000000.0,2023-11-16,2066,23
BHARATIYA JANATA PARTY,OC,10000000.0,2023-11-16,2066,23
BHARATIYA JANATA PARTY,OC,10000000.0,2023-11-16,2066,23
BHARATIYA JANATA PARTY,OC,10000000.0,2023-11-16,2066,23
BHARATIYA JANATA PARTY,OC,10000000.0,2023-11-16,2066,23
BHARATIYA JANATA PARTY,OC,10000000.0,2023-11-16,2066,23
BHARATIYA JANATA PARTY,OC,10000000.0,2023-11-16,2066,23
BHARATIYA JANATA PARTY,OC,10000000.0,2023-11-16,2066,23
BHARATIYA JANATA PARTY,OC,10000000.0,2023-11-16,2066,23
BHARATIYA JANATA PARTY,OC,10000000.0,2023-11-16,2066,23
BHARATIYA JANATA PARTY,OC,10000000.0,2023-11-16,2066,23
BHARATIYA JANATA PARTY,OC,10000000.0,2023-11-16,2066,23
BHARATIYA JANATA PARTY,OC,10000000.0,2023-11-16,2066,23
BHARATIYA JANATA PARTY,OC,10000000.0,2023-11-16,2066,23
BHARATIYA JANATA PARTY,OC,10000000.0,2023-11-16,2066,23
BHARATIYA JANATA PARTY,OC,10000000.0,2023-11-16,2066,23
BHARATIYA JANATA PARTY,OC,10000000.0,2023-11-16,2066,23
BHARATIYA JANATA PARTY,OC,10000000.0,2023-11-16,2066,23
BHARATIYA JANATA PARTY,OC,10000000.0,2023-11-17,361,23
BHARATIYA JANATA PARTY,OC,10000000.0,2023-11-17,361,23
BHARATIYA JANATA PARTY,OC,10000000.0,2023-11-17,361,23
BHARATIYA JANATA PARTY,OC,10000000.0,2023-11-17,361,23
BHARATIYA JANATA PARTY,OC,10000000.0,2023-11-17,361,23
BHARATIYA JANATA PARTY,OC,10000000.0,2023-11-17,361,23
BHARATIYA JANATA PARTY,OC,10000000.0,2023-11-17,361,23
BHARATIYA JANATA PARTY,OC,10000000.0,2023-11-17,361,23
BHARATIYA JANATA PARTY,OC,10000000.0,2023-11-17,361,23
BHARATIYA JANATA PARTY,OC,10000000.0,2023-11-17,361,23
BHARATIYA JANATA PARTY,OC,10000000.0,2023-11-17,361,23
BHARATIYA JANATA PARTY,OC,10000000.0,2023-11-17,361,23
BHARATIYA JANATA PARTY,OC,10000000.0,2023-11-17,361,23
BHARATIYA JANATA PARTY,OC,10000000.0,2023-11-17,361,23
BHARATIYA JANATA PARTY,OC,10000000.0,2023-11-17,361,23
BHARATIYA JANATA PARTY,OC,10000000.0,2023-11-17,361,23
BHARATIYA JANATA PARTY,OC,10000000.0,2023-11-17,361,23
BHARATIYA JANATA PARTY,OC,10000000.0,2023-11-17,361,23
BHARATIYA JANATA PARTY,OC,10000000.0,2023-11-17,361,23
BHARATIYA JANATA PARTY,OC,10000000.0,2023-11-17,361,23
BHARATIYA JANATA PARTY,OC,10000000.0,2023-11-17,361,23
BHARATIYA JANATA PARTY,OC,10000000.0,2023-11-17,361,23
BHARATIYA JANATA PARTY,OC,10000000.0,2023-11-17,361,23
BHARATIYA JANATA PARTY,OC,10000000.0,2023-11-17,361,23
BHARATIYA JANATA PARTY,OC,10000000.0,2023-11-17,361,23
BHARATIYA JANATA PARTY,OC,10000000.0,2023-11-17,361,23
BHARATIYA JANATA PARTY,OC,10000000.0,2023-11-17,361,23
BHARATIYA JANATA PARTY,OC,10000000.0,2023-11-17,361,23
BHARATIYA JANATA PARTY,OC,10000000.0,2023-11-17,361,23
BHARATIYA JANATA PARTY,OC,10000000.0,2023-11-17,361,23
BHARATIYA JANATA PARTY,OC,10000000.0,2023-11-17,361,23
BHARATIYA JANATA PARTY,OC,10000000.0,2023-11-17,361,23
BHARATIYA JANATA PARTY,OC,10000000.0,2023-11-17,361,23
BHARATIYA JANATA PARTY,OC,10000000.0,2023-11-17,361,23
BHARATIYA JANATA PARTY,OC,10000000.0,2023-11-17,361,23
BHARATIYA JANATA PARTY,OC,10000000.0,2023-11-17,361,23
BHARATIYA JANATA PARTY,OC,10000000.0,2023-11-17,361,23
BHARATIYA JANATA PARTY,OC,10000000.0,2023-11-17,361,23
BHARATIYA JANATA PARTY,OC,10000000.0,2023-11-17,361,23
BHARATIYA JANATA PARTY,OC,10000000.0,2023-11-17,361,23
BHARATIYA JANATA PARTY,OC,10000000.0,2023-11-17,361,23
BHARATIYA JANATA PARTY,OC,10000000.0,2023-11-17,361,23
BHARATIYA JANATA PARTY,OC,10000000.0,2023-11-17,361,23
BHARATIYA JANATA PARTY,OC,10000000.0,2023-11-17,361,23
BHARATIYA JANATA PARTY,OC,10000000.0,2023-11-17,361,23
BHARATIYA JANATA PARTY,OC,10000000.0,2023-11-17,361,23
BHARATIYA JANATA PARTY,OC,10000000.0,2023-11-17,361,23
BHARATIYA JANATA PARTY,OC,10000000.0,2023-11-17,361,23
BHARATIYA JANATA PARTY,OC,10000000.0,2023-11-17,361,23
BHARATIYA JANATA PARTY,OC,10000000.0,2023-11-17,361,23
BHARATIYA JANATA PARTY,OC,10000000.0,2023-11-17,237,23
BHARATIYA JANATA PARTY,OC,10000000.0,2023-11-17,237,23
BHARATIYA JANATA PARTY,OC,10000000.0,2023-11-17,237,23
BHARATIYA JANATA PARTY,OC,10000000.0,2023-11-17,237,23
BHARATIYA JANATA PARTY,OC,10000000.0,2023-11-17,237,23
BHARATIYA JANATA PARTY,OC,10000000.0,2023-11-17,237,23
BHARATIYA JANATA PARTY,OC,10000000.0,2023-11-17,237,23
BHARATIYA JANATA PARTY,OC,10000000.0,2023-11-17,237,23
BHARATIYA JANATA PARTY,OC,10000000.0,2023-11-17,237,23
BHARATIYA JANATA PARTY,OC,10000000.0,2023-11-17,237,23
BHARATIYA JANATA PARTY,OC,10000000.0,2023-11-17,237,23
BHARATIYA JANATA PARTY,OC,10000000.0,2023-11-17,237,23
BHARATIYA JANATA PARTY,OC,10000000.0,2023-11-17,237,23
BHARATIYA JANATA PARTY,OC,10000000.0,2023-11-17,237,23
BHARATIYA JANATA PARTY,OC,10000000.0,2023-11-17,237,23
BHARATIYA JANATA PARTY,OC,10000000.0,2023-11-17,237,23
BHARATIYA JANATA PARTY,OC,10000000.0,2023-11-17,237,23
BHARATIYA JANATA PARTY,OC,10000000.0,2023-11-17,237,23
BHARATIYA JANATA PARTY,OC,10000000.0,2023-11-17,237,23
BHARATIYA JANATA PARTY,OC,10000000.0,2023-11-17,237,23
BHARATIYA JANATA PARTY,OC,10000000.0,2023-11-17,237,23
BHARATIYA JANATA PARTY,OC,10000000.0,2023-11-17,237,23
BHARATIYA JANATA PARTY,OC,10000000.0,2023-11-17,237,23
BHARATIYA JANATA PARTY,OC,10000000.0,2023-11-17,237,23
BHARATIYA JANATA PARTY,OC,10000000.0,2023-11-17,237,23
BHARATIYA JANATA PARTY,OC,10000000.0,2023-11-17,3161,23
BHARATIYA JANATA PARTY,OC,10000000.0,2023-11-17,3161,23
BHARATIYA JANATA PARTY,OC,10000000.0,2023-11-17,3161,23
BHARATIYA JANATA PARTY,OC,10000000.0,2023-11-17,3161,23
BHARATIYA JANATA PARTY,OC,10000000.0,2023-11-17,3161,23
BHARATIYA JANATA PARTY,OC,10000000.0,2023-11-17,3161,23
BHARATIYA JANATA PARTY,OC,10000000.0,2023-11-17,3161,23
BHARATIYA JANATA PARTY,OC,10000000.0,2023-11-17,3161,23
BHARATIYA JANATA PARTY,OC,10000000.0,2023-11-17,3161,23
BHARATIYA JANATA PARTY,OC,10000000.0,2023-11-17,3161,23
BHARATIYA JANATA PARTY,OC,10000000.0,2023-11-17,3161,23
BHARATIYA JANATA PARTY,OC,10000000.0,2023-11-17,3161,23
BHARATIYA JANATA PARTY,OC,10000000.0,2023-11-17,3161,23
BHARATIYA JANATA PARTY,OC,10000000.0,2023-11-17,3161,23
BHARATIYA JANATA PARTY,OC,10000000.0,2023-11-17,3161,23
BHARATIYA JANATA PARTY,OC,10000000.0,2023-11-17,3161,23
BHARATIYA JANATA PARTY,OC,10000000.0,2023-11-17,3161,23
BHARATIYA JANATA PARTY,OC,10000000.0,2023-11-17,3161,23
BHARATIYA JANATA PARTY,OC,10000000.0,2023-11-17,3161,23
BHARATIYA JANATA PARTY,OC,10000000.0,2023-11-17,3161,23
BHARATIYA JANATA PARTY,OC,10000000.0,2023-11-17,3161,23
BHARATIYA JANATA PARTY,OC,10000000.0,2023-11-17,3161,23
BHARATIYA JANATA PARTY,OC,10000000.0,2023-11-17,3161,23
BHARATIYA JANATA PARTY,OC,10000000.0,2023-11-17,3161,23
BHARATIYA JANATA PARTY,OC,10000000.0,2023-11-17,3161,23
BHARATIYA JANATA PARTY,TL,1000000.0,2023-11-09,701,23
BHARATIYA JANATA PARTY,TL,1000000.0,2023-11-09,701,23
BHARATIYA JANATA PARTY,TL,1000000.0,2023-11-09,701,23
BHARATIYA JANATA PARTY,TL,1000000.0,2023-11-09,701,23
BHARATIYA JANATA PARTY,TL,1000000.0,2023-11-09,701,23
BHARATIYA JANATA PARTY,TL,1000000.0,2023-11-10,2782,23
BHARATIYA JANATA PARTY,TL,1000000.0,2023-11-10,2782,23
BHARATIYA JANATA PARTY,TL,1000000.0,2023-11-10,2782,23
BHARATIYA JANATA PARTY,TL,1000000.0,2023-11-10,2782,23
BHARATIYA JANATA PARTY,TL,1000000.0,2023-11-10,2782,23
BHARATIYA JANATA PARTY,TL,1000000.0,2023-11-10,2782,23
BHARATIYA JANATA PARTY,TL,1000000.0,2023-11-10,2782,23
BHARATIYA JANATA PARTY,TL,1000000.0,2023-11-10,2782,23
BHARATIYA JANATA PARTY,TL,1000000.0,2023-11-10,2782,23
BHARATIYA JANATA PARTY,TL,1000000.0,2023-11-10,2782,23
BHARATIYA JANATA PARTY,OC,10000000.0,2023-11-17,3935,23
BHARATIYA JANATA PARTY,OC,10000000.0,2023-11-17,3935,23
BHARATIYA JANATA PARTY,OC,10000000.0,2023-11-17,3935,23
BHARATIYA JANATA PARTY,OC,10000000.0,2023-11-17,3935,23
BHARATIYA JANATA PARTY,OC,10000000.0,2023-11-17,3935,23
BHARATIYA JANATA PARTY,OC,10000000.0,2023-11-17,3935,23
BHARATIYA JANATA PARTY,OC,10000000.0,2023-11-17,3935,23
BHARATIYA JANATA PARTY,OC,10000000.0,2023-11-17,3935,23
BHARATIYA JANATA PARTY,OC,10000000.0,2023-11-17,3935,23
BHARATIYA JANATA PARTY,OC,10000000.0,2023-11-17,3935,23
BHARATIYA JANATA PARTY,OC,10000000.0,2023-11-17,3935,23
BHARATIYA JANATA PARTY,OC,10000000.0,2023-11-17,3935,23
BHARATIYA JANATA PARTY,OC,10000000.0,2023-11-17,3935,23
BHARATIYA JANATA PARTY,OC,10000000.0,2023-11-17,3935,23
BHARATIYA JANATA PARTY,OC,10000000.0,2023-11-17,3935,23
BHARATIYA JANATA PARTY,OC,10000000.0,2023-11-17,3935,23
BHARATIYA JANATA PARTY,OC,10000000.0,2023-11-17,3935,23
BHARATIYA JANATA PARTY,OC,10000000.0,2023-11-17,3935,23
BHARATIYA JANATA PARTY,OC,10000000.0,2023-11-17,3935,23
BHARATIYA JANATA PARTY,OC,10000000.0,2023-11-17,3935,23
BHARATIYA JANATA PARTY,OC,10000000.0,2023-11-17,3029,23
BHARATIYA JANATA PARTY,OC,10000000.0,2023-11-17,3029,23
BHARATIYA JANATA PARTY,OC,10000000.0,2023-11-17,3029,23
BHARATIYA JANATA PARTY,OC,10000000.0,2023-11-17,3029,23
BHARATIYA JANATA PARTY,OC,10000000.0,2023-11-17,3029,23
BHARATIYA JANATA PARTY,OC,10000000.0,2023-11-17,3029,23
BHARATIYA JANATA PARTY,OC,10000000.0,2023-11-17,3029,23
BHARATIYA JANATA PARTY,OC,10000000.0,2023-11-17,3029,23
BHARATIYA JANATA PARTY,OC,10000000.0,2023-11-17,3029,23
BHARATIYA JANATA PARTY,OC,10000000.0,2023-11-17,3029,23
BHARATIYA JANATA PARTY,OC,10000000.0,2023-11-17,1829,23
BHARATIYA JANATA PARTY,OC,10000000.0,2023-11-17,1829,23
BHARATIYA JANATA PARTY,OC,10000000.0,2023-11-17,1829,23
BHARATIYA JANATA PARTY,OC,10000000.0,2023-11-17,1829,23
BHARATIYA JANATA PARTY,OC,10000000.0,2023-11-17,1829,23
BHARATIYA JANATA PARTY,OC,10000000.0,2023-11-20,4079,23
BHARATIYA JANATA PARTY,OC,10000000.0,2023-11-20,4079,23
BHARATIYA JANATA PARTY,OC,10000000.0,2023-11-20,4079,23
BHARATIYA JANATA PARTY,OC,10000000.0,2023-11-20,4079,23
BHARATIYA JANATA PARTY,OC,10000000.0,2023-11-20,4079,23
BHARATIYA JANATA PARTY,OC,10000000.0,2023-11-20,4079,23
BHARATIYA JANATA PARTY,OC,10000000.0,2023-11-20,4079,23
BHARATIYA JANATA PARTY,OC,10000000.0,2023-11-20,4079,23
BHARATIYA JANATA PARTY,OC,10000000.0,2023-11-20,4079,23
BHARATIYA JANATA PARTY,OC,10000000.0,2023-11-20,4079,23
BHARATIYA JANATA PARTY,OC,10000000.0,2023-11-20,4079,23
BHARATIYA JANATA PARTY,OC,10000000.0,2023-11-20,4079,23
BHARATIYA JANATA PARTY,OC,10000000.0,2023-11-20,4079,23
BHARATIYA JANATA PARTY,OC,10000000.0,2023-11-20,4079,23
BHARATIYA JANATA PARTY,OC,10000000.0,2023-11-20,4079,23
BHARATIYA JANATA PARTY,OC,10000000.0,2023-11-20,4079,23
BHARATIYA JANATA PARTY,OC,10000000.0,2023-11-20,4079,23
BHARATIYA JANATA PARTY,OC,10000000.0,2023-11-20,4079,23
BHARATIYA JANATA PARTY,OC,10000000.0,2023-11-20,4079,23
BHARATIYA JANATA PARTY,OC,10000000.0,2023-11-20,4079,23
BHARATIYA JANATA PARTY,OC,10000000.0,2023-11-20,1218,23
BHARATIYA JANATA PARTY,OC,10000000.0,2023-11-20,1218,23
BHARATIYA JANATA PARTY,OC,10000000.0,2023-11-20,1218,23
BHARATIYA JANATA PARTY,OC,10000000.0,2023-11-20,1218,23
BHARATIYA JANATA PARTY,OC,10000000.0,2023-11-20,1218,23
BHARATIYA JANATA PARTY,OC,10000000.0,2023-11-18,2155,23
BHARATIYA JANATA PARTY,OC,10000000.0,2023-11-18,2155,23
BHARATIYA JANATA PARTY,OC,10000000.0,2023-11-18,2155,23
BHARATIYA JANATA PARTY,OC,10000000.0,2023-11-18,2155,23
BHARATIYA JANATA PARTY,OC,10000000.0,2023-11-18,2155,23
BHARATIYA JANATA PARTY,OC,10000000.0,2023-11-18,2155,23
BHARATIYA JANATA PARTY,OC,10000000.0,2023-11-18,2155,23
BHARATIYA JANATA PARTY,OC,10000000.0,2023-11-18,2155,23
BHARATIYA JANATA PARTY,OC,10000000.0,2023-11-18,2155,23
BHARATIYA JANATA PARTY,OC,10000000.0,2023-11-18,2155,23
BHARATIYA JANATA PARTY,OC,10000000.0,2023-11-20,2727,23
BHARATIYA JANATA PARTY,OC,10000000.0,2023-11-20,2727,23
BHARATIYA JANATA PARTY,OC,10000000.0,2023-11-20,2727,23
BHARATIYA JANATA PARTY,OC,10000000.0,2023-11-20,2727,23
BHARATIYA JANATA PARTY,OC,10000000.0,2023-11-20,2727,23
BHARATIYA JANATA PARTY,OC,10000000.0,2023-11-20,2727,23
BHARATIYA JANATA PARTY,OC,10000000.0,2023-11-20,2727,23
BHARATIYA JANATA PARTY,OC,10000000.0,2023-11-20,2727,23
BHARATIYA JANATA PARTY,OC,10000000.0,2023-11-20,2727,23
BHARATIYA JANATA PARTY,OC,10000000.0,2023-11-20,2727,23
BHARATIYA JANATA PARTY,OC,10000000.0,2023-11-20,2727,23
BHARATIYA JANATA PARTY,OC,10000000.0,2023-11-20,2727,23
BHARATIYA JANATA PARTY,OC,10000000.0,2023-11-20,2727,23
BHARATIYA JANATA PARTY,OC,10000000.0,2023-11-20,2727,23
BHARATIYA JANATA PARTY,OC,10000000.0,2023-11-20,2727,23
BHARATIYA JANATA PARTY,OC,10000000.0,2023-11-20,2727,23
BHARATIYA JANATA PARTY,OC,10000000.0,2023-11-20,2727,23
BHARATIYA JANATA PARTY,OC,10000000.0,2023-11-20,2727,23
BHARATIYA JANATA PARTY,OC,10000000.0,2023-11-20,2727,23
BHARATIYA JANATA PARTY,OC,10000000.0,2023-11-20,2727,23
BHARATIYA JANATA PARTY,OC,10000000.0,2023-11-20,2727,23
BHARATIYA JANATA PARTY,OC,10000000.0,2023-11-20,2727,23
BHARATIYA JANATA PARTY,OC,10000000.0,2023-11-20,2727,23
BHARATIYA JANATA PARTY,OC,10000000.0,2023-11-20,2727,23
BHARATIYA JANATA PARTY,OC,10000000.0,2023-11-20,2727,23
BHARATIYA JANATA PARTY,OC,10000000.0,2023-11-20,2727,23
BHARATIYA JANATA PARTY,OC,10000000.0,2023-11-20,2727,23
BHARATIYA JANATA PARTY,OC,10000000.0,2023-11-20,2727,23
BHARATIYA JANATA PARTY,OC,10000000.0,2023-11-20,2727,23
BHARATIYA JANATA PARTY,OC,10000000.0,2023-11-20,2727,23
BHARATIYA JANATA PARTY,OC,10000000.0,2023-11-20,2727,23
BHARATIYA JANATA PARTY,OC,10000000.0,2023-11-20,2727,23
BHARATIYA JANATA PARTY,OC,10000000.0,2023-11-20,2727,23
BHARATIYA JANATA PARTY,OC,10000000.0,2023-11-20,2727,23
BHARATIYA JANATA PARTY,OC,10000000.0,2023-11-20,2727,23
BHARATIYA JANATA PARTY,OC,10000000.0,2023-11-20,2727,23
BHARATIYA JANATA PARTY,OC,10000000.0,2023-11-20,2727,23
BHARATIYA JANATA PARTY,OC,10000000.0,2023-11-20,2727,23
BHARATIYA JANATA PARTY,OC,10000000.0,2023-11-20,2727,23
BHARATIYA JANATA PARTY,OC,10000000.0,2023-11-20,2727,23
BHARATIYA JANATA PARTY,OC,10000000.0,2023-11-20,3675,23
BHARATIYA JANATA PARTY,OC,10000000.0,2023-11-20,3675,23
BHARATIYA JANATA PARTY,OC,10000000.0,2023-11-20,3675,23
BHARATIYA JANATA PARTY,OC,10000000.0,2023-11-20,3675,23
BHARATIYA JANATA PARTY,OC,10000000.0,2023-11-20,3675,23
BHARATIYA JANATA PARTY,OC,10000000.0,2023-11-20,3675,23
BHARATIYA JANATA PARTY,OC,10000000.0,2023-11-20,3675,23
BHARATIYA JANATA PARTY,OC,10000000.0,2023-11-20,3675,23
BHARATIYA JANATA PARTY,OC,10000000.0,2023-11-20,3675,23
BHARATIYA JANATA PARTY,OC,10000000.0,2023-11-20,3675,23
BHARATIYA JANATA PARTY,OC,10000000.0,2023-11-20,3285,23
BHARATIYA JANATA PARTY,OC,10000000.0,2023-11-20,3285,23
BHARATIYA JANATA PARTY,OC,10000000.0,2023-11-20,3285,23
BHARATIYA JANATA PARTY,OC,10000000.0,2023-11-20,3285,23
BHARATIYA JANATA PARTY,OC,10000000.0,2023-11-20,3285,23
BHARATIYA JANATA PARTY,OC,10000000.0,2023-11-20,3285,23
BHARATIYA JANATA PARTY,OC,10000000.0,2023-11-20,3285,23
BHARATIYA JANATA PARTY,OC,10000000.0,2023-11-20,3285,23
BHARATIYA JANATA PARTY,OC,10000000.0,2023-11-20,3285,23
BHARATIYA JANATA PARTY,OC,10000000.0,2023-11-20,3285,23
BHARATIYA JANATA PARTY,OC,10000000.0,2023-11-20,3285,23
BHARATIYA JANATA PARTY,OC,10000000.0,2023-11-20,3285,23
BHARATIYA JANATA PARTY,OC,10000000.0,2023-11-20,3285,23
BHARATIYA JANATA PARTY,OC,10000000.0,2023-11-20,3285,23
BHARATIYA JANATA PARTY,OC,10000000.0,2023-11-20,3285,23
BHARATIYA JANATA PARTY,OC,10000000.0,2023-11-20,3285,23
BHARATIYA JANATA PARTY,OC,10000000.0,2023-11-20,3285,23
BHARATIYA JANATA PARTY,OC,10000000.0,2023-11-20,3285,23
BHARATIYA JANATA PARTY,OC,10000000.0,2023-11-20,3285,23
BHARATIYA JANATA PARTY,OC,10000000.0,2023-11-20,3285,23
BHARATIYA JANATA PARTY,OC,10000000.0,2023-11-20,3285,23
BHARATIYA JANATA PARTY,OC,10000000.0,2023-11-20,3285,23
BHARATIYA JANATA PARTY,OC,10000000.0,2023-11-20,3285,23
BHARATIYA JANATA PARTY,OC,10000000.0,2023-11-20,3285,23
BHARATIYA JANATA PARTY,OC,10000000.0,2023-11-20,3285,23
BHARATIYA JANATA PARTY,OC,10000000.0,2023-11-20,3285,23
BHARATIYA JANATA PARTY,OC,10000000.0,2023-11-20,3285,23
BHARATIYA JANATA PARTY,OC,10000000.0,2023-11-20,3285,23
BHARATIYA JANATA PARTY,OC,10000000.0,2023-11-20,3285,23
BHARATIYA JANATA PARTY,OC,10000000.0,2023-11-20,3285,23
BHARATIYA JANATA PARTY,OC,10000000.0,2023-11-20,3285,23
BHARATIYA JANATA PARTY,OC,10000000.0,2023-11-20,3285,23
BHARATIYA JANATA PARTY,OC,10000000.0,2023-11-20,3285,23
BHARATIYA JANATA PARTY,OC,10000000.0,2023-11-20,3285,23
BHARATIYA JANATA PARTY,OC,10000000.0,2023-11-20,3285,23
BHARATIYA JANATA PARTY,OC,10000000.0,2023-11-20,3285,23
BHARATIYA JANATA PARTY,OC,10000000.0,2023-11-20,3285,23
BHARATIYA JANATA PARTY,OC,10000000.0,2023-11-20,3285,23
BHARATIYA JANATA PARTY,OC,10000000.0,2023-11-20,3285,23
BHARATIYA JANATA PARTY,OC,10000000.0,2023-11-20,3285,23
BHARATIYA JANATA PARTY,OC,10000000.0,2023-11-20,3285,23
BHARATIYA JANATA PARTY,OC,10000000.0,2023-11-20,3285,23
BHARATIYA JANATA PARTY,OC,10000000.0,2023-11-20,3285,23
BHARATIYA JANATA PARTY,OC,10000000.0,2023-11-20,3285,23
BHARATIYA JANATA PARTY,OC,10000000.0,2023-11-20,3285,23
BHARATIYA JANATA PARTY,OC,10000000.0,2023-11-20,3285,23
BHARATIYA JANATA PARTY,OC,10000000.0,2023-11-20,3285,23
BHARATIYA JANATA PARTY,OC,10000000.0,2023-11-20,3285,23
BHARATIYA JANATA PARTY,OC,10000000.0,2023-11-20,3285,23
BHARATIYA JANATA PARTY,OC,10000000.0,2023-11-20,3285,23
BHARATIYA JANATA PARTY,OC,10000000.0,2023-11-09,1653,23
BHARATIYA JANATA PARTY,OC,10000000.0,2023-11-14,739,23
BHARATIYA JANATA PARTY,OC,10000000.0,2023-11-14,739,23
BHARATIYA JANATA PARTY,OC,10000000.0,2023-11-14,739,23
BHARATIYA JANATA PARTY,OC,10000000.0,2023-11-14,739,23
BHARATIYA JANATA PARTY,OC,10000000.0,2023-11-14,739,23
BHARATIYA JANATA PARTY,OC,10000000.0,2023-11-16,1203,23
BHARATIYA JANATA PARTY,OC,10000000.0,2023-11-16,1203,23
BHARATIYA JANATA PARTY,OC,10000000.0,2023-11-16,1203,23
BHARATIYA JANATA PARTY,OC,10000000.0,2023-11-16,1203,23
BHARATIYA JANATA PARTY,OC,10000000.0,2023-11-16,4085,23
BHARATIYA JANATA PARTY,OC,10000000.0,2023-11-16,4085,23
BHARATIYA JANATA PARTY,OC,10000000.0,2023-11-16,4085,23
BHARATIYA JANATA PARTY,OC,10000000.0,2023-11-16,4085,23
BHARATIYA JANATA PARTY,OC,10000000.0,2023-11-16,4085,23
BHARATIYA JANATA PARTY,OC,10000000.0,2023-11-16,3630,23
BHARATIYA JANATA PARTY,OC,10000000.0,2023-11-16,3630,23
BHARATIYA JANATA PARTY,OC,10000000.0,2023-11-16,3630,23
BHARATIYA JANATA PARTY,OC,10000000.0,2023-11-16,3630,23
BHARATIYA JANATA PARTY,OC,10000000.0,2023-11-16,3630,23
BHARATIYA JANATA PARTY,OC,10000000.0,2023-11-16,3630,23
BHARATIYA JANATA PARTY,OC,10000000.0,2023-11-16,3630,23
BHARATIYA JANATA PARTY,OC,10000000.0,2023-11-16,3630,23
BHARATIYA JANATA PARTY,OC,10000000.0,2023-11-16,3630,23
BHARATIYA JANATA PARTY,OC,10000000.0,2023-11-16,3630,23
BHARATIYA JANATA PARTY,OC,10000000.0,2023-11-16,1243,23
BHARATIYA JANATA PARTY,OC,10000000.0,2023-11-16,1243,23
BHARATIYA JANATA PARTY,OC,10000000.0,2023-11-16,1243,23
BHARATIYA JANATA PARTY,OC,10000000.0,2023-11-16,1243,23
BHARATIYA JANATA PARTY,OC,10000000.0,2023-11-16,1243,23
BHARATIYA JANATA PARTY,OC,10000000.0,2023-11-16,1243,23
BHARATIYA JANATA PARTY,OC,10000000.0,2023-11-16,3045,23
BHARATIYA JANATA PARTY,OC,10000000.0,2023-11-16,3045,23
BHARATIYA JANATA PARTY,OC,10000000.0,2023-11-16,2539,23
BHARATIYA JANATA PARTY,OC,10000000.0,2023-11-16,2539,23
BHARATIYA JANATA PARTY,OC,10000000.0,2023-11-17,1977,23
BHARATIYA JANATA PARTY,OC,10000000.0,2023-11-17,1977,23
BHARATIYA JANATA PARTY,OC,10000000.0,2023-11-17,1977,23
BHARATIYA JANATA PARTY,OC,10000000.0,2023-11-17,1977,23
BHARATIYA JANATA PARTY,OC,10000000.0,2023-11-17,1977,23
BHARATIYA JANATA PARTY,OC,10000000.0,2023-11-17,1977,23
BHARATIYA JANATA PARTY,OC,10000000.0,2023-11-17,1977,23
BHARATIYA JANATA PARTY,OC,10000000.0,2023-11-17,1977,23
BHARATIYA JANATA PARTY,OC,10000000.0,2023-11-17,1977,23
BHARATIYA JANATA PARTY,OC,10000000.0,2023-11-17,1977,23
BHARATIYA JANATA PARTY,OC,10000000.0,2023-11-20,1425,23
BHARATIYA JANATA PARTY,OC,10000000.0,2023-11-20,1425,23
BHARATIYA JANATA PARTY,OC,10000000.0,2023-11-18,3324,23
BHARATIYA JANATA PARTY,OC,10000000.0,2023-11-18,3324,23
BHARATIYA JANATA PARTY,OC,10000000.0,2023-11-18,3324,23
BHARATIYA JANATA PARTY,OC,10000000.0,2023-11-18,3324,23
BHARATIYA JANATA PARTY,OC,10000000.0,2023-11-18,3324,23
BHARATIYA JANATA PARTY,OC,10000000.0,2023-11-18,3324,23
BHARATIYA JANATA PARTY,OC,10000000.0,2023-11-18,3324,23
BHARATIYA JANATA PARTY,OC,10000000.0,2023-11-18,3324,23
BHARATIYA JANATA PARTY,OC,10000000.0,2023-11-18,3324,23
BHARATIYA JANATA PARTY,OC,10000000.0,2023-11-18,3324,23
BHARATIYA JANATA PARTY,OC,10000000.0,2023-11-18,3324,23
BHARATIYA JANATA PARTY,OC,10000000.0,2023-11-18,3324,23
BHARATIYA JANATA PARTY,OC,10000000.0,2023-11-18,3324,23
BHARATIYA JANATA PARTY,OC,10000000.0,2023-11-18,3324,23
BHARATIYA JANATA PARTY,OC,10000000.0,2023-11-18,3324,23
BHARATIYA JANATA PARTY,OC,10000000.0,2023-11-18,3878,23
BHARATIYA JANATA PARTY,OC,10000000.0,2023-11-18,3878,23
BHARATIYA JANATA PARTY,OC,10000000.0,2023-11-18,3878,23
BHARATIYA JANATA PARTY,OC,10000000.0,2023-11-18,3878,23
BHARATIYA JANATA PARTY,OC,10000000.0,2023-11-20,1557,23
BHARATIYA JANATA PARTY,OC,10000000.0,2023-11-20,1557,23
BHARATIYA JANATA PARTY,OC,10000000.0,2023-11-20,1557,23
BHARATIYA JANATA PARTY,OC,10000000.0,2023-11-20,1557,23
BHARATIYA JANATA PARTY,OC,10000000.0,2023-11-20,1557,23
BHARATIYA JANATA PARTY,OC,10000000.0,2023-11-20,2176,23
BHARATIYA JANATA PARTY,OC,10000000.0,2023-11-20,2176,23
BHARATIYA JANATA PARTY,OC,10000000.0,2023-11-20,2176,23
BHARATIYA JANATA PARTY,OC,10000000.0,2023-11-20,2176,23
BHARATIYA JANATA PARTY,OC,10000000.0,2023-11-20,2176,23
BHARATIYA JANATA PARTY,OC,10000000.0,2023-11-20,371,23
BHARATIYA JANATA PARTY,OC,10000000.0,2023-11-20,371,23
BHARATIYA JANATA PARTY,OC,10000000.0,2023-11-20,371,23
BHARATIYA JANATA PARTY,OC,10000000.0,2023-11-20,371,23
BHARATIYA JANATA PARTY,OC,10000000.0,2023-11-17,3568,23
BHARATIYA JANATA PARTY,OC,10000000.0,2023-11-17,3568,23
BHARATIYA JANATA PARTY,OC,10000000.0,2023-11-17,3568,23
BHARATIYA JANATA PARTY,OC,10000000.0,2023-11-17,2132,23
BHARATIYA JANATA PARTY,OC,10000000.0,2023-11-18,3743,23
BHARATIYA JANATA PARTY,OC,10000000.0,2023-11-18,3743,23
BHARATIYA JANATA PARTY,OC,10000000.0,2023-11-20,3975,23
BHARATIYA JANATA PARTY,OC,10000000.0,2023-11-20,3975,23
BHARATIYA JANATA PARTY,OC,10000000.0,2023-11-20,3975,23
BHARATIYA JANATA PARTY,OC,10000000.0,2023-11-20,3975,23
BHARATIYA JANATA PARTY,OC,10000000.0,2023-11-20,3975,23
BHARATIYA JANATA PARTY,OC,10000000.0,2023-11-20,3975,23
BHARATIYA JANATA PARTY,OC,10000000.0,2023-11-20,3975,23
BHARATIYA JANATA PARTY,TL,1000000.0,2023-11-16,1203,23
BHARATIYA JANATA PARTY,TL,1000000.0,2023-11-16,1203,23
BHARATIYA JANATA PARTY,TL,1000000.0,2023-11-16,1203,23
BHARATIYA JANATA PARTY,TL,1000000.0,2023-11-16,1203,23
BHARATIYA JANATA PARTY,TL,1000000.0,2023-11-16,1203,23
BHARATIYA JANATA PARTY,TL,1000000.0,2023-11-18,2910,23
BHARATIYA JANATA PARTY,TL,1000000.0,2023-11-18,2910,23
BHARATIYA JANATA PARTY,TL,1000000.0,2023-11-18,2910,23
BHARATIYA JANATA PARTY,TL,1000000.0,2023-11-18,2910,23
BHARATIYA JANATA PARTY,TL,1000000.0,2023-11-18,2910,23
BHARATIYA JANATA PARTY,TT,10000.0,2023-11-15,3545,23
BHARATIYA JANATA PARTY,OC,10000000.0,2023-11-17,3537,23
BHARATIYA JANATA PARTY,OC,10000000.0,2023-11-17,3537,23
BHARATIYA JANATA PARTY,OC,10000000.0,2023-11-17,3537,23
BHARATIYA JANATA PARTY,OC,10000000.0,2023-11-17,3537,23
BHARATIYA JANATA PARTY,OC,10000000.0,2023-11-17,3537,23
BHARATIYA JANATA PARTY,OC,10000000.0,2023-11-20,44,23
BHARATIYA JANATA PARTY,TL,1000000.0,2023-11-20,44,23
BHARATIYA JANATA PARTY,TL,1000000.0,2023-11-20,44,23
BHARATIYA JANATA PARTY,TL,1000000.0,2023-11-20,44,23
BHARATIYA JANATA PARTY,OC,10000000.0,2024-01-09,3788,25
BHARATIYA JANATA PARTY,OC,10000000.0,2024-01-09,3788,25
BHARATIYA JANATA PARTY,OC,10000000.0,2024-01-09,3788,25
BHARATIYA JANATA PARTY,OC,10000000.0,2024-01-09,3788,25
BHARATIYA JANATA PARTY,OC,10000000.0,2024-01-09,3788,25
BHARATIYA JANATA PARTY,OC,10000000.0,2024-01-09,3788,25
BHARATIYA JANATA PARTY,OC,10000000.0,2024-01-09,3788,25
BHARATIYA JANATA PARTY,OC,10000000.0,2024-01-09,3788,25
BHARATIYA JANATA PARTY,OC,10000000.0,2024-01-09,3788,25
BHARATIYA JANATA PARTY,OC,10000000.0,2024-01-09,3788,25
BHARATIYA JANATA PARTY,OC,10000000.0,2024-01-09,3788,25
BHARATIYA JANATA PARTY,OC,10000000.0,2024-01-09,3788,25
BHARATIYA JANATA PARTY,OC,10000000.0,2024-01-09,3788,25
BHARATIYA JANATA PARTY,OC,10000000.0,2024-01-09,3788,25
BHARATIYA JANATA PARTY,OC,10000000.0,2024-01-09,3788,25
BHARATIYA JANATA PARTY,OC,10000000.0,2024-01-09,2797,25
BHARATIYA JANATA PARTY,OC,10000000.0,2024-01-09,2797,25
BHARATIYA JANATA PARTY,OC,10000000.0,2024-01-09,2797,25
BHARATIYA JANATA PARTY,OC,10000000.0,2024-01-09,2797,25
BHARATIYA JANATA PARTY,OC,10000000.0,2024-01-09,2797,25
BHARATIYA JANATA PARTY,OC,10000000.0,2024-01-09,2797,25
BHARATIYA JANATA PARTY,OC,10000000.0,2024-01-09,2797,25
BHARATIYA JANATA PARTY,OC,10000000.0,2024-01-09,2797,25
BHARATIYA JANATA PARTY,OC,10000000.0,2024-01-09,2797,25
BHARATIYA JANATA PARTY,OC,10000000.0,2024-01-09,2797,25
BHARATIYA JANATA PARTY,OC,10000000.0,2024-01-09,2797,25
BHARATIYA JANATA PARTY,OC,10000000.0,2024-01-09,2797,25
BHARATIYA JANATA PARTY,OC,10000000.0,2024-01-09,2797,25
BHARATIYA JANATA PARTY,OC,10000000.0,2024-01-09,2797,25
BHARATIYA JANATA PARTY,OC,10000000.0,2024-01-09,2797,25
BHARATIYA JANATA PARTY,OC,10000000.0,2024-01-10,3328,25
BHARATIYA JANATA PARTY,OC,10000000.0,2024-01-10,3328,25
BHARATIYA JANATA PARTY,OC,10000000.0,2024-01-10,3328,25
BHARATIYA JANATA PARTY,OC,10000000.0,2024-01-10,3328,25
BHARATIYA JANATA PARTY,OC,10000000.0,2024-01-10,3328,25
BHARATIYA JANATA PARTY,OC,10000000.0,2024-01-10,3328,25
BHARATIYA JANATA PARTY,OC,10000000.0,2024-01-10,3328,25
BHARATIYA JANATA PARTY,OC,10000000.0,2024-01-10,3328,25
BHARATIYA JANATA PARTY,OC,10000000.0,2024-01-10,3328,25
BHARATIYA JANATA PARTY,OC,10000000.0,2024-01-10,3328,25
BHARATIYA JANATA PARTY,OC,10000000.0,2024-01-10,3328,25
BHARATIYA JANATA PARTY,OC,10000000.0,2024-01-10,3328,25
BHARATIYA JANATA PARTY,OC,10000000.0,2024-01-10,3328,25
BHARATIYA JANATA PARTY,OC,10000000.0,2024-01-10,3328,25
BHARATIYA JANATA PARTY,OC,10000000.0,2024-01-10,3328,25
BHARATIYA JANATA PARTY,OC,10000000.0,2024-01-10,3328,25
BHARATIYA JANATA PARTY,OC,10000000.0,2024-01-10,3328,25
BHARATIYA JANATA PARTY,OC,10000000.0,2024-01-10,3328,25
BHARATIYA JANATA PARTY,OC,10000000.0,2024-01-10,3328,25
BHARATIYA JANATA PARTY,OC,10000000.0,2024-01-10,3328,25
BHARATIYA JANATA PARTY,OC,10000000.0,2024-01-10,3328,25
BHARATIYA JANATA PARTY,OC,10000000.0,2024-01-10,3328,25
BHARATIYA JANATA PARTY,OC,10000000.0,2024-01-10,3328,25
BHARATIYA JANATA PARTY,OC,10000000.0,2024-01-10,3328,25
BHARATIYA JANATA PARTY,OC,10000000.0,2024-01-10,3328,25
BHARATIYA JANATA PARTY,OC,10000000.0,2024-01-10,3328,25
BHARATIYA JANATA PARTY,OC,10000000.0,2024-01-10,3328,25
BHARATIYA JANATA PARTY,OC,10000000.0,2024-01-10,3328,25
BHARATIYA JANATA PARTY,OC,10000000.0,2024-01-10,3328,25
BHARATIYA JANATA PARTY,OC,10000000.0,2024-01-10,3328,25
BHARATIYA JANATA PARTY,OC,10000000.0,2024-01-10,3328,25
BHARATIYA JANATA PARTY,OC,10000000.0,2024-01-10,3328,25
BHARATIYA JANATA PARTY,OC,10000000.0,2024-01-10,3328,25
BHARATIYA JANATA PARTY,OC,10000000.0,2024-01-10,3328,25
BHARATIYA JANATA PARTY,OC,10000000.0,2024-01-10,3328,25
BHARATIYA JANATA PARTY,OC,10000000.0,2024-01-10,3328,25
BHARATIYA JANATA PARTY,OC,10000000.0,2024-01-10,3328,25
BHARATIYA JANATA PARTY,OC,10000000.0,2024-01-10,3328,25
BHARATIYA JANATA PARTY,OC,10000000.0,2024-01-10,3328,25
BHARATIYA JANATA PARTY,OC,10000000.0,2024-01-10,3328,25
BHARATIYA JANATA PARTY,OC,10000000.0,2024-01-10,3328,25
BHARATIYA JANATA PARTY,OC,10000000.0,2024-01-10,3328,25
BHARATIYA JANATA PARTY,OC,10000000.0,2024-01-10,3328,25
BHARATIYA JANATA PARTY,OC,10000000.0,2024-01-10,3328,25
BHARATIYA JANATA PARTY,OC,10000000.0,2024-01-10,3328,25
BHARATIYA JANATA PARTY,OC,10000000.0,2024-01-10,3328,25
BHARATIYA JANATA PARTY,OC,10000000.0,2024-01-10,3328,25
BHARATIYA JANATA PARTY,OC,10000000.0,2024-01-10,3328,25
BHARATIYA JANATA PARTY,OC,10000000.0,2024-01-10,3328,25
BHARATIYA JANATA PARTY,OC,10000000.0,2024-01-10,3328,25
BHARATIYA JANATA PARTY,OC,10000000.0,2024-01-10,3579,25
BHARATIYA JANATA PARTY,OC,10000000.0,2024-01-10,3579,25
BHARATIYA JANATA PARTY,OC,10000000.0,2024-01-10,3579,25
BHARATIYA JANATA PARTY,OC,10000000.0,2024-01-10,3579,25
BHARATIYA JANATA PARTY,OC,10000000.0,2024-01-10,3579,25
BHARATIYA JANATA PARTY,OC,10000000.0,2024-01-10,3579,25
BHARATIYA JANATA PARTY,OC,10000000.0,2024-01-10,3579,25
BHARATIYA JANATA PARTY,OC,10000000.0,2024-01-10,3579,25
BHARATIYA JANATA PARTY,OC,10000000.0,2024-01-10,3579,25
BHARATIYA JANATA PARTY,OC,10000000.0,2024-01-10,3579,25
BHARATIYA JANATA PARTY,OC,10000000.0,2024-01-10,3788,25
BHARATIYA JANATA PARTY,OC,10000000.0,2024-01-10,3788,25
BHARATIYA JANATA PARTY,OC,10000000.0,2024-01-10,3788,25
BHARATIYA JANATA PARTY,OC,10000000.0,2024-01-10,3788,25
BHARATIYA JANATA PARTY,OC,10000000.0,2024-01-10,3788,25
BHARATIYA JANATA PARTY,OC,10000000.0,2024-01-10,3788,25
BHARATIYA JANATA PARTY,OC,10000000.0,2024-01-10,3788,25
BHARATIYA JANATA PARTY,OC,10000000.0,2024-01-10,3788,25
BHARATIYA JANATA PARTY,OC,10000000.0,2024-01-10,3788,25
BHARATIYA JANATA PARTY,OC,10000000.0,2024-01-10,3788,25
BHARATIYA JANATA PARTY,OC,10000000.0,2024-01-10,2797,25
BHARATIYA JANATA PARTY,OC,10000000.0,2024-01-10,2797,25
BHARATIYA JANATA PARTY,OC,10000000.0,2024-01-10,2797,25
BHARATIYA JANATA PARTY,OC,10000000.0,2024-01-10,2797,25
BHARATIYA JANATA PARTY,OC,10000000.0,2024-01-10,2797,25
BHARATIYA JANATA PARTY,OC,10000000.0,2024-01-10,2797,25
BHARATIYA JANATA PARTY,OC,10000000.0,2024-01-10,2797,25
BHARATIYA JANATA PARTY,OC,10000000.0,2024-01-10,2797,25
BHARATIYA JANATA PARTY,OC,10000000.0,2024-01-10,2797,25
BHARATIYA JANATA PARTY,OC,10000000.0,2024-01-10,2797,25
BHARATIYA JANATA PARTY,OC,10000000.0,2024-01-06,3136,25
BHARATIYA JANATA PARTY,OC,10000000.0,2024-01-08,1018,25
BHARATIYA JANATA PARTY,OC,10000000.0,2024-01-08,1018,25
BHARATIYA JANATA PARTY,OC,10000000.0,2024-01-08,1018,25
BHARATIYA JANATA PARTY,OC,10000000.0,2024-01-08,1018,25
BHARATIYA JANATA PARTY,OC,10000000.0,2024-01-08,1018,25
BHARATIYA JANATA PARTY,OC,10000000.0,2024-01-08,1018,25
BHARATIYA JANATA PARTY,OC,10000000.0,2024-01-08,1018,25
BHARATIYA JANATA PARTY,OC,10000000.0,2024-01-08,1018,25
BHARATIYA JANATA PARTY,OC,10000000.0,2024-01-08,1018,25
BHARATIYA JANATA PARTY,OC,10000000.0,2024-01-08,1018,25
BHARATIYA JANATA PARTY,OC,10000000.0,2024-01-09,2526,25
BHARATIYA JANATA PARTY,OC,10000000.0,2024-01-09,2526,25
BHARATIYA JANATA PARTY,OC,10000000.0,2024-01-09,2526,25
BHARATIYA JANATA PARTY,OC,10000000.0,2024-01-09,2526,25
BHARATIYA JANATA PARTY,OC,10000000.0,2024-01-09,2526,25
BHARATIYA JANATA PARTY,OC,10000000.0,2024-01-09,2526,25
BHARATIYA JANATA PARTY,OC,10000000.0,2024-01-09,2526,25
BHARATIYA JANATA PARTY,OC,10000000.0,2024-01-09,2526,25
BHARATIYA JANATA PARTY,OC,10000000.0,2024-01-09,2526,25
BHARATIYA JANATA PARTY,OC,10000000.0,2024-01-09,2526,25
BHARATIYA JANATA PARTY,OC,10000000.0,2024-01-09,2526,25
BHARATIYA JANATA PARTY,OC,10000000.0,2024-01-09,2526,25
BHARATIYA JANATA PARTY,OC,10000000.0,2024-01-09,2526,25
BHARATIYA JANATA PARTY,OC,10000000.0,2024-01-09,2526,25
BHARATIYA JANATA PARTY,OC,10000000.0,2024-01-09,2526,25
BHARATIYA JANATA PARTY,OC,10000000.0,2024-01-10,3794,25
BHARATIYA JANATA PARTY,OC,10000000.0,2024-01-10,3794,25
BHARATIYA JANATA PARTY,OC,10000000.0,2024-01-10,3794,25
BHARATIYA JANATA PARTY,OC,10000000.0,2024-01-10,3794,25
BHARATIYA JANATA PARTY,OC,10000000.0,2024-01-10,3794,25
BHARATIYA JANATA PARTY,OC,10000000.0,2024-01-10,3794,25
BHARATIYA JANATA PARTY,OC,10000000.0,2024-01-11,2870,25
BHARATIYA JANATA PARTY,TL,1000000.0,2024-01-06,3136,25
BHARATIYA JANATA PARTY,TL,1000000.0,2024-01-06,3136,25
BHARATIYA JANATA PARTY,TL,1000000.0,2024-01-06,3136,25
BHARATIYA JANATA PARTY,TL,1000000.0,2024-01-06,3136,25
BHARATIYA JANATA PARTY,TL,1000000.0,2024-01-06,3136,25
BHARATIYA JANATA PARTY,TL,1000000.0,2024-01-09,2495,25
BHARATIYA JANATA PARTY,TL,1000000.0,2024-01-09,2495,25
BHARATIYA JANATA PARTY,TL,1000000.0,2024-01-09,2495,25
BHARATIYA JANATA PARTY,TL,1000000.0,2024-01-09,2495,25
BHARATIYA JANATA PARTY,TL,1000000.0,2024-01-09,2495,25
BHARATIYA JANATA PARTY,TL,1000000.0,2024-01-09,2495,25
BHARATIYA JANATA PARTY,TL,1000000.0,2024-01-09,3247,25
BHARATIYA JANATA PARTY,TL,1000000.0,2024-01-09,3247,25
BHARATIYA JANATA PARTY,TL,1000000.0,2024-01-09,3247,25
BHARATIYA JANATA PARTY,TL,1000000.0,2024-01-09,3247,25
BHARATIYA JANATA PARTY,TL,1000000.0,2024-01-09,3247,25
BHARATIYA JANATA PARTY,TL,1000000.0,2024-01-09,3247,25
BHARATIYA JANATA PARTY,TL,1000000.0,2024-01-09,3247,25
BHARATIYA JANATA PARTY,TL,1000000.0,2024-01-09,3247,25
BHARATIYA JANATA PARTY,TL,1000000.0,2024-01-09,3247,25
BHARATIYA JANATA PARTY,OC,10000000.0,2024-01-11,343,25
BHARATIYA JANATA PARTY,OC,10000000.0,2024-01-11,343,25
BHARATIYA JANATA PARTY,OC,10000000.0,2024-01-11,343,25
BHARATIYA JANATA PARTY,OC,10000000.0,2024-01-11,343,25
BHARATIYA JANATA PARTY,OC,10000000.0,2024-01-11,343,25
BHARATIYA JANATA PARTY,OC,10000000.0,2024-01-11,343,25
BHARATIYA JANATA PARTY,OC,10000000.0,2024-01-11,343,25
BHARATIYA JANATA PARTY,OC,10000000.0,2024-01-11,343,25
BHARATIYA JANATA PARTY,OC,10000000.0,2024-01-11,343,25
BHARATIYA JANATA PARTY,OC,10000000.0,2024-01-11,343,25
BHARATIYA JANATA PARTY,OC,10000000.0,2024-01-11,343,25
BHARATIYA JANATA PARTY,OC,10000000.0,2024-01-11,343,25
BHARATIYA JANATA PARTY,OC,10000000.0,2024-01-11,343,25
BHARATIYA JANATA PARTY,OC,10000000.0,2024-01-11,343,25
BHARATIYA JANATA PARTY,OC,10000000.0,2024-01-11,343,25
BHARATIYA JANATA PARTY,OC,10000000.0,2024-01-11,343,25
BHARATIYA JANATA PARTY,OC,10000000.0,2024-01-11,343,25
BHARATIYA JANATA PARTY,OC,10000000.0,2024-01-11,343,25
BHARATIYA JANATA PARTY,OC,10000000.0,2024-01-11,343,25
BHARATIYA JANATA PARTY,OC,10000000.0,2024-01-11,343,25
BHARATIYA JANATA PARTY,OC,10000000.0,2024-01-11,343,25
BHARATIYA JANATA PARTY,OC,10000000.0,2024-01-11,343,25
BHARATIYA JANATA PARTY,OC,10000000.0,2024-01-11,343,25
BHARATIYA JANATA PARTY,OC,10000000.0,2024-01-11,343,25
BHARATIYA JANATA PARTY,OC,10000000.0,2024-01-11,343,25
BHARATIYA JANATA PARTY,OC,10000000.0,2024-01-11,343,25
BHARATIYA JANATA PARTY,OC,10000000.0,2024-01-11,343,25
BHARATIYA JANATA PARTY,OC,10000000.0,2024-01-11,343,25
BHARATIYA JANATA PARTY,OC,10000000.0,2024-01-11,343,25
BHARATIYA JANATA PARTY,OC,10000000.0,2024-01-11,343,25
BHARATIYA JANATA PARTY,OC,10000000.0,2024-01-11,343,25
BHARATIYA JANATA PARTY,OC,10000000.0,2024-01-11,343,25
BHARATIYA JANATA PARTY,OC,10000000.0,2024-01-11,343,25
BHARATIYA JANATA PARTY,OC,10000000.0,2024-01-11,343,25
BHARATIYA JANATA PARTY,OC,10000000.0,2024-01-11,343,25
BHARATIYA JANATA PARTY,OC,10000000.0,2024-01-11,343,25
BHARATIYA JANATA PARTY,OC,10000000.0,2024-01-11,343,25
BHARATIYA JANATA PARTY,OC,10000000.0,2024-01-11,343,25
BHARATIYA JANATA PARTY,OC,10000000.0,2024-01-11,343,25
BHARATIYA JANATA PARTY,OC,10000000.0,2024-01-11,343,25
BHARATIYA JANATA PARTY,OC,10000000.0,2024-01-11,343,25
BHARATIYA JANATA PARTY,OC,10000000.0,2024-01-11,343,25
BHARATIYA JANATA PARTY,OC,10000000.0,2024-01-11,343,25
BHARATIYA JANATA PARTY,OC,10000000.0,2024-01-11,343,25
BHARATIYA JANATA PARTY,OC,10000000.0,2024-01-11,343,25
BHARATIYA JANATA PARTY,OC,10000000.0,2024-01-11,343,25
BHARATIYA JANATA PARTY,OC,10000000.0,2024-01-11,343,25
BHARATIYA JANATA PARTY,OC,10000000.0,2024-01-11,343,25
BHARATIYA JANATA PARTY,OC,10000000.0,2024-01-11,343,25
BHARATIYA JANATA PARTY,OC,10000000.0,2024-01-11,343,25
BHARATIYA JANATA PARTY,OC,10000000.0,2024-01-11,3170,25
BHARATIYA JANATA PARTY,OC,10000000.0,2024-01-11,3170,25
BHARATIYA JANATA PARTY,OC,10000000.0,2024-01-11,3170,25
BHARATIYA JANATA PARTY,OC,10000000.0,2024-01-11,3170,25
BHARATIYA JANATA PARTY,OC,10000000.0,2024-01-11,3170,25
BHARATIYA JANATA PARTY,OC,10000000.0,2024-01-11,3170,25
BHARATIYA JANATA PARTY,OC,10000000.0,2024-01-11,44,25
BHARATIYA JANATA PARTY,/,6885481.992056856,/,107,26
BHARATIYA JANATA PARTY,/,6885481.992056856,/,107,26
BHARATIYA JANATA PARTY,/,6885481.992056856,/,107,26
BHARATIYA JANATA PARTY,/,6794754.567307692,/,348,26
BHARATIYA JANATA PARTY,/,2316887.924604601,/,363,26
BHARATIYA JANATA PARTY,/,6794754.567307692,/,378,26
BHARATIYA JANATA PARTY,/,6794754.567307692,/,414,26
BHARATIYA JANATA PARTY,/,6799677.644230769,/,428,26
BHARATIYA JANATA PARTY,/,6721763.851127321,/,463,26
BHARATIYA JANATA PARTY,/,2316887.924604601,/,483,26
BHARATIYA JANATA PARTY,/,6794754.567307692,/,484,26
BHARATIYA JANATA PARTY,/,6794754.567307692,/,484,26
BHARATIYA JANATA PARTY,/,6794754.567307692,/,561,26
BHARATIYA JANATA PARTY,/,6721763.851127321,/,562,26
BHARATIYA JANATA PARTY,/,6794754.567307692,/,566,26
BHARATIYA JANATA PARTY,/,2447586.7351398603,/,580,26
BHARATIYA JANATA PARTY,/,6821006.912523452,/,637,26
BHARATIYA JANATA PARTY,/,6608622.088675213,/,686,26
BHARATIYA JANATA PARTY,/,6608622.088675213,/,686,26
BHARATIYA JANATA PARTY,/,6829733.199786325,/,688,26
BHARATIYA JANATA PARTY,/,6608622.088675213,/,695,26
BHARATIYA JANATA PARTY,/,6608622.088675213,/,695,26
BHARATIYA JANATA PARTY,/,6608622.088675213,/,713,26
BHARATIYA JANATA PARTY,/,6608622.088675213,/,719,26
BHARATIYA JANATA PARTY,/,6608622.088675213,/,723,26
BHARATIYA JANATA PARTY,/,6608622.088675213,/,723,26
BHARATIYA JANATA PARTY,/,6608622.088675213,/,760,26
BHARATIYA JANATA PARTY,/,6608622.088675213,/,760,26
BHARATIYA JANATA PARTY,/,6608622.088675213,/,766,26
BHARATIYA JANATA PARTY,/,6608622.088675213,/,770,26
BHARATIYA JANATA PARTY,/,6608622.088675213,/,784,26
BHARATIYA JANATA PARTY,/,6608622.088675213,/,805,26
BHARATIYA JANATA PARTY,/,6494177.644230769,/,829,26
BHARATIYA JANATA PARTY,/,6608622.088675213,/,842,26
BHARATIYA JANATA PARTY,/,6608622.088675213,/,846,26
BHARATIYA JANATA PARTY,/,6608622.088675213,/,847,26
BHARATIYA JANATA PARTY,/,6608622.088675213,/,847,26
BHARATIYA JANATA PARTY,/,6685130.02518315,/,1684,26
BHARATIYA JANATA PARTY,/,6685130.02518315,/,1684,26
BHARATIYA JANATA PARTY,/,6685130.02518315,/,1684,26
BHARATIYA JANATA PARTY,/,6685130.02518315,/,1684,26
BHARATIYA JANATA PARTY,/,6685130.02518315,/,1684,26
BHARATIYA JANATA PARTY,/,2152907.644230769,/,1985,26
BHARATIYA JANATA PARTY,/,6690479.956369498,/,2543,26
BHARATIYA JANATA PARTY,/,6497335.538967611,/,2772,26
BHARATIYA JANATA PARTY,/,6497335.538967611,/,2772,26
BHARATIYA JANATA PARTY,/,6497335.538967611,/,2965,26
BHARATIYA JANATA PARTY,/,7417254.567307692,/,3024,26
BHARATIYA JANATA PARTY,/,6497335.538967611,/,3060,26
BHARATIYA JANATA PARTY,/,6497335.538967611,/,3060,26
BHARATIYA JANATA PARTY,/,6497335.538967611,/,3144,26
BHARATIYA JANATA PARTY,/,6497335.538967611,/,3225,26
BHARATIYA JANATA PARTY,/,6497335.538967611,/,3272,26
BHARATIYA JANATA PARTY,/,1786485.3365384615,/,3298,26
BHARATIYA JANATA PARTY,/,6752975.112585199,/,4044,26
BHARATIYA JANATA PARTY,/,6752975.112585199,/,4044,26
BHARATIYA JANATA PARTY,/,6721763.851127321,/,4052,26
BHARATIYA JANATA PARTY,/,6794754.567307692,/,4060,26
BHARATIYA JANATA PARTY,/,6794754.567307692,/,4061,26
BHARATIYA JANATA PARTY,/,6721763.851127321,/,4083,26
BHARATIYA JANATA PARTY,/,6608622.088675213,/,4129,26
BHARATIYA JANATA PARTY,/,6608622.088675213,/,4140,26
BHARATIYA JANATA PARTY,/,6672412.938348416,/,4155,26
BHARATIYA JANATA PARTY,/,6950973.099020531,/,107,27
BHARATIYA JANATA PARTY,/,6999620.532513766,/,366,27
BHARATIYA JANATA PARTY,/,6999620.532513766,/,366,27
BHARATIYA JANATA PARTY,/,7055119.738500159,/,400,27
BHARATIYA JANATA PARTY,/,7055119.738500159,/,400,27
BHARATIYA JANATA PARTY,/,7105418.442738505,/,475,27
BHARATIYA JANATA PARTY,/,7105418.442738505,/,475,27
BHARATIYA JANATA PARTY,/,7055119.738500159,/,497,27
BHARATIYA JANATA PARTY,/,7055119.738500159,/,497,27
BHARATIYA JANATA PARTY,/,7089771.146550899,/,513,27
BHARATIYA JANATA PARTY,/,7089771.146550899,/,559,27
BHARATIYA JANATA PARTY,/,5336116.236560335,/,686,27
BHARATIYA JANATA PARTY,/,5336116.236560335,/,686,27
BHARATIYA JANATA PARTY,/,7741747.334377026,/,756,27
BHARATIYA JANATA PARTY,/,7465613.646320414,/,990,27
BHARATIYA JANATA PARTY,/,7465613.646320414,/,3024,27
BHARATIYA JANATA PARTY,/,7465613.646320414,/,3343,27
BHARATIYA JANATA PARTY,/,2163997.579583438,/,4044,27
BHARATIYA JANATA PARTY,/,2163997.579583438,/,4044,27
BHARATIYA JANATA PARTY,/,2163997.579583438,/,4044,27
BHARATIYA JANATA PARTY,/,2163997.579583438,/,4044,27
BHARATIYA JANATA PARTY,/,7105418.442738505,/,4084,27
BHARATIYA JANATA PARTY,/,7741747.334377026,/,4128,27
BHARATIYA JANATA PARTY,/,7741747.334377026,/,4142,27
BHARATIYA JANATA PARTY,/,7741747.334377026,/,4142,27
BHARATIYA JANATA PARTY,/,7741747.334377026,/,4142,27
BHARATIYA JANATA PARTY,/,2688113.5476024463,/,107,28
BHARATIYA JANATA PARTY,/,2573931.290491915,/,412,28
BHARATIYA JANATA PARTY,/,7089564.9207326155,/,524,28
BHARATIYA JANATA PARTY,/,2688113.5476024463,/,651,28
BHARATIYA JANATA PARTY,/,7984903.93782736,/,686,28
BHARATIYA JANATA PARTY,/,7984903.93782736,/,686,28
BHARATIYA JANATA PARTY,/,7984903.93782736,/,785,28
BHARATIYA JANATA PARTY,/,6689985.656824918,/,1912,28
BHARATIYA JANATA PARTY,/,6689985.656824918,/,1912,28
BHARATIYA JANATA PARTY,/,7701370.744019482,/,2665,28
BHARATIYA JANATA PARTY,/,7701370.744019482,/,2665,28
BHARATIYA JANATA PARTY,/,7015359.414397424,/,3369,28
BHARATIYA JANATA PARTY,/,6519004.178658899,/,3437,28
BHARATIYA JANATA PARTY,/,6773405.378706019,/,4044,28
BHARATIYA JANATA PARTY,/,6773405.378706019,/,4044,28
BHARATIYA JANATA PARTY,/,2267257.960449538,/,107,29
BHARATIYA JANATA PARTY,/,2267257.960449538,/,107,29
BHARATIYA JANATA PARTY,/,7251216.454914459,/,376,29
BHARATIYA JANATA PARTY,/,7251216.454914459,/,376,29
BHARATIYA JANATA PARTY,/,2511237.4073586045,/,637,29
BHARATIYA JANATA PARTY,/,2511237.4073586045,/,637,29
BHARATIYA JANATA PARTY,/,8102608.1090071285,/,723,29
BHARATIYA JANATA PARTY,/,8102608.1090071285,/,724,29
BHARATIYA JANATA PARTY,/,8102608.1090071285,/,760,29
BHARATIYA JANATA PARTY,/,8102608.1090071285,/,766,29
BHARATIYA JANATA PARTY,/,8102608.1090071285,/,770,29
BHARATIYA JANATA PARTY,/,8102608.1090071285,/,778,29
BHARATIYA JANATA PARTY,/,8102608.1090071285,/,805,29
BHARATIYA JANATA PARTY,/,8102608.1090071285,/,842,29
BHARATIYA JANATA PARTY,/,8102608.1090071285,/,847,29
BHARATIYA JANATA PARTY,/,8102608.1090071285,/,849,29
BHARATIYA JANATA PARTY,/,2409300.1518021123,/,1684,29
BHARATIYA JANATA PARTY,/,2409300.1518021123,/,1684,29
BHARATIYA JANATA PARTY,/,1815636.816526964,/,4045,29
BHARATIYA JANATA PARTY,/,7219740.74568204,/,4052,29
BHARATIYA JANATA PARTY,/,8102608.1090071285,/,4129,29
BHARATIYA JANATA PARTY,/,2354503.2478242195,/,107,30
BHARATIYA JANATA PARTY,/,2354503.2478242195,/,107,30
BHARATIYA JANATA PARTY,/,2354503.2478242195,/,107,30
BHARATIYA JANATA PARTY,/,2354503.2478242195,/,107,30
BHARATIYA JANATA PARTY,/,7330605.039679533,/,475,30
BHARATIYA JANATA PARTY,/,1645327.83643477,/,483,30
BHARATIYA JANATA PARTY,/,1645327.83643477,/,483,30
BHARATIYA JANATA PARTY,/,7227766.900557329,/,517,30
BHARATIYA JANATA PARTY,/,7227766.900557329,/,517,30
BHARATIYA JANATA PARTY,/,8504718.318969503,/,688,30
BHARATIYA JANATA PARTY,/,8504718.318969503,/,688,30
BHARATIYA JANATA PARTY,/,7624371.83952972,/,695,30
BHARATIYA JANATA PARTY,/,8504718.318969503,/,713,30
BHARATIYA JANATA PARTY,/,6740384.071168054,/,1684,30
BHARATIYA JANATA PARTY,/,7641240.285335473,/,3024,30
BHARATIYA JANATA PARTY,/,7641240.285335473,/,3024,30
BHARATIYA JANATA PARTY,/,7332159.454352749,/,348,31
BHARATIYA JANATA PARTY,/,6861925.0509984605,/,651,31
BHARATIYA JANATA PARTY,/,6556758.620481096,/,686,31
BHARATIYA JANATA PARTY,/,6676024.617086424,/,4044,32
BHARATIYA JANATA PARTY,/,7935325.185930214,/,1684,33
BHARATIYA JANATA PARTY,/,7935325.185930214,/,1684,33
BHARATIYA JANATA PARTY,/,2180846.6186586968,/,4045,33
BHARATIYA JANATA PARTY,/,1843993.2999652666,/,107,34
