node_id,degree,ego_networks_count,ego_networks,circles_count,circles
236,37,1,0,2,"0_circle15,0_circle4"
186,44,1,0,1,0_circle15
122,63,1,0,2,"0_circle15,0_circle4"
285,47,1,0,1,0_circle15
24,16,1,0,1,0_circle16
346,27,1,0,0,
271,73,1,0,1,0_circle15
304,55,1,0,1,0_circle15
176,14,1,0,1,0_circle15
9,57,1,0,2,"0_circle15,0_circle16"
130,16,1,0,0,
329,30,1,0,0,
204,22,1,0,1,0_circle9
213,39,1,0,1,0_circle15
252,65,1,0,1,0_circle11
332,43,1,0,1,0_circle11
82,34,1,0,1,0_circle15
65,12,1,0,1,0_circle15
276,18,1,0,1,0_circle15
26,68,1,0,1,0_circle15
280,43,1,0,2,"0_circle15,0_circle4"
272,45,1,0,0,
211,30,1,0,1,0_circle11
199,47,1,0,1,0_circle11
84,13,1,0,1,0_circle4
133,18,1,0,1,0_circle15
62,26,1,0,1,0_circle15
239,59,1,0,1,0_circle4
172,41,1,0,2,"0_circle15,0_circle17"
322,72,1,0,1,0_circle15
53,31,1,0,0,
3,17,1,0,1,0_circle15
170,46,1,0,1,0_circle15
175,17,1,0,1,0_circle14
46,5,1,0,1,0_circle7
56,78,1,0,1,0_circle15
254,17,1,0,1,0_circle16
194,19,1,0,1,0_circle16
231,21,1,0,0,
117,6,1,0,1,0_circle15
127,16,1,0,2,"0_circle15,0_circle16"
135,10,1,0,2,"0_circle15,0_circle16"
103,16,1,0,1,0_circle15
188,48,1,0,1,0_circle15
23,17,1,0,2,"0_circle15,0_circle5"
116,17,1,0,1,0_circle2
73,10,1,0,1,0_circle9
299,20,1,0,1,0_circle16
288,4,1,0,1,0_circle15
315,56,1,0,1,0_circle15
119,62,1,0,1,0_circle15
323,39,1,0,1,0_circle15
48,22,1,0,1,0_circle16
57,15,1,0,1,0_circle16
200,57,1,0,1,0_circle15
98,49,1,0,1,0_circle15
313,37,1,0,1,0_circle11
63,6,1,0,1,0_circle15
344,9,1,0,1,0_circle4
67,76,1,0,1,0_circle15
118,36,1,0,1,0_circle11
325,39,1,0,1,0_circle15
277,65,1,0,1,0_circle15
134,19,1,0,1,0_circle11
270,4,1,0,1,0_circle2
76,3,1,0,1,0_circle11
36,11,1,0,2,"0_circle15,0_circle16"
223,27,1,0,1,0_circle4
274,14,1,0,1,0_circle15
88,20,1,0,0,
21,65,1,0,1,0_circle15
339,27,1,0,1,0_circle15
108,13,1,0,1,0_circle15
197,16,1,0,2,"0_circle15,0_circle16"
169,38,1,0,1,0_circle15
275,10,1,0,0,
273,9,1,0,0,
83,7,1,0,1,0_circle3
28,13,1,0,1,0_circle23
312,26,1,0,2,"0_circle6,0_circle19"
242,24,1,0,1,0_circle15
214,17,1,0,2,"0_circle6,0_circle19"
20,15,1,0,2,"0_circle6,0_circle19"
307,4,1,0,0,
71,3,1,0,1,0_circle0
333,8,1,0,1,0_circle19
207,3,1,0,1,0_circle15
168,11,1,0,1,0_circle15
308,24,1,0,2,"0_circle15,0_circle11"
341,12,1,0,1,0_circle15
128,28,1,0,1,0_circle15
334,28,1,0,1,0_circle0
238,23,1,0,1,0_circle11
265,27,1,0,1,0_circle11
141,28,1,0,1,0_circle15
78,9,1,0,0,
345,16,1,0,1,0_circle15
317,7,1,0,1,0_circle15
158,25,1,0,1,0_circle11
38,9,1,0,1,0_circle15
302,20,1,0,0,
27,5,1,0,0,
54,8,1,0,2,"0_circle0,0_circle11"
139,9,1,0,2,"0_circle15,0_circle16"
109,37,1,0,1,0_circle15
291,36,1,0,1,0_circle15
142,43,1,0,1,0_circle15
203,57,1,0,1,0_circle11
105,14,1,0,2,"0_circle15,0_circle17"
232,25,1,0,0,
64,7,1,0,1,0_circle15
217,8,1,0,0,
248,21,1,0,1,0_circle15
126,7,1,0,1,0_circle17
224,28,1,0,1,0_circle15
261,38,1,0,1,0_circle15
283,5,1,0,0,
144,15,1,0,1,0_circle2
226,14,1,0,0,
290,14,1,0,1,0_circle15
25,69,1,0,1,0_circle15
342,34,1,0,1,0_circle15
146,10,1,0,2,"0_circle15,0_circle9"
300,7,1,0,0,
94,22,1,0,1,0_circle16
1,17,1,0,1,0_circle15
184,18,1,0,0,
159,14,1,0,0,
149,14,1,0,1,0_circle23
13,31,1,0,1,0_circle11
59,19,1,0,1,0_circle4
17,13,1,0,2,"0_circle6,0_circle19"
326,19,1,0,2,"0_circle6,0_circle19"
80,23,1,0,1,0_circle16
187,16,1,0,1,0_circle16
161,25,1,0,1,0_circle11
66,15,1,0,1,0_circle11
31,23,1,0,1,0_circle15
136,133,2,"0,1912",4,"0_circle15,1912_circle33,1912_circle38,1912_circle1"
7,20,1,0,1,0_circle15
255,2,1,0,1,0_circle15
49,4,1,0,1,0_circle15
320,21,1,0,0,
85,14,1,0,1,0_circle16
246,14,1,0,1,0_circle15
123,18,1,0,1,0_circle15
284,16,1,0,0,
140,11,1,0,1,0_circle2
137,16,1,0,2,"0_circle6,0_circle19"
343,18,1,0,2,"0_circle6,0_circle19"
115,21,1,0,2,"0_circle6,0_circle19"
297,25,1,0,1,0_circle15
185,26,1,0,1,0_circle15
104,32,1,0,1,0_circle15
324,26,1,0,1,0_circle11
171,22,3,"0,107,1684",2,"0_circle15,1684_circle1"
111,14,1,0,1,0_circle6
14,15,1,0,1,0_circle10
310,13,1,0,1,0_circle6
32,6,1,0,1,0_circle6
30,17,1,0,0,
222,11,1,0,1,0_circle0
92,21,1,0,1,0_circle16
72,24,1,0,1,0_circle15
40,44,1,0,1,0_circle15
125,4,1,0,2,"0_circle15,0_circle4"
266,18,1,0,1,0_circle16
212,18,1,0,1,0_circle11
278,10,1,0,1,0_circle12
340,6,1,0,1,0_circle15
237,7,1,0,1,0_circle3
311,7,1,0,1,0_circle11
309,10,1,0,2,"0_circle15,0_circle16"
330,16,1,0,1,0_circle16
230,9,1,0,0,
70,2,1,0,1,0_circle11
16,9,1,0,1,0_circle15
249,24,1,0,1,0_circle16
39,15,1,0,1,0_circle15
251,14,1,0,2,"0_circle15,0_circle16"
10,10,1,0,1,0_circle15
55,17,1,0,2,"0_circle15,0_circle4"
228,3,1,0,0,
69,10,1,0,2,"0_circle15,0_circle4"
113,40,1,0,1,0_circle11
258,15,1,0,2,"0_circle16,0_circle4"
257,18,1,0,1,0_circle4
196,13,1,0,1,0_circle15
156,12,1,0,1,0_circle4
303,21,1,0,1,0_circle15
286,2,1,0,1,0_circle15
81,3,1,0,1,0_circle0
174,4,1,0,1,0_circle20
293,3,1,0,1,0_circle20
33,2,1,0,1,0_circle19
42,2,1,0,1,0_circle10
347,7,1,0,1,0_circle15
2,10,1,0,1,0_circle10
281,16,1,0,2,"0_circle15,0_circle16"
263,7,1,0,0,
279,2,1,0,1,0_circle9
51,7,1,0,1,0_circle3
338,7,1,0,1,0_circle15
162,8,1,0,1,0_circle23
19,16,1,0,0,
75,14,1,0,0,
218,9,1,0,1,0_circle11
268,11,1,0,1,0_circle4
314,13,1,0,1,0_circle15
5,13,1,0,1,0_circle16
178,13,1,0,0,
192,5,1,0,1,0_circle6
243,8,1,0,0,
195,9,1,0,0,
181,10,1,0,0,
8,8,1,0,0,
245,5,1,0,1,0_circle0
129,7,1,0,1,0_circle15
328,9,1,0,1,0_circle15
331,20,1,0,1,0_circle11
150,11,1,0,1,0_circle2
101,19,1,0,1,0_circle16
99,13,1,0,1,0_circle2
296,7,1,0,0,
102,6,1,0,0,
318,11,1,0,1,0_circle15
163,6,1,0,1,0_circle0
173,12,3,"0,348,414",5,"414_circle2,348_circle11,0_circle1,0_circle16,348_circle4"
165,11,1,0,1,0_circle11
121,12,1,0,1,0_circle15
306,9,1,0,0,
177,11,1,0,1,0_circle18
180,20,1,0,1,0_circle16
87,13,1,0,1,0_circle15
189,7,1,0,1,0_circle15
60,8,1,0,1,0_circle15
259,8,1,0,1,0_circle0
45,12,1,0,1,0_circle15
58,11,3,"0,107,1684",5,"107_circle3,1684_circle1,1912_circle30,0_circle16,1912_circle21"
269,6,1,0,1,0_circle15
167,7,1,0,0,
227,15,1,0,1,0_circle14
96,9,1,0,1,0_circle15
91,8,1,0,0,
143,12,1,0,1,0_circle13
61,3,1,0,1,0_circle0
93,8,1,0,2,"0_circle6,0_circle19"
41,24,1,0,2,"0_circle6,0_circle19"
235,5,1,0,1,0_circle11
6,6,1,0,1,0_circle15
89,8,1,0,1,0_circle15
107,1034,4,"0,107,414,1684",4,"414_circle1,414_circle2,1684_circle8,414_circle6"
79,12,1,0,1,0_circle15
208,7,1,0,1,0_circle15
132,16,1,0,1,0_circle0
221,8,1,0,0,
301,3,1,0,1,0_circle15
250,5,1,0,1,0_circle4
106,8,1,0,0,
29,13,1,0,1,0_circle0
337,9,1,0,1,0_circle6
100,9,1,0,0,
110,5,1,0,1,0_circle0
264,5,1,0,1,0_circle0
225,10,1,0,1,0_circle7
86,6,1,0,1,0_circle13
152,5,1,0,1,0_circle15
148,20,1,0,1,0_circle15
295,10,1,0,1,0_circle4
201,4,1,0,0,
289,4,1,0,1,0_circle6
260,8,1,0,0,
160,2,1,0,0,
321,3,1,0,1,0_circle6
68,9,1,0,1,0_circle13
131,7,1,0,1,0_circle13
22,11,1,0,1,0_circle15
298,11,1,0,2,"0_circle0,0_circle11"
262,4,1,0,1,0_circle20
220,4,1,0,1,0_circle20
234,2,1,0,0,
44,6,1,0,1,0_circle19
50,11,1,0,1,0_circle15
193,5,1,0,1,0_circle0
97,3,1,0,2,"0_circle0,0_circle11"
124,4,1,0,1,0_circle15
112,3,1,0,0,
90,2,1,0,1,0_circle17
179,3,1,0,1,0_circle17
216,2,1,0,1,0_circle10
151,7,1,0,1,0_circle11
145,2,1,0,1,0_circle17
157,3,1,0,1,0_circle15
4,10,1,0,0,
327,4,1,0,1,0_circle2
95,6,1,0,1,0_circle15
120,4,1,0,0,
247,3,1,0,1,0_circle15
190,4,1,0,1,0_circle15
282,2,1,0,2,"0_circle20,0_circle8"
244,2,1,0,1,0_circle20
319,8,1,0,1,0_circle15
233,2,1,0,1,0_circle15
256,2,1,0,1,0_circle15
166,4,1,0,0,
202,4,1,0,1,0_circle16
155,3,1,0,1,0_circle2
191,3,1,0,0,
147,6,1,0,1,0_circle2
206,4,1,0,1,0_circle9
229,6,1,0,1,0_circle0
138,2,1,0,1,0_circle13
164,3,1,0,1,0_circle9
240,3,1,0,1,0_circle11
77,6,1,0,1,0_circle15
219,6,1,0,1,0_circle15
305,2,1,0,0,
153,2,1,0,0,
154,2,1,0,1,0_circle9
198,12,2,"0,348",4,"0_circle15,348_circle6,348_circle11,348_circle4"
182,3,1,0,0,
336,3,1,0,1,0_circle9
241,2,1,0,0,
294,3,1,0,2,"0_circle15,0_circle17"
253,3,1,0,1,0_circle0
267,2,1,0,1,0_circle22
316,2,1,0,1,0_circle15
205,2,1,0,0,
47,2,1,0,1,0_circle15
183,2,1,0,2,"0_circle0,0_circle15"
52,2,1,0,2,"0_circle6,0_circle17"
34,5,3,"0,348,414",3,"0_circle16,348_circle11,348_circle4"
35,2,1,0,1,0_circle6
0,333,2,"0,107",1,107_circle3
953,109,1,107,0,
1323,77,1,107,0,
1789,103,1,107,1,107_circle6
1707,185,1,107,0,
1175,132,1,107,0,
1059,165,1,107,1,107_circle6
1329,136,1,107,1,107_circle6
1559,186,1,107,1,107_circle6
1804,195,1,107,0,
1898,101,1,107,0,
1622,177,1,107,1,107_circle6
1520,117,1,107,1,107_circle6
1200,4,1,107,0,
1202,9,1,107,0,
1449,90,1,107,1,107_circle6
1836,25,1,107,1,107_circle6
1156,99,1,107,0,
1605,90,1,107,0,
1149,102,1,107,1,107_circle6
1173,115,1,107,0,
1180,45,1,107,0,
1549,49,1,107,2,"107_circle3,107_circle1"
1412,22,1,107,0,
1638,34,1,107,0,
942,65,1,107,0,
1448,52,1,107,1,107_circle5
1786,97,1,107,0,
1768,209,1,107,0,
1092,50,1,107,1,107_circle6
927,75,1,107,1,107_circle6
1791,131,1,107,1,107_circle6
1287,66,1,107,0,
1516,159,1,107,1,107_circle6
1044,28,1,107,0,
1235,107,1,107,0,
1100,64,1,107,0,
1279,44,1,107,0,
1366,66,1,107,0,
1472,90,1,107,0,
1374,42,1,107,0,
483,231,3,"107,348,414",4,"414_circle1,348_circle11,348_circle1,414_circle6"
1610,179,1,107,1,107_circle6
1021,61,1,107,0,
1322,90,1,107,0,
923,8,1,107,1,107_circle6
1505,59,2,"107,1684",2,"107_circle6,1684_circle8"
1761,121,1,107,1,107_circle6
1566,20,1,107,0,
1211,173,1,107,1,107_circle6
1835,182,1,107,1,107_circle6
896,126,1,107,0,
1479,84,1,107,0,
1215,43,1,107,1,107_circle5
1199,217,1,107,0,
1539,79,1,107,1,107_circle6
1153,139,1,107,0,
1796,71,1,107,1,107_circle6
1355,37,1,107,0,
1236,43,1,107,0,
1899,79,1,107,1,107_circle5
1884,32,1,107,0,
1425,34,1,107,0,
475,122,3,"107,348,414",7,"414_circle1,348_circle11,348_circle0,348_circle13,348_circle1,414_circle0,348_circle8"
1298,71,1,107,0,
366,97,2,"107,348",4,"348_circle0,107_circle3,348_circle1,348_circle11"
930,52,1,107,0,
1230,125,1,107,0,
1621,189,1,107,1,107_circle6
1437,56,1,107,0,
1337,36,1,107,1,107_circle7
1801,23,1,107,0,
1695,30,1,107,0,
1795,89,1,107,1,107_circle6
1839,165,1,107,0,
1632,79,1,107,0,
1370,112,1,107,0,
1340,63,1,107,0,
1871,82,1,107,0,
954,55,1,107,0,
1718,155,2,"107,1912",1,1912_circle38
1846,38,1,107,1,107_circle6
1582,41,1,107,0,
1438,34,1,107,0,
1060,51,1,107,1,107_circle5
1859,46,1,107,1,107_circle5
1816,131,1,107,1,107_circle6
1619,114,1,107,1,107_circle6
1431,220,1,107,1,107_circle6
1734,49,1,107,0,
944,37,1,107,0,
1428,29,1,107,0,
1097,36,1,107,1,107_circle8
958,24,1,107,1,107_circle8
1488,135,1,107,0,
1471,169,1,107,1,107_circle6
1613,182,1,107,1,107_circle6
1250,137,1,107,1,107_circle6
1833,191,1,107,1,107_circle6
1085,66,2,"107,3437",4,"3437_circle3,107_circle6,3437_circle19,3437_circle4"
1518,14,1,107,0,
1163,100,1,107,0,
1040,67,1,107,0,
1900,26,1,107,1,107_circle6
1819,88,1,107,1,107_circle6
1557,151,1,107,1,107_circle6
1864,107,1,107,0,
1754,57,1,107,0,
1813,156,1,107,1,107_circle6
1135,68,1,107,1,107_circle6
908,32,1,107,2,"107_circle6,107_circle7"
1537,19,1,107,1,107_circle6
1612,190,1,107,1,107_circle6
1652,81,1,107,1,107_circle6
1389,46,1,107,0,
1740,37,1,107,0,
1122,49,1,107,0,
1352,234,1,107,1,107_circle6
1483,96,1,107,0,
959,46,1,107,0,
1569,48,1,107,0,
1903,40,1,107,0,
641,66,2,"107,414",2,"414_circle1,414_circle6"
1625,25,1,107,0,
1444,32,1,107,1,107_circle2
1876,56,1,107,0,
1192,97,1,107,0,
1129,60,1,107,0,
1078,183,1,107,0,
1420,148,1,107,1,107_circle6
1360,37,1,107,1,107_circle6
1579,5,1,107,1,107_circle6
1794,57,1,107,0,
1334,100,1,107,1,107_circle6
1716,60,1,107,0,
1765,66,1,107,1,107_circle6
1703,70,1,107,0,
1686,35,1,107,0,
924,45,1,107,0,
1260,38,1,107,0,
1285,55,1,107,0,
916,147,1,107,1,107_circle6
1714,187,1,107,1,107_circle6
952,84,1,107,1,107_circle6
1332,42,1,107,1,107_circle3
1210,40,1,107,0,
1459,102,1,107,0,
1680,61,1,107,0,
1222,142,1,107,0,
1124,130,1,107,1,107_circle6
1399,178,1,107,0,
1377,190,1,107,1,107_circle6
975,54,1,107,0,
1256,135,1,107,0,
926,21,1,107,1,107_circle6
1345,97,1,107,0,
1126,198,1,107,1,107_circle6
1596,77,1,107,0,
1432,55,1,107,0,
1414,8,1,107,0,
1752,115,1,107,1,107_circle6
1344,91,1,107,1,107_circle6
1402,74,1,107,1,107_circle6
1101,123,1,107,1,107_circle6
1837,38,1,107,1,107_circle8
1424,19,1,107,1,107_circle8
1730,226,1,107,1,107_circle6
1074,63,1,107,1,107_circle6
980,128,1,107,1,107_circle6
1341,123,1,107,0,
1868,121,1,107,0,
1086,205,1,107,1,107_circle6
1391,175,1,107,1,107_circle6
1771,20,1,107,0,
1685,93,1,107,0,
1039,27,1,107,1,107_circle6
1081,30,1,107,0,
1003,95,1,107,1,107_circle6
1823,127,1,107,1,107_circle6
1191,110,1,107,1,107_circle6
1721,115,1,107,1,107_circle6
1584,211,1,107,1,107_circle6
1832,46,1,107,0,
1083,106,1,107,0,
1317,21,1,107,1,107_circle6
929,5,1,107,1,107_circle6
946,166,1,107,1,107_circle6
960,103,1,107,0,
1380,85,1,107,1,107_circle6
1662,146,1,107,0,
1689,124,1,107,1,107_circle6
932,63,1,107,0,
1238,152,1,107,1,107_circle6
1608,117,1,107,1,107_circle6
997,96,1,107,0,
1530,105,1,107,0,
1583,97,1,107,0,
1099,56,1,107,1,107_circle5
1291,113,1,107,1,107_circle6
1741,104,1,107,0,
921,106,1,107,1,107_circle6
1735,109,1,107,1,107_circle6
1473,54,1,107,0,
1064,27,1,107,0,
1760,3,1,107,1,107_circle2
1070,78,1,107,0,
1132,142,1,107,1,107_circle6
1367,166,1,107,1,107_circle6
1251,12,1,107,2,"107_circle6,107_circle1"
1307,31,1,107,0,
1724,59,1,107,1,107_circle6
1302,107,1,107,0,
1014,99,1,107,0,
1108,43,1,107,0,
1528,70,1,107,1,107_circle6
1336,55,1,107,0,
1547,122,1,107,1,107_circle6
1573,89,1,107,0,
988,41,1,107,0,
1663,235,1,107,1,107_circle6
1290,87,1,107,1,107_circle6
1705,27,1,107,0,
1187,20,1,107,0,
1190,39,1,107,0,
1436,30,1,107,1,107_circle5
1881,53,1,107,1,107_circle3
1799,152,1,107,1,107_circle6
1688,95,1,107,1,107_circle6
1515,69,1,107,1,107_circle5
898,38,1,107,0,
1328,20,1,107,1,107_circle6
1511,30,1,107,0,
1587,53,1,107,0,
1331,146,1,107,0,
1423,61,1,107,1,107_circle5
1872,50,1,107,1,107_circle5
1842,119,1,107,1,107_circle6
1782,67,1,107,0,
1213,20,1,107,0,
1005,14,1,107,0,
1502,70,1,107,0,
1636,77,1,107,1,107_circle5
1750,126,1,107,1,107_circle6
991,19,1,107,1,107_circle6
1604,148,1,107,0,
1497,29,1,107,0,
1376,182,1,107,1,107_circle6
1166,57,1,107,0,
1793,145,1,107,1,107_circle6
1857,73,1,107,0,
1026,80,1,107,1,107_circle6
1018,51,1,107,1,107_circle5
1600,117,1,107,1,107_circle6
526,98,2,"107,348",5,"348_circle11,107_circle6,348_circle13,348_circle1,348_circle2"
1117,122,1,107,0,
1054,54,1,107,1,107_circle6
1540,69,1,107,1,107_circle6
1643,100,1,107,1,107_circle6
1184,158,1,107,1,107_circle6
1551,171,1,107,1,107_circle6
1004,120,1,107,0,
1849,119,1,107,0,
1746,202,1,107,1,107_circle6
1305,104,1,107,1,107_circle6
1114,38,1,107,1,107_circle3
1487,63,1,107,1,107_circle3
1687,43,1,107,0,
1593,32,1,107,1,107_circle6
1777,5,1,107,0,
563,91,4,"107,348,414,1912",14,"414_circle1,414_circle2,348_circle12,107_circle3,348_circle7,348_circle5,348_circle11,1912_circle10,348_circle1,107_circle1,1912_circle30,348_circle4,348_circle8,1912_circle21"
1478,17,1,107,0,
1743,26,1,107,0,
1609,92,1,107,0,
1460,46,1,107,1,107_circle6
1139,24,1,107,0,
1219,54,1,107,1,107_circle6
1080,60,1,107,1,107_circle3
353,102,2,"107,348",2,"348_circle11,348_circle1"
1542,55,1,107,1,107_circle2
1717,139,1,107,1,107_circle6
1675,117,1,107,1,107_circle6
1347,74,1,107,0,
1820,67,1,107,0,
1508,33,1,107,0,
1882,51,1,107,1,107_circle3
914,16,1,107,1,107_circle3
1041,48,1,107,0,
1496,48,1,107,0,
1228,23,1,107,0,
1024,85,1,107,0,
1390,193,1,107,1,107_circle6
1648,25,1,107,0,
1232,29,1,107,1,107_circle8
1342,10,1,107,0,
1886,105,1,107,1,107_circle6
1800,245,1,107,1,107_circle6
1098,23,1,107,1,107_circle6
1802,12,1,107,0,
1629,22,1,107,1,107_circle8
1554,160,1,107,1,107_circle6
947,115,1,107,1,107_circle6
1028,67,1,107,1,107_circle6
1757,131,1,107,1,107_circle6
1243,112,1,107,1,107_circle6
978,104,1,107,1,107_circle6
993,154,1,107,0,
1753,82,1,107,1,107_circle6
1361,137,1,107,1,107_circle6
1783,121,1,107,0,
1469,57,1,107,1,107_circle2
1172,113,1,107,1,107_circle6
1011,32,1,107,0,
1072,26,1,107,0,
1242,93,1,107,1,107_circle6
925,167,1,107,1,107_circle6
897,66,1,107,0,
1207,72,1,107,0,
1809,113,1,107,1,107_circle6
1435,56,1,107,1,107_circle6
1492,13,1,107,0,
1509,131,1,107,1,107_circle6
1079,123,1,107,1,107_circle6
1181,89,1,107,1,107_circle6
1615,24,1,107,0,
1433,23,1,107,0,
1617,117,1,107,1,107_circle6
1589,205,1,107,1,107_circle6
1467,124,1,107,1,107_circle6
1404,50,1,107,0,
1522,156,1,107,1,107_circle6
1489,22,1,107,0,
1495,67,1,107,0,
1669,137,1,107,1,107_circle6
957,65,1,107,0,
1158,66,1,107,1,107_circle5
1570,124,1,107,0,
1485,47,1,107,1,107_circle6
1020,58,1,107,0,
1066,68,1,107,0,
1348,37,1,107,0,
1630,67,1,107,0,
1415,30,1,107,0,
949,23,1,107,0,
1815,24,1,107,0,
968,40,1,107,1,107_circle7
999,77,1,107,0,
996,4,1,107,1,107_circle6
629,11,2,"107,414",1,414_circle6
1185,156,1,107,0,
1826,102,1,107,0,
1692,50,1,107,1,107_circle3
566,85,3,"107,348,414",5,"414_circle1,107_circle3,348_circle11,348_circle13,348_circle1"
1447,142,1,107,1,107_circle6
1067,76,1,107,0,
1532,39,1,107,1,107_circle6
1491,125,1,107,1,107_circle6
1727,32,1,107,2,"107_circle5,107_circle2"
1418,21,1,107,1,107_circle5
1167,28,1,107,0,
1246,35,1,107,0,
1107,141,1,107,1,107_circle6
1115,36,1,107,1,107_circle5
1645,56,1,107,0,
1400,22,1,107,0,
1529,42,1,107,0,
596,46,2,"107,414",1,414_circle6
1408,34,1,107,1,107_circle3
915,35,1,107,1,107_circle3
1112,54,1,107,1,107_circle6
1620,128,1,107,1,107_circle6
1588,23,1,107,1,107_circle6
1719,19,1,107,1,107_circle6
1381,27,1,107,1,107_circle5
1043,12,1,107,1,107_circle0
955,10,1,107,1,107_circle0
1682,38,1,107,1,107_circle5
1524,41,1,107,1,107_circle6
1888,254,1,107,1,107_circle6
1907,30,1,107,0,
1766,40,1,107,1,107_circle3
1870,23,1,107,0,
1231,74,1,107,1,107_circle5
1571,60,1,107,0,
905,17,1,107,0,
1536,82,1,107,0,
1294,22,1,107,0,
1427,66,1,107,0,
1123,71,1,107,1,107_circle6
1637,99,1,107,1,107_circle6
1676,16,1,107,2,"107_circle6,107_circle1"
1144,21,1,107,2,"107_circle6,107_circle1"
1597,112,1,107,1,107_circle6
992,31,1,107,1,107_circle8
963,33,1,107,1,107_circle8
934,82,1,107,1,107_circle6
1877,64,1,107,1,107_circle6
1288,92,1,107,1,107_circle6
1042,15,1,107,0,
1538,72,1,107,0,
1706,42,1,107,0,
1393,53,1,107,0,
1189,38,1,107,0,
1668,122,1,107,1,107_circle6
1146,147,1,107,1,107_circle6
1535,64,1,107,1,107_circle6
1296,25,1,107,0,
1109,38,1,107,0,
1033,17,1,107,0,
1186,17,1,107,1,107_circle8
939,17,1,107,0,
1356,20,1,107,0,
1599,11,1,107,0,
1901,14,1,107,0,
1277,124,1,107,0,
1841,49,1,107,0,
1312,80,1,107,1,107_circle6
1590,88,1,107,0,
1214,114,1,107,1,107_circle6
1075,80,1,107,1,107_circle6
1880,32,1,107,1,107_circle8
1378,32,1,107,1,107_circle8
1446,36,1,107,0,
1131,32,1,107,0,
1304,38,1,107,0,
1821,27,1,107,1,107_circle7
1683,123,1,107,1,107_circle6
1513,52,1,107,1,107_circle6
1603,145,1,107,1,107_circle6
1623,100,1,107,1,107_circle6
1142,33,1,107,1,107_circle3
1844,70,1,107,0,
1456,132,1,107,0,
1824,58,1,107,0,
1273,64,1,107,0,
1120,51,1,107,1,107_circle5
1462,84,1,107,0,
1284,60,1,107,0,
1379,51,1,107,1,107_circle5
1576,66,1,107,0,
1076,142,1,107,1,107_circle6
1359,84,1,107,0,
1160,88,1,107,0,
906,78,1,107,1,107_circle6
1445,9,1,107,1,107_circle6
951,20,1,107,1,107_circle6
1661,80,1,107,0,
1382,41,1,107,0,
1282,68,1,107,0,
1324,40,1,107,0,
1691,60,1,107,1,107_circle5
1606,31,1,107,0,
1113,47,1,107,1,107_circle3
1416,111,1,107,1,107_circle6
1335,128,1,107,0,
1159,61,1,107,0,
1738,26,1,107,1,107_circle2
1047,65,1,107,0,
1902,130,1,107,1,107_circle6
1375,74,1,107,1,107_circle6
1611,72,1,107,0,
1272,84,1,107,1,107_circle6
1715,65,1,107,0,
1616,50,1,107,1,107_circle3
1048,106,1,107,1,107_circle6
1911,39,1,107,0,
1879,150,1,107,0,
1798,34,1,107,1,107_circle8
902,46,1,107,0,
966,115,1,107,1,107_circle6
982,68,1,107,1,107_circle6
1209,76,1,107,1,107_circle6
1257,55,1,107,1,107_circle5
1767,36,1,107,1,107_circle3
1338,68,1,107,0,
1712,105,1,107,0,
1500,29,1,107,0,
1634,38,1,107,0,
1029,79,1,107,1,107_circle6
1205,102,1,107,0,
1722,56,1,107,1,107_circle6
1333,33,1,107,1,107_circle8
1468,31,1,107,1,107_circle8
1410,21,1,107,1,107_circle1
1866,31,1,107,0,
1655,56,1,107,0,
1895,37,1,107,1,107_circle8
1601,32,1,107,1,107_circle8
1764,25,1,107,0,
1519,33,1,107,1,107_circle6
1267,120,1,107,1,107_circle6
1628,82,1,107,0,
1292,55,1,107,0,
1339,100,1,107,1,107_circle6
1827,201,1,107,1,107_circle6
1805,22,1,107,1,107_circle6
1618,24,1,107,1,107_circle7
1271,96,1,107,1,107_circle6
1330,122,1,107,1,107_circle6
1744,37,1,107,0,
1845,101,1,107,1,107_circle6
1572,43,1,107,1,107_circle6
1406,31,1,107,0,
1261,68,1,107,1,107_circle5
484,107,2,"107,348",3,"348_circle11,348_circle1,348_circle2"
1710,15,1,107,1,107_circle6
938,29,1,107,1,107_circle8
1314,26,1,107,1,107_circle8
1310,27,1,107,0,
1563,112,1,107,1,107_circle6
1543,33,1,107,0,
1177,15,1,107,1,107_circle4
1694,34,1,107,0,
1831,42,1,107,0,
1565,44,1,107,0,
1671,32,1,107,0,
1010,36,1,107,0,
1289,85,1,107,0,
1720,49,1,107,0,
1102,51,1,107,0,
1893,83,1,107,0,
1677,36,1,107,0,
1665,127,1,107,0,
1426,64,1,107,0,
1017,149,1,107,1,107_circle6
1504,58,1,107,1,107_circle2
1319,27,1,107,1,107_circle8
1770,47,1,107,0,
1484,22,1,107,1,107_circle6
1269,126,1,107,1,107_circle6
1531,22,1,107,1,107_circle2
1614,71,1,107,1,107_circle6
1769,25,1,107,2,"107_circle6,107_circle7"
901,34,1,107,1,107_circle8
1548,38,1,107,1,107_circle8
1709,62,1,107,0,
1204,107,1,107,0,
1439,21,1,107,1,107_circle7
1737,79,1,107,1,107_circle6
1198,83,1,107,1,107_circle6
1350,33,1,107,0,
1036,58,1,107,1,107_circle5
1574,67,1,107,1,107_circle3
1493,26,1,107,0,
1733,38,1,107,1,107_circle8
637,115,2,"107,414",2,"414_circle1,414_circle6"
1503,28,1,107,0,
1134,11,1,107,0,
1227,84,1,107,1,107_circle5
1843,40,1,107,1,107_circle6
1396,54,1,107,0,
1756,16,1,107,0,
1742,79,1,107,0,
1649,35,1,107,0,
1049,82,1,107,1,107_circle6
1534,33,2,"107,1684",2,"107_circle6,1684_circle8"
1452,34,1,107,1,107_circle8
1411,10,1,107,1,107_circle6
1470,71,1,107,1,107_circle6
1591,95,1,107,1,107_circle5
1550,38,1,107,0,
1639,78,1,107,1,107_circle6
1598,136,1,107,0,
1201,58,1,107,1,107_circle6
1225,30,1,107,0,
1830,16,1,107,0,
1525,57,1,107,0,
538,87,2,"107,348",3,"348_circle11,348_circle1,348_circle2"
1453,28,1,107,0,
1889,15,1,107,0,
1499,12,1,107,0,
1293,48,1,107,1,107_circle6
1006,142,1,107,1,107_circle6
1056,65,1,107,1,107_circle6
1865,8,1,107,1,107_circle6
1303,48,1,107,0,
1128,98,1,107,1,107_circle6
1001,39,1,107,1,107_circle7
1514,35,1,107,0,
1413,60,1,107,1,107_circle5
1523,69,1,107,1,107_circle6
1729,80,1,107,0,
1451,31,1,107,0,
1103,8,1,107,0,
1653,74,1,107,1,107_circle6
1118,35,1,107,1,107_circle8
983,62,1,107,1,107_circle6
1275,57,1,107,0,
1482,49,1,107,0,
917,130,1,107,0,
1785,30,1,107,0,
941,54,1,107,0,
1009,57,1,107,0,
1807,51,1,107,1,107_circle2
1221,71,1,107,0,
1237,60,1,107,1,107_circle3
1647,50,1,107,0,
1051,46,1,107,0,
1699,42,1,107,1,107_circle2
1660,24,1,107,0,
1541,33,1,107,0,
936,37,1,107,0,
1320,64,1,107,1,107_circle3
1365,42,1,107,1,107_circle6
967,107,1,107,1,107_circle6
1544,15,1,107,1,107_circle6
1441,16,1,107,1,107_circle6
1351,67,1,107,1,107_circle6
1155,45,1,107,1,107_circle3
1315,44,1,107,0,
1553,37,1,107,1,107_circle6
994,27,1,107,0,
1398,44,1,107,1,107_circle6
1851,42,1,107,1,107_circle6
1494,26,1,107,1,107_circle6
1061,10,1,107,0,
428,115,4,"107,348,414,1912",9,"414_circle1,414_circle2,107_circle3,348_circle11,1912_circle10,348_circle1,1912_circle30,348_circle4,1912_circle21"
1229,47,1,107,0,
1702,45,1,107,1,107_circle6
1465,108,2,"107,1912",4,"1912_circle15,1912_circle10,1912_circle35,1912_circle38"
1812,44,1,107,0,
348,226,3,"107,348,414",4,"414_circle1,414_circle2,107_circle3,414_circle0"
1736,156,1,107,1,107_circle6
1394,2,1,107,0,
1240,7,1,107,0,
1644,69,1,107,1,107_circle6
1022,4,1,107,0,
1178,13,1,107,1,107_circle6
1751,50,1,107,0,
1810,102,1,107,0,
1461,8,1,107,0,
1369,53,1,107,1,107_circle6
1434,15,1,107,0,
1564,16,1,107,1,107_circle6
1659,82,1,107,1,107_circle6
1000,16,1,107,0,
1474,4,1,107,0,
1723,49,1,107,1,107_circle6
981,47,1,107,0,
933,25,1,107,0,
1318,41,1,107,0,
1773,23,1,107,0,
1032,79,1,107,0,
1512,34,1,107,0,
920,13,1,107,1,107_circle6
1635,34,1,107,1,107_circle5
1521,6,1,107,1,107_circle6
903,34,1,107,1,107_circle8
995,66,1,107,0,
1239,9,1,107,0,
1258,42,1,107,0,
1457,62,1,107,0,
1226,35,1,107,0,
1125,117,1,107,0,
1130,66,1,107,0,
1909,41,1,107,0,
1545,43,1,107,0,
1878,35,1,107,0,
1052,63,1,107,1,107_circle2
1136,33,1,107,0,
1464,26,1,107,0,
1850,29,1,107,0,
1781,26,1,107,0,
1580,83,1,107,1,107_circle6
913,44,1,107,1,107_circle2
1567,33,1,107,0,
1121,24,1,107,0,
1885,28,1,107,1,107_circle7
1867,123,1,107,1,107_circle6
1154,9,1,107,0,
651,73,2,"107,414",2,"414_circle1,107_circle3"
972,21,1,107,0,
1388,84,1,107,0,
1811,63,1,107,1,107_circle6
1650,21,1,107,0,
1818,30,1,107,1,107_circle7
1656,34,2,"107,1684",1,1684_circle8
1852,22,1,107,1,107_circle6
1585,20,1,107,1,107_circle6
1822,12,1,107,0,
1286,23,1,107,0,
1392,37,1,107,0,
1358,77,1,107,0,
1475,72,1,107,0,
1280,76,1,107,0,
1321,25,1,107,1,107_circle6
1283,32,1,107,1,107_circle6
1861,99,1,107,1,107_circle6
1772,61,1,107,0,
1255,124,1,107,0,
1278,36,1,107,1,107_circle6
1578,36,1,107,0,
1316,32,1,107,0,
919,29,1,107,0,
1179,45,1,107,1,107_circle3
1141,18,1,107,0,
1401,12,1,107,0,
1561,25,1,107,1,107_circle6
1891,71,1,107,1,107_circle5
1696,12,1,107,0,
1062,22,1,107,1,107_circle7
1480,93,1,107,1,107_circle6
1309,43,1,107,0,
1409,106,1,107,0,
1015,36,1,107,1,107_circle5
984,42,1,107,0,
1863,49,1,107,1,107_circle6
1077,15,1,107,1,107_circle6
1803,25,1,107,1,107_circle6
1507,37,1,107,0,
1592,25,1,107,0,
1327,49,1,107,1,107_circle6
1556,25,1,107,0,
1847,26,1,107,0,
977,26,1,107,0,
1306,26,1,107,0,
1421,24,1,107,2,"107_circle6,107_circle1"
1700,17,1,107,1,107_circle6
1825,29,1,107,0,
1110,70,1,107,1,107_circle6
1624,35,1,107,0,
1463,10,1,107,0,
1405,50,2,"107,1684",2,"1684_circle0,107_circle6"
931,15,1,107,0,
1763,32,1,107,0,
1281,41,1,107,0,
1894,63,1,107,0,
1182,66,1,107,1,107_circle6
1188,32,1,107,0,
1673,40,1,107,0,
1012,32,1,107,1,107_circle7
606,91,2,"107,414",2,"414_circle1,107_circle3"
1140,9,1,107,1,107_circle6
1450,23,2,"107,1684",2,"107_circle6,1684_circle8"
1728,32,1,107,0,
1234,15,1,107,0,
1373,73,1,107,0,
1454,52,1,107,0,
1906,22,1,107,0,
1577,170,2,"107,1912",2,"1912_circle35,1912_circle38"
1774,40,1,107,1,107_circle6
922,30,1,107,2,"107_circle6,107_circle7"
1778,38,1,107,0,
1171,24,2,"107,1684",1,1684_circle15
956,10,1,107,0,
1308,20,1,107,0,
1725,51,1,107,0,
1196,26,1,107,0,
1666,36,2,"107,1684",2,"107_circle6,1684_circle8"
1780,20,1,107,1,107_circle7
1633,23,1,107,0,
1429,38,1,107,1,107_circle2
1165,26,1,107,1,107_circle6
1860,17,1,107,0,
1104,109,1,107,0,
1035,26,1,107,1,107_circle2
1161,19,1,107,1,107_circle6
1217,47,1,107,0,
1640,8,1,107,0,
601,25,2,"107,414",2,"414_circle1,414_circle6"
973,18,1,107,0,
1873,41,1,107,0,
580,84,2,"107,414",1,414_circle1
1748,13,1,107,0,
1019,58,1,107,0,
1371,37,1,107,1,107_circle8
1646,18,1,107,0,
1908,10,1,107,0,
1806,32,1,107,0,
1046,3,1,107,0,
1586,3,1,107,0,
976,24,1,107,1,107_circle3
1595,39,1,107,0,
1892,12,1,107,0,
1875,28,1,107,1,107_circle5
1325,18,1,107,0,
928,9,1,107,0,
1672,25,1,107,0,
1030,11,1,107,1,107_circle0
1828,56,1,107,1,107_circle5
1357,31,1,107,0,
1533,35,1,107,1,107_circle8
1674,25,1,107,0,
1758,27,2,"107,1684",2,"107_circle6,1684_circle8"
363,96,3,"107,348,414",5,"414_circle1,107_circle3,348_circle11,348_circle13,348_circle1"
1311,24,1,107,0,
1259,47,1,107,0,
1745,19,1,107,1,107_circle2
1299,31,1,107,0,
1790,38,1,107,0,
1817,15,1,107,1,107_circle6
1148,65,1,107,0,
1776,5,1,107,0,
1808,14,1,107,1,107_circle5
910,5,1,107,1,107_circle8
1093,9,1,107,0,
1440,28,1,107,0,
1407,37,1,107,0,
1681,25,1,107,0,
1091,20,1,107,0,
1704,25,1,107,0,
971,34,1,107,1,107_circle5
1050,11,1,107,1,107_circle6
1203,8,1,107,0,
948,38,1,107,0,
1862,54,1,107,0,
1526,22,1,107,0,
1779,22,1,107,1,107_circle6
912,9,1,107,1,107_circle7
1684,786,2,"107,1684",3,"107_circle6,107_circle3,107_circle1"
1568,29,1,107,1,107_circle8
1106,27,1,107,0,
1127,21,1,107,0,
1090,13,1,107,0,
1732,48,1,107,0,
1174,18,1,107,2,"107_circle6,107_circle1"
1678,18,1,107,1,107_circle6
1874,13,1,107,0,
1602,12,1,107,0,
1887,11,1,107,0,
1667,27,1,107,0,
1069,21,1,107,1,107_circle6
1546,3,1,107,0,
1197,15,1,107,2,"107_circle0,107_circle6"
1223,22,1,107,1,107_circle3
1626,37,1,107,1,107_circle6
970,15,1,107,0,
1775,8,1,107,0,
1082,57,1,107,0,
1458,33,1,107,1,107_circle6
1152,17,1,107,0,
1058,7,1,107,1,107_circle6
1552,7,1,107,0,
1481,17,1,107,0,
517,104,2,"107,348",4,"348_circle0,107_circle3,348_circle1,348_circle11"
420,34,2,"107,348",5,"348_circle12,107_circle3,348_circle11,348_circle1,348_circle8"
1397,16,1,107,0,
998,9,1,107,0,
376,133,3,"107,348,414",7,"414_circle1,348_circle11,348_circle0,348_circle13,348_circle1,414_circle0,348_circle8"
1268,11,1,107,0,
1254,6,1,107,1,107_circle0
1252,3,1,107,1,107_circle0
1301,6,1,107,2,"107_circle6,107_circle7"
961,13,1,107,1,107_circle6
900,13,1,107,0,
1183,34,1,107,1,107_circle2
1216,36,1,107,1,107_circle8
1364,12,1,107,0,
1195,49,1,107,1,107_circle6
1068,49,1,107,1,107_circle6
940,17,1,107,0,
1170,36,1,107,0,
964,26,1,107,0,
1664,6,1,107,1,107_circle4
1477,9,1,107,1,107_circle6
1631,9,1,107,0,
1025,29,1,107,1,107_circle3
1023,9,1,107,0,
1073,10,1,107,1,107_circle6
1670,11,1,107,0,
1403,9,1,107,1,107_circle4
1089,14,1,107,1,107_circle6
1869,15,1,107,0,
1883,18,1,107,1,107_circle6
1137,29,1,107,1,107_circle8
1698,19,1,107,1,107_circle6
1007,16,1,107,0,
1274,25,1,107,0,
1265,31,1,107,1,107_circle6
1654,7,1,107,0,
1762,4,1,107,0,
1038,5,1,107,1,107_circle7
1419,24,2,"107,1684",1,1684_circle8
1787,38,1,107,1,107_circle8
1562,10,1,107,1,107_circle7
1045,12,1,107,1,107_circle0
1212,26,1,107,0,
1343,37,1,107,0,
1897,36,1,107,1,107_circle7
1168,6,1,107,0,
989,35,1,107,0,
1490,9,1,107,0,
1241,20,1,107,0,
1858,29,1,107,0,
1905,11,1,107,0,
974,11,1,107,0,
1829,16,1,107,0,
1143,14,1,107,1,107_circle5
1220,9,1,107,0,
1244,12,1,107,0,
1476,5,1,107,0,
1088,14,1,107,1,107_circle6
1247,24,1,107,0,
1422,14,1,107,1,107_circle6
1138,14,1,107,1,107_circle4
1708,10,1,107,1,107_circle6
1501,18,1,107,0,
1856,4,1,107,0,
1363,21,1,107,1,107_circle8
1276,2,1,107,0,
1657,5,1,107,1,107_circle7
965,16,1,107,0,
1904,30,1,107,0,
1169,19,1,107,0,
1111,9,1,107,1,107_circle0
1555,35,1,107,2,"107_circle6,107_circle1"
1218,11,1,107,0,
1245,40,1,107,0,
1840,10,1,107,0,
1193,9,1,107,1,107_circle6
1679,27,1,107,1,107_circle3
1349,42,1,107,0,
1658,19,1,107,1,107_circle7
1368,10,1,107,1,107_circle0
979,10,1,107,1,107_circle4
1853,12,1,107,0,
1116,29,1,107,1,107_circle6
986,11,1,107,0,
389,48,2,"107,348",3,"348_circle1,348_circle5,107_circle1"
1037,37,1,107,0,
1527,12,1,107,0,
1263,6,1,107,1,107_circle2
1164,27,1,107,0,
1747,22,1,107,1,107_circle8
1013,12,1,107,1,107_circle1
1300,31,1,107,0,
935,7,1,107,0,
1151,6,1,107,1,107_circle6
1443,9,1,107,0,
1384,12,1,107,2,"107_circle0,107_circle6"
1788,10,1,107,0,
1031,4,1,107,2,"107_circle6,107_circle1"
1517,36,1,107,1,107_circle6
414,150,3,"107,348,414",5,"107_circle6,348_circle11,348_circle0,348_circle1,348_circle8"
1087,7,1,107,2,"107_circle6,107_circle1"
990,29,2,"107,1684",2,"107_circle6,1684_circle8"
1249,15,1,107,0,
1008,8,1,107,1,107_circle6
1162,8,1,107,0,
943,12,1,107,0,
1313,34,1,107,0,
1095,24,1,107,0,
909,12,1,107,0,
1575,20,1,107,0,
1848,36,1,107,1,107_circle5
1208,3,1,107,0,
1105,4,1,107,0,
1053,8,1,107,1,107_circle4
1417,5,1,107,0,
1910,31,1,107,0,
907,13,1,107,0,
962,27,1,107,0,
937,7,1,107,0,
1264,5,1,107,0,
985,7,1,107,0,
1372,7,1,107,0,
1084,15,1,107,1,107_circle6
1385,15,1,107,1,107_circle1
1607,5,1,107,1,107_circle4
1855,6,1,107,0,
1016,9,1,107,1,107_circle4
1641,14,1,107,1,107_circle6
1896,9,1,107,1,107_circle4
1784,17,1,107,1,107_circle8
1797,5,1,107,0,
1253,3,1,107,0,
1071,3,1,107,0,
1455,5,1,107,0,
1739,14,1,107,0,
1642,28,2,"107,1684",2,"107_circle6,1684_circle8"
950,10,1,107,2,"107_circle6,107_circle1"
1854,2,1,107,0,
1063,22,1,107,0,
1002,4,1,107,0,
1055,14,1,107,1,107_circle6
1759,6,1,107,0,
1701,7,1,107,1,107_circle6
1749,13,1,107,0,
1233,2,1,107,0,
1594,16,1,107,1,107_circle6
1150,14,1,107,0,
1726,21,2,"107,1684",3,"107_circle6,1684_circle7,1684_circle8"
1711,5,1,107,0,
1755,2,1,107,0,
1651,4,1,107,0,
1713,4,1,107,0,
1354,5,1,107,0,
969,32,1,107,0,
1792,6,1,107,1,107_circle6
1486,5,1,107,0,
1387,9,1,107,1,107_circle3
1697,8,1,107,1,107_circle6
1362,3,1,107,0,
1065,2,1,107,0,
1498,6,1,107,0,
1890,6,1,107,0,
1157,5,1,107,0,
1506,8,1,107,0,
1814,10,1,107,1,107_circle7
1133,6,1,107,1,107_circle7
987,6,1,107,1,107_circle2
1295,5,1,107,0,
899,3,1,107,1,107_circle7
1442,5,1,107,1,107_circle7
649,5,2,"107,414",1,414_circle2
1731,8,1,107,0,
1034,3,1,107,1,107_circle6
1297,6,1,107,0,
945,4,1,107,0,
1266,13,1,107,0,
1510,4,1,107,0,
1094,11,1,107,0,
1057,5,1,107,1,107_circle4
1326,2,1,107,0,
1838,6,1,107,1,107_circle6
1176,2,1,107,0,
1395,2,1,107,1,107_circle7
1194,4,1,107,0,
1693,3,1,107,0,
1147,5,1,107,0,
1353,3,1,107,0,
1346,5,1,107,0,
1627,3,1,107,0,
1027,3,1,107,0,
1248,8,1,107,0,
904,3,1,107,0,
1224,2,1,107,0,
1270,2,1,107,0,
1383,4,1,107,0,
1690,2,1,107,1,107_circle2
1262,2,1,107,1,107_circle7
1558,2,1,107,1,107_circle6
1430,2,1,107,0,
436,60,2,"348,414",5,"414_circle1,348_circle11,348_circle1,414_circle0,348_circle8"
450,22,1,348,4,"348_circle0,348_circle13,348_circle11,348_circle1"
531,40,1,348,3,"348_circle13,348_circle8,348_circle1"
404,51,1,348,3,"348_circle11,348_circle1,348_circle2"
565,20,1,348,3,"348_circle13,348_circle11,348_circle1"
412,99,2,"348,414",5,"414_circle1,348_circle11,348_circle13,348_circle1,348_circle8"
471,31,1,348,4,"348_circle8,348_circle7,348_circle1,348_circle11"
461,53,2,"348,414",6,"414_circle1,348_circle11,348_circle0,348_circle1,414_circle0,348_circle8"
544,67,2,"348,414",5,"414_circle1,348_circle11,348_circle13,348_circle1,348_circle8"
465,78,2,"348,414",4,"414_circle1,348_circle12,348_circle11,348_circle1"
546,30,1,348,2,"348_circle13,348_circle1"
547,32,1,348,2,"348_circle13,348_circle1"
446,18,1,348,3,"348_circle8,348_circle11,348_circle1"
536,22,1,348,3,"348_circle11,348_circle1,348_circle2"
398,33,1,348,3,"348_circle11,348_circle1,348_circle2"
367,32,1,348,3,"348_circle13,348_circle8,348_circle1"
452,42,1,348,4,"348_circle0,348_circle13,348_circle11,348_circle1"
560,30,1,348,3,"348_circle9,348_circle11,348_circle1"
493,56,1,348,3,"348_circle11,348_circle1,348_circle2"
361,23,1,348,2,"348_circle13,348_circle1"
359,26,1,348,2,"348_circle13,348_circle1"
402,57,1,348,3,"348_circle13,348_circle11,348_circle1"
520,50,1,348,3,"348_circle8,348_circle11,348_circle1"
567,63,3,"348,414,3437",4,"414_circle1,414_circle2,348_circle11,348_circle1"
542,58,2,"348,414",4,"414_circle1,348_circle9,348_circle11,348_circle1"
510,26,1,348,3,"348_circle13,348_circle7,348_circle1"
521,15,1,348,3,"348_circle13,348_circle11,348_circle1"
559,83,2,"348,414",3,"414_circle1,348_circle11,348_circle1"
557,37,1,348,2,"348_circle13,348_circle1"
555,38,1,348,2,"348_circle13,348_circle1"
500,83,2,"348,414",6,"414_circle1,348_circle11,348_circle0,348_circle13,414_circle4,348_circle1"
469,22,1,348,2,"348_circle1,348_circle5"
516,20,1,348,2,"348_circle1,348_circle5"
378,62,2,"348,414",5,"414_circle1,348_circle7,348_circle11,348_circle1,348_circle8"
482,34,1,348,3,"348_circle13,348_circle11,348_circle1"
418,23,1,348,2,"348_circle13,348_circle1"
506,72,2,"348,414",4,"348_circle13,348_circle11,348_circle1,414_circle1"
514,64,2,"348,414",4,"348_circle13,348_circle11,348_circle1,414_circle1"
545,46,1,348,4,"348_circle13,348_circle8,348_circle11,348_circle1"
525,69,1,348,5,"348_circle11,348_circle0,348_circle1,348_circle2,348_circle8"
492,65,2,"348,414",4,"414_circle1,348_circle8,348_circle11,348_circle1"
479,37,1,348,3,"348_circle11,348_circle1,348_circle2"
373,94,2,"348,414",5,"414_circle1,348_circle11,348_circle0,348_circle1,414_circle0"
549,7,1,348,2,"348_circle11,348_circle4"
460,66,1,348,4,"348_circle13,348_circle9,348_circle11,348_circle1"
395,77,2,"348,414",4,"414_circle1,348_circle11,348_circle1,348_circle2"
370,71,2,"348,414",4,"348_circle13,348_circle11,348_circle1,414_circle1"
396,27,1,348,2,"348_circle13,348_circle1"
416,21,1,348,3,"348_circle12,348_circle11,348_circle1"
368,34,1,348,3,"348_circle11,348_circle1,348_circle2"
503,58,1,348,3,"348_circle11,348_circle1,348_circle2"
423,57,2,"348,414",3,"414_circle1,348_circle11,348_circle1"
457,20,1,348,2,"348_circle1,348_circle5"
477,12,1,348,2,"348_circle1,348_circle5"
524,64,2,"348,414",5,"414_circle1,348_circle11,348_circle0,348_circle1,414_circle0"
364,9,1,348,1,348_circle6
441,8,1,348,1,348_circle6
400,73,2,"348,414",4,"348_circle0,348_circle11,348_circle1,414_circle1"
548,32,1,348,3,"348_circle13,348_circle8,348_circle1"
515,61,2,"348,414",4,"348_circle13,348_circle11,348_circle1,414_circle1"
434,33,2,"348,414",4,"414_circle1,348_circle3,348_circle11,348_circle1"
496,40,2,"348,414",4,"348_circle13,348_circle11,348_circle1,414_circle1"
382,12,1,348,2,"348_circle13,348_circle1"
474,20,1,348,3,"348_circle13,348_circle8,348_circle1"
451,25,1,348,3,"348_circle12,348_circle11,348_circle1"
409,34,1,348,3,"348_circle11,348_circle1,348_circle2"
371,5,1,348,3,"348_circle9,348_circle11,348_circle1"
432,55,1,348,4,"348_circle13,348_circle12,348_circle11,348_circle1"
448,3,1,348,3,"348_circle9,348_circle11,348_circle1"
508,16,1,348,3,"348_circle3,348_circle11,348_circle1"
440,14,1,348,2,"348_circle1,348_circle2"
444,47,1,348,3,"348_circle13,348_circle11,348_circle1"
523,43,1,348,4,"348_circle13,348_circle8,348_circle11,348_circle1"
561,81,2,"348,414",6,"414_circle1,348_circle11,348_circle7,348_circle1,348_circle2,348_circle8"
365,6,1,348,1,348_circle11
507,65,1,348,3,"348_circle13,348_circle11,348_circle1"
397,47,1,348,4,"348_circle13,348_circle8,348_circle1,348_circle5"
439,43,1,348,3,"348_circle8,348_circle11,348_circle1"
497,83,1,348,3,"348_circle13,348_circle11,348_circle1"
513,89,2,"348,414",5,"414_circle1,348_circle7,348_circle11,348_circle0,348_circle1"
387,36,1,348,3,"348_circle0,348_circle11,348_circle1"
408,55,1,348,4,"348_circle0,348_circle11,348_circle1,348_circle2"
512,29,1,348,3,"348_circle11,348_circle1,348_circle2"
394,36,2,"348,414",3,"414_circle1,348_circle11,348_circle1"
419,57,1,348,4,"348_circle5,348_circle11,348_circle1,348_circle2"
527,46,1,348,3,"348_circle8,348_circle11,348_circle1"
443,2,1,348,0,
453,5,1,348,2,"348_circle10,348_circle1"
403,20,1,348,2,"348_circle13,348_circle1"
504,43,1,348,3,"348_circle13,348_circle7,348_circle1"
422,60,2,"348,414",2,"348_circle1,414_circle6"
413,17,1,348,3,"348_circle9,348_circle11,348_circle1"
495,23,1,348,3,"348_circle9,348_circle11,348_circle1"
553,85,2,"348,414",4,"348_circle13,348_circle11,348_circle1,414_circle1"
458,26,1,348,3,"348_circle13,348_circle11,348_circle1"
426,18,1,348,2,"348_circle7,348_circle1"
540,8,1,348,1,348_circle1
470,16,1,348,2,"348_circle13,348_circle1"
519,25,1,348,2,"348_circle13,348_circle1"
511,30,1,348,3,"348_circle11,348_circle1,348_circle2"
556,48,2,"348,414",3,"414_circle1,348_circle11,348_circle1"
558,20,2,"348,414",6,"414_circle1,414_circle2,348_circle11,348_circle13,348_circle1,348_circle4"
372,17,1,348,2,"348_circle13,348_circle1"
392,39,1,348,2,"348_circle11,348_circle1"
445,27,1,348,3,"348_circle9,348_circle11,348_circle1"
417,62,1,348,2,"348_circle11,348_circle1"
490,13,1,348,2,"348_circle8,348_circle1"
464,5,1,348,0,
552,4,1,348,0,
488,28,1,348,3,"348_circle13,348_circle11,348_circle1"
374,68,2,"348,414",4,"348_circle13,348_circle11,348_circle1,414_circle1"
476,6,1,348,2,"348_circle6,348_circle1"
533,6,1,348,3,"348_circle13,348_circle7,348_circle1"
355,39,1,348,2,"348_circle13,348_circle1"
463,43,1,348,5,"348_circle11,348_circle0,348_circle13,348_circle1,348_circle9"
388,38,1,348,4,"348_circle0,348_circle13,348_circle11,348_circle1"
438,71,2,"348,414",4,"348_circle13,348_circle11,348_circle1,414_circle1"
442,12,1,348,1,348_circle1
375,17,1,348,2,"348_circle1,348_circle2"
491,11,1,348,2,"348_circle8,348_circle1"
354,26,1,348,2,"348_circle13,348_circle1"
543,21,1,348,3,"348_circle13,348_circle7,348_circle1"
456,61,1,348,3,"348_circle11,348_circle1,348_circle2"
455,37,1,348,4,"348_circle13,348_circle8,348_circle7,348_circle1"
467,4,1,348,1,348_circle1
572,4,1,348,1,348_circle1
539,22,1,348,1,348_circle1
424,17,1,348,2,"348_circle1,348_circle5"
537,40,1,348,2,"348_circle11,348_circle1"
391,61,2,"348,414",6,"414_circle1,348_circle11,348_circle0,348_circle1,414_circle0,348_circle8"
425,19,1,348,3,"348_circle8,348_circle11,348_circle1"
360,43,1,348,3,"348_circle13,348_circle11,348_circle1"
421,25,1,348,4,"348_circle12,348_circle7,348_circle1,348_circle11"
430,38,1,348,3,"348_circle12,348_circle11,348_circle1"
427,9,2,"348,414",3,"414_circle2,348_circle11,348_circle4"
407,15,1,348,2,"348_circle7,348_circle1"
357,18,1,348,2,"348_circle1,348_circle5"
568,12,1,348,3,"348_circle13,348_circle8,348_circle1"
405,11,1,348,3,"348_circle8,348_circle7,348_circle1"
473,32,1,348,3,"348_circle9,348_circle11,348_circle1"
431,71,2,"348,414",6,"414_circle1,348_circle11,348_circle0,348_circle1,348_circle2,348_circle8"
350,21,1,348,2,"348_circle7,348_circle1"
369,26,1,348,3,"348_circle8,348_circle7,348_circle1"
466,9,1,348,1,348_circle1
429,10,1,348,1,348_circle1
551,17,1,348,2,"348_circle1,348_circle5"
381,12,1,348,2,"348_circle1,348_circle5"
410,15,1,348,2,"348_circle13,348_circle1"
486,16,1,348,2,"348_circle1,348_circle5"
459,10,1,348,2,"348_circle1,348_circle5"
487,33,1,348,2,"348_circle11,348_circle1"
569,15,1,348,3,"348_circle12,348_circle11,348_circle1"
494,23,1,348,3,"348_circle11,348_circle1,348_circle2"
481,27,1,348,2,"348_circle13,348_circle1"
502,11,1,348,2,"348_circle8,348_circle1"
570,35,1,348,4,"348_circle13,348_circle8,348_circle11,348_circle1"
362,19,1,348,3,"348_circle9,348_circle11,348_circle1"
399,8,1,348,1,348_circle6
352,23,1,348,3,"348_circle11,348_circle1,348_circle2"
489,24,1,348,2,"348_circle13,348_circle1"
501,8,1,348,1,348_circle6
564,9,1,348,1,348_circle6
454,3,1,348,1,348_circle6
351,5,1,348,1,348_circle6
435,10,1,348,2,"348_circle1,348_circle5"
437,10,1,348,1,348_circle1
528,13,1,348,2,"348_circle13,348_circle1"
518,19,1,348,2,"348_circle1,348_circle5"
380,11,1,348,2,"348_circle1,348_circle5"
390,6,1,348,3,"348_circle13,348_circle11,348_circle1"
462,19,1,348,3,"348_circle11,348_circle1,348_circle2"
532,10,1,348,1,348_circle1
498,6,1,348,1,348_circle10
509,15,1,348,2,"348_circle1,348_circle5"
554,18,1,348,2,"348_circle1,348_circle5"
449,10,1,348,4,"348_circle13,348_circle8,348_circle7,348_circle1"
541,10,1,348,3,"348_circle13,348_circle8,348_circle1"
415,26,1,348,3,"348_circle9,348_circle11,348_circle1"
571,3,1,348,1,348_circle1
480,7,2,"348,414",3,"348_circle13,348_circle1,348_circle4"
468,2,1,348,1,348_circle10
406,4,1,348,1,348_circle1
505,13,1,348,2,"348_circle1,348_circle5"
433,10,1,348,2,"348_circle7,348_circle1"
478,8,1,348,3,"348_circle3,348_circle8,348_circle1"
349,5,1,348,2,"348_circle3,348_circle1"
535,12,1,348,3,"348_circle9,348_circle11,348_circle1"
385,8,1,348,1,348_circle1
534,8,1,348,3,"348_circle3,348_circle8,348_circle1"
562,5,1,348,2,"348_circle13,348_circle1"
529,9,1,348,1,348_circle1
522,11,1,348,2,"348_circle8,348_circle1"
485,5,1,348,2,"348_circle1,348_circle5"
356,3,1,348,1,348_circle1
411,3,1,348,1,348_circle10
384,4,1,348,0,
393,7,1,348,1,348_circle6
530,4,1,348,2,"348_circle13,348_circle1"
472,5,1,348,1,348_circle1
386,3,1,348,0,
499,3,1,348,1,348_circle1
379,2,1,348,1,348_circle1
401,2,1,348,0,
377,2,1,348,1,348_circle1
383,3,1,348,1,348_circle1
650,22,1,414,1,414_circle4
647,19,1,414,1,414_circle4
614,32,1,414,1,414_circle1
591,46,1,414,1,414_circle1
636,25,1,414,1,414_circle6
630,39,1,414,1,414_circle6
597,22,1,414,2,"414_circle6,414_circle3"
619,26,1,414,1,414_circle6
664,17,1,414,1,414_circle6
666,18,1,414,1,414_circle6
665,18,1,414,1,414_circle4
583,25,1,414,1,414_circle4
633,15,1,414,1,414_circle6
680,27,1,414,1,414_circle6
604,35,1,414,2,"414_circle1,414_circle2"
683,33,1,414,1,414_circle1
609,30,1,414,1,414_circle6
632,22,1,414,1,414_circle4
579,39,1,414,2,"414_circle6,414_circle3"
643,24,1,414,1,414_circle4
681,23,1,414,1,414_circle4
577,22,1,414,1,414_circle4
578,24,1,414,1,414_circle4
663,9,1,414,1,414_circle6
676,18,1,414,1,414_circle1
635,22,1,414,1,414_circle4
671,5,1,414,0,
684,20,1,414,2,"414_circle6,414_circle3"
627,24,1,414,1,414_circle4
589,21,1,414,1,414_circle6
685,17,1,414,1,414_circle6
575,12,1,414,1,414_circle6
623,17,1,414,1,414_circle6
625,21,1,414,1,414_circle6
646,13,1,414,0,
654,33,1,414,1,414_circle6
611,16,1,414,2,"414_circle6,414_circle3"
600,24,1,414,1,414_circle4
582,21,1,414,1,414_circle4
612,15,1,414,1,414_circle6
644,25,1,414,1,414_circle6
588,14,1,414,1,414_circle6
599,23,1,414,1,414_circle4
662,24,1,414,1,414_circle4
645,29,1,414,0,
617,25,1,414,1,414_circle6
678,26,1,414,2,"414_circle5,414_circle6"
640,23,1,414,1,414_circle4
592,41,1,414,2,"414_circle6,414_circle3"
603,18,1,414,2,"414_circle6,414_circle3"
615,24,1,414,1,414_circle4
620,20,1,414,1,414_circle6
669,34,1,414,1,414_circle1
628,12,1,414,1,414_circle4
634,16,1,414,0,
590,14,1,414,2,"414_circle1,414_circle6"
618,24,1,414,1,414_circle6
587,10,1,414,0,
661,24,1,414,1,414_circle4
670,23,1,414,1,414_circle4
672,8,1,414,1,414_circle6
573,32,1,414,1,414_circle6
605,18,1,414,1,414_circle6
653,28,1,414,1,414_circle6
655,6,1,414,1,414_circle6
626,14,1,414,1,414_circle6
677,22,1,414,2,"414_circle6,414_circle3"
616,19,1,414,2,"414_circle5,414_circle6"
595,19,1,414,1,414_circle4
584,15,1,414,2,"414_circle5,414_circle6"
598,16,1,414,1,414_circle6
658,24,1,414,1,414_circle4
675,23,1,414,1,414_circle4
576,14,1,414,1,414_circle4
594,8,2,"414,3980",2,"414_circle2,3980_circle6"
622,13,1,414,1,414_circle6
659,24,1,414,1,414_circle4
631,11,1,414,2,"414_circle5,414_circle6"
586,7,1,414,0,
682,13,1,414,2,"414_circle5,414_circle6"
656,3,1,414,0,
610,5,1,414,0,
593,5,1,414,0,
639,11,1,414,2,"414_circle5,414_circle6"
657,7,1,414,1,414_circle6
621,7,1,414,1,414_circle6
673,4,1,414,0,
652,4,1,414,0,
574,11,1,414,1,414_circle6
660,3,1,414,1,414_circle5
648,2,1,414,0,
679,7,1,414,2,"414_circle5,414_circle6"
667,3,1,414,1,414_circle2
642,2,1,414,0,
581,2,1,414,0,
827,45,1,686,6,"686_circle0,686_circle13,686_circle9,686_circle4,686_circle8,686_circle12"
819,37,2,"686,698",3,"686_circle2,686_circle4,686_circle0"
830,55,2,"686,698",4,"698_circle0,686_circle4,686_circle0,686_circle9"
826,11,1,686,2,"686_circle12,686_circle9"
828,79,2,"686,698",7,"686_circle5,686_circle0,686_circle13,686_circle9,686_circle4,698_circle0,698_circle2"
752,38,1,686,3,"686_circle8,686_circle4,686_circle9"
756,10,1,686,1,686_circle9
694,54,1,686,3,"686_circle4,686_circle13,686_circle9"
728,38,1,686,4,"686_circle4,686_circle0,686_circle13,686_circle12"
821,9,1,686,3,"686_circle4,686_circle13,686_circle12"
701,21,1,686,2,"686_circle4,686_circle9"
724,47,1,686,2,"686_circle4,686_circle9"
708,29,2,"686,698",9,"686_circle0,686_circle13,686_circle9,698_circle2,686_circle4,686_circle8,698_circle0,686_circle6,686_circle12"
842,37,1,686,1,686_circle9
719,64,2,"686,698",6,"686_circle0,686_circle13,686_circle9,686_circle4,698_circle0,686_circle12"
713,71,2,"686,698",3,"698_circle0,686_circle4,686_circle9"
764,28,1,686,4,"686_circle4,686_circle0,686_circle6,686_circle9"
783,18,1,686,5,"686_circle13,686_circle0,686_circle4,686_circle6,686_circle12"
831,15,1,686,1,686_circle0
820,38,1,686,3,"686_circle4,686_circle0,686_circle12"
829,34,1,686,1,686_circle9
696,31,1,686,2,"686_circle4,686_circle9"
697,52,2,"686,698",9,"698_circle9,686_circle0,686_circle13,686_circle9,686_circle4,686_circle8,698_circle0,686_circle6,698_circle2"
849,30,1,686,4,"686_circle4,686_circle0,686_circle12,686_circle9"
840,27,2,"686,698",4,"698_circle0,686_circle4,686_circle0,698_circle2"
803,20,2,"686,698",4,"698_circle0,686_circle4,686_circle0,686_circle12"
774,37,2,"686,698",8,"686_circle0,686_circle9,698_circle4,686_circle4,686_circle8,698_circle0,686_circle6,698_circle2"
810,32,2,"686,698",5,"686_circle9,686_circle2,686_circle4,698_circle10,698_circle2"
710,8,1,686,1,686_circle3
823,56,2,"686,698",8,"686_circle0,686_circle13,686_circle2,686_circle4,686_circle8,698_circle0,686_circle6,698_circle2"
835,20,1,686,4,"686_circle4,686_circle0,686_circle13,686_circle9"
779,18,1,686,3,"686_circle4,686_circle0,686_circle13"
747,57,2,"686,698",8,"686_circle0,686_circle13,686_circle1,686_circle4,698_circle11,686_circle8,698_circle0,686_circle12"
739,29,1,686,5,"686_circle0,686_circle4,686_circle8,686_circle12,686_circle7"
787,29,1,686,4,"686_circle4,686_circle0,686_circle13,686_circle12"
748,19,1,686,1,686_circle0
722,14,1,686,3,"686_circle1,686_circle2,686_circle9"
688,45,1,686,2,"686_circle4,686_circle9"
844,14,1,686,1,686_circle4
698,63,3,"686,698,3437",10,"686_circle5,686_circle0,686_circle13,686_circle9,686_circle1,686_circle2,686_circle4,686_circle8,686_circle6,686_circle12"
768,14,1,686,2,"686_circle1,686_circle9"
733,8,1,686,3,"686_circle1,686_circle2,686_circle9"
853,44,1,686,2,"686_circle4,686_circle9"
789,13,1,686,5,"686_circle13,686_circle9,686_circle1,686_circle2,686_circle6"
702,8,1,686,4,"686_circle2,686_circle13,686_circle11,686_circle9"
755,19,1,686,5,"686_circle0,686_circle13,686_circle9,686_circle4,686_circle12"
809,18,1,686,6,"686_circle0,686_circle13,686_circle4,686_circle8,686_circle6,686_circle12"
834,43,1,686,1,686_circle4
732,14,1,686,2,"686_circle2,686_circle9"
715,10,1,686,1,686_circle3
805,66,2,"686,698",7,"686_circle0,686_circle13,686_circle9,686_circle4,686_circle6,698_circle2,686_circle11"
761,8,1,686,1,686_circle3
703,43,2,"686,698",2,"686_circle4,686_circle0"
792,23,1,686,3,"686_circle4,686_circle0,686_circle9"
818,16,1,686,4,"686_circle2,686_circle6,686_circle11,686_circle9"
769,15,2,"686,698",3,"686_circle0,686_circle3,686_circle9"
707,10,1,686,2,"686_circle2,686_circle9"
767,8,1,686,2,"686_circle2,686_circle9"
759,10,1,686,2,"686_circle0,686_circle7"
705,69,1,686,8,"686_circle5,686_circle0,686_circle13,686_circle4,686_circle8,686_circle6,686_circle12,686_circle11"
766,35,1,686,2,"686_circle4,686_circle9"
718,30,1,686,2,"686_circle4,686_circle0"
797,26,1,686,3,"686_circle4,686_circle0,686_circle12"
798,7,2,"686,698",8,"686_circle5,686_circle0,686_circle13,686_circle10,686_circle9,686_circle4,686_circle8,686_circle12"
856,39,2,"686,698",10,"686_circle0,686_circle13,698_circle4,686_circle2,686_circle4,698_circle3,686_circle8,698_circle0,698_circle1,698_circle2"
687,28,1,686,2,"686_circle4,686_circle0"
745,57,2,"686,698",7,"686_circle13,686_circle0,698_circle2,686_circle4,698_circle0,686_circle6,686_circle12"
778,16,1,686,1,686_circle4
848,21,1,686,1,686_circle9
814,26,1,686,5,"686_circle0,686_circle13,686_circle9,686_circle4,686_circle12"
726,36,1,686,2,"686_circle4,686_circle9"
811,9,2,"686,698",3,"686_circle8,686_circle6,686_circle3"
736,14,1,686,2,"686_circle1,686_circle9"
847,27,1,686,2,"686_circle4,686_circle9"
746,9,1,686,3,"686_circle1,686_circle2,686_circle9"
742,12,1,686,2,"686_circle1,686_circle9"
717,4,1,686,3,"686_circle0,686_circle13,686_circle10"
852,4,1,686,3,"686_circle0,686_circle13,686_circle10"
720,18,1,686,3,"686_circle4,686_circle0,686_circle12"
734,23,1,686,1,686_circle9
723,12,1,686,1,686_circle9
838,22,1,686,3,"686_circle4,686_circle0,686_circle13"
754,30,1,686,2,"686_circle4,686_circle0"
816,9,1,686,2,"686_circle1,686_circle9"
833,15,1,686,3,"686_circle1,686_circle2,686_circle9"
727,26,1,686,1,686_circle9
824,58,1,686,4,"686_circle4,686_circle0,686_circle13,686_circle9"
737,16,1,686,4,"686_circle4,686_circle0,686_circle13,686_circle12"
822,15,1,686,4,"686_circle2,686_circle13,686_circle11,686_circle9"
791,7,1,686,4,"686_circle2,686_circle13,686_circle11,686_circle9"
845,23,1,686,2,"686_circle4,686_circle9"
800,37,2,"686,698",5,"686_circle13,686_circle9,686_circle4,686_circle6,698_circle2"
837,13,1,686,3,"686_circle4,686_circle0,686_circle13"
794,14,1,686,1,686_circle9
806,15,1,686,4,"686_circle1,686_circle2,686_circle11,686_circle9"
706,18,1,686,2,"686_circle8,686_circle4"
731,26,1,686,2,"686_circle4,686_circle9"
807,20,1,686,2,"686_circle4,686_circle0"
784,40,1,686,1,686_circle9
780,34,1,686,4,"686_circle4,686_circle0,686_circle13,686_circle9"
781,52,1,686,6,"686_circle0,686_circle13,686_circle9,686_circle4,686_circle6,686_circle12"
793,20,1,686,3,"686_circle4,686_circle0,686_circle12"
758,20,1,686,5,"686_circle0,686_circle13,686_circle4,686_circle8,686_circle12"
843,13,1,686,3,"686_circle4,686_circle0,686_circle13"
815,39,1,686,6,"686_circle0,686_circle13,686_circle9,686_circle4,686_circle8,686_circle7"
741,17,1,686,3,"686_circle4,686_circle0,686_circle12"
695,41,1,686,2,"686_circle4,686_circle9"
795,18,1,686,1,686_circle9
751,12,1,686,1,686_circle9
812,8,1,686,3,"686_circle4,686_circle0,686_circle13"
735,5,1,686,1,686_circle3
693,14,1,686,1,686_circle4
777,18,1,686,2,"686_circle4,686_circle9"
770,27,1,686,5,"686_circle0,686_circle9,686_circle4,686_circle8,686_circle12"
743,3,1,686,2,"686_circle1,686_circle9"
782,13,1,686,4,"686_circle1,686_circle2,686_circle0,686_circle9"
757,4,1,686,2,"686_circle1,686_circle8"
775,2,1,686,3,"686_circle8,686_circle0,686_circle7"
790,4,1,686,5,"686_circle0,686_circle13,686_circle4,686_circle8,686_circle12"
799,12,1,686,2,"686_circle12,686_circle9"
730,15,1,686,3,"686_circle4,686_circle0,686_circle12"
760,30,1,686,2,"686_circle4,686_circle9"
725,8,1,686,3,"686_circle2,686_circle11,686_circle9"
776,9,2,"686,698",3,"686_circle2,698_circle6,698_circle8"
738,25,1,686,1,686_circle9
753,13,2,"686,698",3,"698_circle1,686_circle3,686_circle9"
721,5,1,686,2,"686_circle6,686_circle9"
796,7,1,686,3,"686_circle2,686_circle3,686_circle9"
839,15,1,686,3,"686_circle2,686_circle11,686_circle9"
813,10,1,686,2,"686_circle1,686_circle9"
772,18,2,"686,698",4,"686_circle4,686_circle13,698_circle2,686_circle9"
716,12,1,686,5,"686_circle0,686_circle13,686_circle9,686_circle4,686_circle12"
690,9,1,686,1,686_circle9
712,13,1,686,2,"686_circle2,686_circle9"
773,36,1,686,1,686_circle4
771,15,1,686,4,"686_circle1,686_circle2,686_circle11,686_circle9"
836,12,1,686,5,"686_circle0,686_circle13,686_circle4,686_circle8,686_circle12"
786,9,1,686,3,"686_circle1,686_circle2,686_circle9"
729,13,2,"686,698",4,"698_circle1,698_circle3,686_circle3,686_circle9"
855,4,1,686,2,"686_circle13,686_circle10"
711,20,1,686,1,686_circle9
763,14,1,686,2,"686_circle0,686_circle12"
804,16,2,"686,698",3,"698_circle3,686_circle0,698_circle1"
846,6,1,686,2,"686_circle9,686_circle7"
817,24,1,686,3,"686_circle4,686_circle0,686_circle9"
765,14,1,686,1,686_circle0
808,9,1,686,4,"686_circle4,686_circle0,686_circle13,686_circle12"
762,13,1,686,2,"686_circle3,686_circle9"
700,7,1,686,1,686_circle0
699,2,1,686,2,"686_circle2,686_circle9"
788,4,1,686,2,"686_circle2,686_circle9"
832,4,1,686,2,"686_circle0,686_circle12"
704,5,1,686,2,"686_circle8,686_circle9"
740,8,1,686,1,686_circle8
749,2,1,686,3,"686_circle8,686_circle13,686_circle7"
802,5,1,686,3,"686_circle2,686_circle11,686_circle9"
854,3,1,686,2,"686_circle1,686_circle9"
714,14,1,686,3,"686_circle2,686_circle11,686_circle9"
689,8,1,686,2,"686_circle2,686_circle9"
850,10,1,686,4,"686_circle1,686_circle3,686_circle11,686_circle9"
709,17,1,686,3,"686_circle4,686_circle0,686_circle13"
841,2,1,686,4,"686_circle8,686_circle0,686_circle12,686_circle7"
691,6,1,686,3,"686_circle1,686_circle11,686_circle9"
825,6,2,"686,698",2,"686_circle3,698_circle1"
851,4,1,686,1,686_circle5
785,3,1,686,2,"686_circle9,686_circle7"
744,2,1,686,2,"686_circle9,686_circle7"
750,2,1,686,1,686_circle8
686,168,1,686,0,
881,7,1,698,1,698_circle5
858,5,1,698,1,698_circle5
884,4,1,698,1,698_circle1
864,5,1,698,1,698_circle1
869,7,1,698,0,
889,13,1,698,3,"698_circle3,698_circle7,698_circle1"
872,7,1,698,1,698_circle8
873,6,1,698,1,698_circle8
861,10,1,698,0,
863,11,1,698,2,"698_circle3,698_circle1"
865,4,1,698,1,698_circle10
857,12,2,"698,3437",1,698_circle6
874,7,1,698,1,698_circle8
885,9,1,698,1,698_circle8
870,7,1,698,1,698_circle5
871,7,1,698,2,"698_circle10,698_circle5"
888,9,1,698,2,"698_circle3,698_circle1"
859,2,1,698,0,
876,11,1,698,3,"698_circle3,698_circle7,698_circle1"
887,6,1,698,1,698_circle8
895,6,1,698,1,698_circle5
890,7,1,698,0,
879,6,1,698,1,698_circle5
886,8,1,698,2,"698_circle3,698_circle1"
893,4,1,698,1,698_circle1
867,8,1,698,1,698_circle8
868,4,1,698,1,698_circle10
878,10,1,698,2,"698_circle3,698_circle1"
877,4,1,698,1,698_circle8
882,8,1,698,2,"698_circle3,698_circle1"
894,4,1,698,0,
866,5,1,698,1,698_circle5
880,8,1,698,1,698_circle2
862,24,2,"698,3437",2,"698_circle6,698_circle10"
2849,81,1,1684,1,1684_circle2
3021,50,1,1684,1,1684_circle2
2694,93,1,1684,2,"1684_circle14,1684_circle3"
3096,76,1,1684,1,1684_circle14
2818,16,1,1684,1,1684_circle8
2725,8,1,1684,0,
2951,102,1,1684,1,1684_circle0
3285,27,1,1684,1,1684_circle0
3082,116,1,1684,1,1684_circle2
2832,30,1,1684,1,1684_circle14
2960,92,1,1684,1,1684_circle14
2800,82,1,1684,1,1684_circle14
2929,48,1,1684,1,1684_circle14
3029,52,1,1684,1,1684_circle14
2909,77,1,1684,1,1684_circle14
2880,66,1,1684,1,1684_circle14
2754,122,1,1684,1,1684_circle14
2872,76,1,1684,1,1684_circle14
3232,105,1,1684,1,1684_circle14
3184,61,1,1684,1,1684_circle14
2948,21,1,1684,1,1684_circle14
3277,71,1,1684,1,1684_circle2
3297,63,1,1684,1,1684_circle2
2925,79,1,1684,1,1684_circle14
3397,115,1,1684,1,1684_circle2
2939,69,1,1684,1,1684_circle2
3185,80,1,1684,1,1684_circle2
3115,61,1,1684,1,1684_circle2
2927,92,1,1684,1,1684_circle14
3426,113,1,1684,1,1684_circle14
3333,7,1,1684,1,1684_circle14
3394,31,1,1684,1,1684_circle14
3087,51,1,1684,1,1684_circle7
3236,21,1,1684,1,1684_circle7
3327,50,1,1684,1,1684_circle5
2675,38,1,1684,1,1684_circle7
2863,104,1,1684,1,1684_circle2
3296,41,1,1684,1,1684_circle2
3293,60,1,1684,1,1684_circle14
3384,49,1,1684,1,1684_circle14
3005,43,1,1684,1,1684_circle2
3039,22,1,1684,1,1684_circle2
3428,8,1,1684,1,1684_circle14
3139,21,1,1684,1,1684_circle14
3198,86,1,1684,1,1684_circle2
3417,89,1,1684,1,1684_circle14
2944,106,1,1684,1,1684_circle14
2738,83,1,1684,1,1684_circle14
3399,37,1,1684,1,1684_circle14
2777,83,1,1684,1,1684_circle14
2894,61,1,1684,1,1684_circle2
3320,113,1,1684,1,1684_circle2
2793,99,1,1684,1,1684_circle2
2787,49,1,1684,1,1684_circle3
3377,31,1,1684,1,1684_circle2
2778,95,1,1684,1,1684_circle2
3101,122,1,1684,1,1684_circle2
3214,63,1,1684,1,1684_circle5
3090,108,1,1684,1,1684_circle14
2729,63,1,1684,1,1684_circle14
3085,52,1,1684,1,1684_circle14
2966,107,1,1684,1,1684_circle14
3033,88,1,1684,1,1684_circle14
2919,70,1,1684,1,1684_circle14
2893,8,1,1684,1,1684_circle5
2771,14,1,1684,1,1684_circle5
2749,53,1,1684,1,1684_circle14
2986,100,1,1684,1,1684_circle14
2829,28,1,1684,1,1684_circle0
2711,31,1,1684,1,1684_circle0
2755,89,1,1684,1,1684_circle14
3149,66,1,1684,0,
2887,40,1,1684,1,1684_circle14
3247,66,1,1684,1,1684_circle2
3347,76,1,1684,1,1684_circle2
3065,53,1,1684,1,1684_circle14
3286,23,1,1684,1,1684_circle14
3419,63,1,1684,1,1684_circle2
3319,26,1,1684,1,1684_circle8
3046,37,1,1684,1,1684_circle2
2773,57,1,1684,1,1684_circle14
2666,61,1,1684,1,1684_circle14
2706,67,1,1684,1,1684_circle14
2940,64,1,1684,1,1684_circle14
2852,11,1,1684,1,1684_circle14
3226,79,1,1684,1,1684_circle14
3316,39,1,1684,1,1684_circle2
3050,16,1,1684,1,1684_circle7
2667,20,1,1684,1,1684_circle8
3117,63,1,1684,1,1684_circle14
3173,18,1,1684,1,1684_circle10
2913,75,1,1684,1,1684_circle14
2676,83,1,1684,1,1684_circle14
2878,11,1,1684,1,1684_circle7
3249,14,1,1684,1,1684_circle7
2897,54,1,1684,1,1684_circle14
3119,69,1,1684,1,1684_circle14
3204,47,1,1684,1,1684_circle2
3351,84,1,1684,1,1684_circle2
2801,10,1,1684,1,1684_circle7
3256,63,1,1684,1,1684_circle7
3191,40,1,1684,1,1684_circle0
3203,31,1,1684,1,1684_circle0
2846,27,1,1684,1,1684_circle2
3321,69,1,1684,1,1684_circle2
3124,30,1,1684,1,1684_circle7
2803,22,1,1684,1,1684_circle8
3280,107,1,1684,1,1684_circle2
3132,84,1,1684,1,1684_circle2
3207,41,1,1684,1,1684_circle0
3042,20,1,1684,1,1684_circle14
2963,4,1,1684,1,1684_circle14
2987,27,1,1684,1,1684_circle14
2946,59,1,1684,1,1684_circle14
3335,65,1,1684,1,1684_circle8
2697,16,1,1684,1,1684_circle0
3292,12,1,1684,1,1684_circle8
3026,96,1,1684,1,1684_circle14
2786,102,1,1684,1,1684_circle14
3170,25,1,1684,1,1684_circle2
2875,52,1,1684,1,1684_circle2
3047,50,1,1684,1,1684_circle14
3108,63,1,1684,1,1684_circle14
2750,85,1,1684,1,1684_circle14
2908,27,1,1684,1,1684_circle14
3412,45,1,1684,1,1684_circle0
3056,78,1,1684,1,1684_circle14
3025,54,1,1684,1,1684_circle14
2679,93,1,1684,1,1684_circle14
2756,45,1,1684,1,1684_circle14
3098,65,1,1684,1,1684_circle14
2906,92,1,1684,1,1684_circle14
3120,71,1,1684,1,1684_circle2
2916,87,1,1684,1,1684_circle14
2680,53,1,1684,1,1684_circle14
2742,116,1,1684,1,1684_circle2
3350,82,1,1684,1,1684_circle2
2716,95,1,1684,1,1684_circle2
3051,101,1,1684,1,1684_circle2
3240,66,1,1684,1,1684_circle2
3331,36,1,1684,1,1684_circle8
2905,74,1,1684,1,1684_circle14
3145,69,1,1684,1,1684_circle2
3045,8,1,1684,1,1684_circle14
2789,19,1,1684,1,1684_circle14
3182,68,1,1684,1,1684_circle2
3434,107,1,1684,1,1684_circle2
3420,23,1,1684,1,1684_circle0
2730,89,1,1684,1,1684_circle7
3106,62,1,1684,1,1684_circle2
3307,19,1,1684,1,1684_circle7
2847,12,1,1684,1,1684_circle8
3396,76,1,1684,1,1684_circle2
2936,60,1,1684,1,1684_circle2
3361,14,1,1684,1,1684_circle8
2764,25,1,1684,1,1684_circle8
3018,30,1,1684,1,1684_circle0
3248,31,1,1684,1,1684_circle5
2856,18,1,1684,1,1684_circle8
3156,13,1,1684,1,1684_circle7
2843,29,1,1684,1,1684_circle7
2945,54,1,1684,1,1684_circle14
3257,42,1,1684,1,1684_circle14
3263,58,1,1684,1,1684_circle8
3057,17,1,1684,1,1684_circle8
2888,15,1,1684,1,1684_circle14
3287,48,1,1684,1,1684_circle2
2840,33,1,1684,1,1684_circle2
2731,29,1,1684,1,1684_circle14
2821,13,1,1684,1,1684_circle14
2985,60,1,1684,1,1684_circle14
2698,69,1,1684,1,1684_circle14
3360,74,1,1684,1,1684_circle2
2989,58,1,1684,1,1684_circle2
2683,78,1,1684,1,1684_circle14
3301,40,1,1684,1,1684_circle14
2907,32,1,1684,1,1684_circle14
2928,86,1,1684,1,1684_circle14
3385,53,1,1684,1,1684_circle7
2795,24,1,1684,1,1684_circle7
3239,62,1,1684,1,1684_circle2
2661,99,1,1684,1,1684_circle2
2910,83,1,1684,1,1684_circle14
3233,63,1,1684,1,1684_circle0
3244,14,1,1684,1,1684_circle0
3391,53,1,1684,1,1684_circle2
3049,76,1,1684,1,1684_circle2
3392,17,1,1684,1,1684_circle14
3193,27,1,1684,1,1684_circle14
3054,83,1,1684,1,1684_circle14
2690,31,1,1684,1,1684_circle8
2844,29,1,1684,1,1684_circle7
3252,86,1,1684,1,1684_circle2
3355,54,1,1684,1,1684_circle2
2718,37,1,1684,1,1684_circle7
3136,62,1,1684,1,1684_circle7
3152,85,1,1684,1,1684_circle2
3366,62,1,1684,1,1684_circle0
3346,35,1,1684,1,1684_circle0
2904,72,1,1684,1,1684_circle2
3150,89,1,1684,1,1684_circle2
3102,49,1,1684,1,1684_circle2
3169,61,1,1684,1,1684_circle2
3178,25,1,1684,1,1684_circle8
3208,15,1,1684,0,
3267,72,1,1684,1,1684_circle2
3116,103,1,1684,1,1684_circle2
3386,52,1,1684,1,1684_circle2
2665,50,1,1684,1,1684_circle7
3332,62,1,1684,1,1684_circle2
3243,27,1,1684,1,1684_circle14
2886,10,1,1684,1,1684_circle15
2999,30,1,1684,1,1684_circle8
2708,34,1,1684,1,1684_circle2
3016,29,1,1684,1,1684_circle2
3342,68,1,1684,1,1684_circle8
3022,80,1,1684,1,1684_circle14
3306,22,1,1684,1,1684_circle2
3298,45,1,1684,1,1684_circle2
3411,62,1,1684,1,1684_circle2
2833,82,1,1684,1,1684_circle2
2994,65,1,1684,1,1684_circle14
3416,53,1,1684,1,1684_circle2
3064,64,1,1684,1,1684_circle14
2689,67,1,1684,1,1684_circle14
3104,83,1,1684,1,1684_circle14
3364,49,1,1684,1,1684_circle14
3302,67,1,1684,1,1684_circle8
3291,119,1,1684,1,1684_circle2
2783,33,1,1684,1,1684_circle2
2734,26,1,1684,1,1684_circle8
2828,78,1,1684,1,1684_circle2
3353,62,1,1684,1,1684_circle2
3035,90,1,1684,1,1684_circle2
3043,17,1,1684,1,1684_circle7
2871,42,1,1684,1,1684_circle7
2739,31,1,1684,1,1684_circle0
3324,87,1,1684,1,1684_circle14
3339,73,1,1684,1,1684_circle14
3345,65,1,1684,1,1684_circle2
3299,60,1,1684,1,1684_circle2
2757,83,1,1684,1,1684_circle14
3288,48,1,1684,1,1684_circle2
3234,33,1,1684,1,1684_circle14
2992,72,1,1684,1,1684_circle2
2854,36,1,1684,1,1684_circle14
2724,70,1,1684,1,1684_circle0
3425,10,1,1684,1,1684_circle4
3402,15,1,1684,1,1684_circle4
2920,74,1,1684,1,1684_circle14
3095,15,1,1684,1,1684_circle14
2877,104,1,1684,1,1684_circle14
3060,78,1,1684,1,1684_circle2
2782,98,1,1684,1,1684_circle14
3000,91,1,1684,1,1684_circle14
3174,74,1,1684,1,1684_circle14
3094,7,1,1684,1,1684_circle4
2765,47,1,1684,1,1684_circle2
2869,70,1,1684,1,1684_circle2
2991,61,1,1684,1,1684_circle2
3078,99,1,1684,1,1684_circle14
2717,54,1,1684,1,1684_circle1
3225,28,1,1684,1,1684_circle2
3024,14,1,1684,1,1684_circle8
3231,28,1,1684,1,1684_circle14
2943,82,1,1684,1,1684_circle14
3009,19,1,1684,1,1684_circle8
2901,77,1,1684,1,1684_circle2
3107,51,1,1684,1,1684_circle7
3343,14,1,1684,1,1684_circle8
3253,51,1,1684,1,1684_circle7
3086,37,1,1684,1,1684_circle0
2688,11,1,1684,1,1684_circle8
3068,16,1,1684,1,1684_circle0
3415,29,1,1684,1,1684_circle0
3406,70,1,1684,1,1684_circle2
2794,19,1,1684,1,1684_circle14
3073,62,1,1684,1,1684_circle14
3374,16,1,1684,1,1684_circle8
2964,18,1,1684,1,1684_circle4
2715,32,1,1684,1,1684_circle7
2865,39,1,1684,1,1684_circle7
2748,75,1,1684,1,1684_circle2
3215,25,1,1684,1,1684_circle8
2978,25,1,1684,1,1684_circle14
3430,21,1,1684,1,1684_circle14
3077,55,1,1684,1,1684_circle0
2968,13,1,1684,1,1684_circle8
3167,17,1,1684,1,1684_circle7
3040,51,1,1684,1,1684_circle14
2918,20,1,1684,1,1684_circle7
2890,88,1,1684,1,1684_circle14
2892,29,1,1684,1,1684_circle0
3074,6,1,1684,1,1684_circle16
3127,6,1,1684,1,1684_circle16
3289,19,1,1684,0,
2955,44,1,1684,1,1684_circle7
2813,27,1,1684,1,1684_circle8
2827,75,1,1684,1,1684_circle14
3118,44,1,1684,1,1684_circle0
3019,70,1,1684,1,1684_circle0
3380,21,1,1684,1,1684_circle7
2780,59,1,1684,3,"1684_circle8,1684_circle7,1684_circle2"
3262,24,1,1684,1,1684_circle2
2772,34,1,1684,1,1684_circle7
2835,44,1,1684,1,1684_circle14
2763,63,1,1684,1,1684_circle14
2662,37,1,1684,1,1684_circle0
3206,51,1,1684,1,1684_circle2
3176,27,1,1684,1,1684_circle0
3201,92,1,1684,1,1684_circle2
3114,46,1,1684,1,1684_circle14
2726,17,1,1684,1,1684_circle14
2953,34,1,1684,1,1684_circle14
3330,93,1,1684,1,1684_circle8
3137,49,1,1684,1,1684_circle14
3328,18,1,1684,2,"1684_circle12,1684_circle4"
3144,16,1,1684,1,1684_circle7
3369,43,1,1684,1,1684_circle7
3079,39,1,1684,1,1684_circle2
2719,100,1,1684,1,1684_circle2
3403,52,1,1684,1,1684_circle2
3044,6,1,1684,1,1684_circle14
3273,26,1,1684,1,1684_circle0
2728,38,1,1684,1,1684_circle0
2864,75,1,1684,1,1684_circle14
3387,97,1,1684,1,1684_circle14
3237,28,1,1684,1,1684_circle14
3014,43,1,1684,1,1684_circle14
3219,39,1,1684,1,1684_circle7
3076,86,1,1684,1,1684_circle2
2720,49,1,1684,1,1684_circle2
3344,76,1,1684,1,1684_circle2
3348,84,1,1684,1,1684_circle14
2741,57,1,1684,1,1684_circle14
2839,137,1,1684,1,1684_circle14
2810,58,1,1684,1,1684_circle14
2911,69,1,1684,1,1684_circle14
3414,18,1,1684,1,1684_circle14
3259,31,1,1684,0,
3189,19,1,1684,1,1684_circle7
2745,33,1,1684,1,1684_circle14
2853,62,1,1684,1,1684_circle14
3158,52,1,1684,1,1684_circle14
3123,33,1,1684,1,1684_circle14
3295,46,1,1684,1,1684_circle0
3001,35,1,1684,1,1684_circle0
3075,23,1,1684,1,1684_circle7
2921,40,1,1684,1,1684_circle7
2820,15,1,1684,1,1684_circle0
2896,50,1,1684,1,1684_circle14
2988,63,1,1684,1,1684_circle14
2873,73,1,1684,1,1684_circle14
2702,24,1,1684,1,1684_circle7
2874,47,1,1684,1,1684_circle14
3013,24,1,1684,1,1684_circle2
2687,21,1,1684,1,1684_circle2
3099,10,1,1684,1,1684_circle8
3242,15,1,1684,1,1684_circle8
3138,19,1,1684,1,1684_circle8
3162,57,1,1684,1,1684_circle0
2923,16,1,1684,1,1684_circle8
2677,15,1,1684,1,1684_circle8
3379,25,1,1684,1,1684_circle0
2759,22,1,1684,1,1684_circle14
3278,19,1,1684,1,1684_circle8
2851,22,1,1684,1,1684_circle14
2938,20,1,1684,0,
3113,68,1,1684,1,1684_circle2
3378,60,1,1684,1,1684_circle2
2866,78,1,1684,1,1684_circle10
2760,11,1,1684,1,1684_circle8
2790,9,1,1684,1,1684_circle8
2867,80,1,1684,1,1684_circle14
2834,9,1,1684,1,1684_circle11
3423,16,1,1684,1,1684_circle11
2891,22,1,1684,1,1684_circle14
2870,22,1,1684,1,1684_circle0
3246,14,1,1684,1,1684_circle0
2912,61,1,1684,1,1684_circle14
2956,96,1,1684,1,1684_circle14
3241,19,1,1684,1,1684_circle0
3363,131,1,1684,1,1684_circle14
3315,14,1,1684,1,1684_circle14
3017,70,1,1684,1,1684_circle2
3172,72,1,1684,1,1684_circle2
3112,12,1,1684,1,1684_circle2
2883,15,1,1684,1,1684_circle8
2669,97,1,1684,1,1684_circle14
2831,18,1,1684,1,1684_circle7
3326,16,1,1684,1,1684_circle7
2781,66,1,1684,1,1684_circle5
3129,35,1,1684,1,1684_circle14
3362,75,1,1684,1,1684_circle14
3223,23,1,1684,1,1684_circle0
2996,39,1,1684,1,1684_circle7
3341,31,1,1684,0,
2997,14,1,1684,1,1684_circle6
2933,14,1,1684,1,1684_circle6
2973,73,1,1684,1,1684_circle2
3212,35,1,1684,1,1684_circle2
2950,48,1,1684,1,1684_circle7
3111,52,1,1684,1,1684_circle2
3218,9,1,1684,1,1684_circle9
3053,10,1,1684,1,1684_circle9
2758,46,1,1684,1,1684_circle7
2672,37,1,1684,1,1684_circle2
3261,54,1,1684,1,1684_circle2
3318,20,1,1684,1,1684_circle11
2700,15,1,1684,1,1684_circle8
3100,34,1,1684,1,1684_circle0
2815,57,1,1684,1,1684_circle14
3266,8,1,1684,1,1684_circle13
3398,8,1,1684,1,1684_circle13
3435,49,1,1684,1,1684_circle14
3222,15,1,1684,1,1684_circle8
2751,35,1,1684,1,1684_circle7
3192,16,1,1684,1,1684_circle2
3422,40,1,1684,1,1684_circle2
3069,16,1,1684,1,1684_circle0
3258,47,1,1684,1,1684_circle8
2937,63,1,1684,1,1684_circle2
2733,24,1,1684,1,1684_circle2
2696,19,1,1684,1,1684_circle0
2830,22,1,1684,1,1684_circle0
3154,91,1,1684,1,1684_circle0
2753,52,1,1684,1,1684_circle2
2796,60,1,1684,1,1684_circle2
2931,53,1,1684,1,1684_circle14
2682,16,1,1684,1,1684_circle0
3313,32,1,1684,1,1684_circle2
3227,5,1,1684,1,1684_circle14
2674,70,1,1684,1,1684_circle2
3032,22,1,1684,1,1684_circle7
3352,13,1,1684,1,1684_circle2
3188,51,1,1684,1,1684_circle2
3337,24,1,1684,1,1684_circle7
3356,20,1,1684,1,1684_circle0
3166,38,1,1684,1,1684_circle14
3312,17,1,1684,1,1684_circle7
3160,30,1,1684,1,1684_circle7
2993,56,1,1684,1,1684_circle14
2806,50,1,1684,1,1684_circle14
3213,36,1,1684,1,1684_circle14
2770,41,1,1684,1,1684_circle2
2848,21,1,1684,1,1684_circle8
3004,53,1,1684,1,1684_circle14
3300,18,1,1684,1,1684_circle14
3059,5,1,1684,1,1684_circle14
2969,71,1,1684,1,1684_circle14
3135,35,1,1684,1,1684_circle14
3146,61,1,1684,1,1684_circle2
2862,71,1,1684,1,1684_circle14
3070,62,1,1684,1,1684_circle2
2915,91,1,1684,1,1684_circle10
3180,8,1,1684,1,1684_circle9
2732,8,1,1684,1,1684_circle9
3365,46,1,1684,1,1684_circle7
3400,35,1,1684,1,1684_circle14
2819,24,1,1684,1,1684_circle8
3309,18,1,1684,1,1684_circle11
2879,16,1,1684,1,1684_circle11
3418,10,1,1684,1,1684_circle7
2967,22,1,1684,1,1684_circle14
3092,11,1,1684,1,1684_circle14
2673,29,1,1684,1,1684_circle14
2785,44,1,1684,1,1684_circle2
3027,66,1,1684,1,1684_circle7
3171,19,1,1684,1,1684_circle7
2841,31,1,1684,1,1684_circle5
2962,19,1,1684,1,1684_circle0
2934,20,1,1684,1,1684_circle0
3023,35,1,1684,1,1684_circle14
3433,65,1,1684,1,1684_circle14
3195,72,1,1684,1,1684_circle14
2816,11,1,1684,1,1684_circle7
3220,54,1,1684,1,1684_circle14
2974,59,1,1684,1,1684_circle14
3228,36,1,1684,1,1684_circle14
2735,19,1,1684,1,1684_circle8
2709,12,1,1684,0,
3002,72,1,1684,1,1684_circle0
2965,17,1,1684,1,1684_circle2
3390,25,1,1684,1,1684_circle14
3084,76,1,1684,1,1684_circle14
3245,14,1,1684,1,1684_circle8
3010,32,1,1684,1,1684_circle14
3080,28,1,1684,1,1684_circle14
2712,44,1,1684,0,
3373,17,1,1684,1,1684_circle8
3265,48,1,1684,1,1684_circle2
3164,10,1,1684,1,1684_circle8
3151,14,1,1684,1,1684_circle7
3421,20,1,1684,1,1684_circle4
3148,30,1,1684,1,1684_circle2
3284,70,1,1684,1,1684_circle14
3370,6,1,1684,1,1684_circle4
3093,16,1,1684,1,1684_circle7
3041,27,1,1684,1,1684_circle2
2681,45,1,1684,1,1684_circle14
2746,15,1,1684,1,1684_circle14
3142,56,1,1684,1,1684_circle14
3008,16,1,1684,1,1684_circle11
2958,42,1,1684,1,1684_circle8
3130,13,1,1684,1,1684_circle14
3393,19,1,1684,1,1684_circle7
2707,15,1,1684,1,1684_circle4
3036,38,1,1684,1,1684_circle14
3272,44,1,1684,1,1684_circle2
2932,40,1,1684,1,1684_circle7
3255,32,1,1684,1,1684_circle7
2850,33,1,1684,1,1684_circle14
3181,8,1,1684,1,1684_circle9
3179,68,1,1684,1,1684_circle2
3052,50,1,1684,1,1684_circle14
3034,43,1,1684,0,
3323,7,1,1684,1,1684_circle7
3274,63,1,1684,1,1684_circle2
3264,31,1,1684,1,1684_circle7
3196,40,1,1684,1,1684_circle7
2930,8,1,1684,1,1684_circle9
3011,42,1,1684,3,"1684_circle13,1684_circle8,1684_circle2"
3097,41,1,1684,1,1684_circle8
3177,41,1,1684,1,1684_circle0
2941,11,1,1684,1,1684_circle8
2664,83,1,1684,1,1684_circle14
2855,4,1,1684,0,
3072,46,1,1684,1,1684_circle8
2959,17,1,1684,1,1684_circle11
3325,19,1,1684,1,1684_circle11
3254,12,1,1684,1,1684_circle2
3216,7,1,1684,1,1684_circle9
3141,11,1,1684,1,1684_circle9
3304,35,1,1684,1,1684_circle14
3381,54,1,1684,1,1684_circle2
2685,12,1,1684,1,1684_circle13
3109,18,1,1684,1,1684_circle2
2668,34,1,1684,1,1684_circle7
3140,71,1,1684,1,1684_circle7
2723,12,1,1684,1,1684_circle7
2836,31,1,1684,1,1684_circle5
3367,11,1,1684,1,1684_circle2
2976,41,1,1684,1,1684_circle2
2686,24,1,1684,1,1684_circle7
3168,48,1,1684,1,1684_circle0
3405,13,1,1684,1,1684_circle13
2900,11,1,1684,1,1684_circle0
3413,3,1,1684,1,1684_circle14
3187,34,1,1684,1,1684_circle7
3081,25,1,1684,1,1684_circle13
3283,16,1,1684,1,1684_circle11
3165,7,1,1684,1,1684_circle8
2768,28,1,1684,1,1684_circle7
2701,26,1,1684,1,1684_circle2
2727,13,1,1684,1,1684_circle8
2982,15,1,1684,1,1684_circle11
2693,18,1,1684,1,1684_circle8
2984,24,1,1684,1,1684_circle7
2980,5,1,1684,1,1684_circle4
2699,13,1,1684,1,1684_circle11
2703,18,1,1684,1,1684_circle11
3089,52,1,1684,1,1684_circle2
2797,27,1,1684,1,1684_circle2
2917,18,1,1684,1,1684_circle14
3235,8,1,1684,0,
3224,55,1,1684,1,1684_circle2
2845,26,1,1684,1,1684_circle0
3186,23,1,1684,1,1684_circle0
2809,19,1,1684,1,1684_circle14
3388,10,1,1684,1,1684_circle14
3003,4,1,1684,1,1684_circle1
2825,20,1,1684,1,1684_circle7
2762,21,1,1684,1,1684_circle5
3275,29,1,1684,1,1684_circle5
2924,40,1,1684,1,1684_circle14
3221,26,1,1684,1,1684_circle5
2990,13,1,1684,1,1684_circle0
3279,25,1,1684,1,1684_circle7
3303,36,1,1684,1,1684_circle14
3250,34,1,1684,1,1684_circle14
3431,23,1,1684,1,1684_circle8
3329,19,1,1684,1,1684_circle8
3368,9,1,1684,1,1684_circle6
3359,18,1,1684,1,1684_circle0
3103,20,1,1684,1,1684_circle0
3038,88,1,1684,1,1684_circle2
3200,11,1,1684,1,1684_circle9
3122,9,1,1684,1,1684_circle9
3276,20,1,1684,1,1684_circle7
3147,5,1,1684,1,1684_circle16
2774,6,1,1684,1,1684_circle16
2791,12,1,1684,1,1684_circle8
3083,10,1,1684,1,1684_circle15
2983,17,1,1684,1,1684_circle6
3404,18,1,1684,1,1684_circle7
2861,11,1,1684,1,1684_circle9
3354,9,1,1684,1,1684_circle9
2949,20,1,1684,1,1684_circle15
3194,17,1,1684,1,1684_circle2
3311,11,1,1684,1,1684_circle11
3382,17,1,1684,1,1684_circle11
2737,21,1,1684,1,1684_circle0
2775,27,1,1684,1,1684_circle0
3055,6,1,1684,2,"1684_circle14,1684_circle16"
2817,5,1,1684,1,1684_circle16
2881,45,1,1684,1,1684_circle2
2977,33,1,1684,0,
3062,32,1,1684,1,1684_circle0
3395,38,1,1684,1,1684_circle7
3260,28,1,1684,1,1684_circle2
2957,14,1,1684,1,1684_circle13
2914,41,1,1684,1,1684_circle7
2889,19,1,1684,1,1684_circle11
3349,12,1,1684,1,1684_circle8
2979,18,1,1684,1,1684_circle12
3209,24,1,1684,1,1684_circle2
3371,15,1,1684,1,1684_circle0
2961,11,1,1684,1,1684_circle14
3294,23,1,1684,1,1684_circle14
2882,10,1,1684,1,1684_circle8
2823,38,1,1684,0,
2752,7,1,1684,1,1684_circle8
2705,27,1,1684,1,1684_circle14
3429,5,1,1684,1,1684_circle4
3157,15,1,1684,1,1684_circle4
3199,22,1,1684,1,1684_circle7
3205,15,1,1684,1,1684_circle8
3163,23,1,1684,1,1684_circle14
3211,25,1,1684,1,1684_circle8
2710,13,1,1684,1,1684_circle14
2970,44,1,1684,1,1684_circle2
2769,12,1,1684,1,1684_circle14
3217,6,1,1684,0,
2868,21,1,1684,1,1684_circle8
3401,8,1,1684,1,1684_circle4
3317,7,1,1684,1,1684_circle14
2744,13,1,1684,1,1684_circle7
3066,14,1,1684,1,1684_circle15
3336,7,1,1684,1,1684_circle15
3210,14,1,1684,1,1684_circle0
3238,41,1,1684,1,1684_circle14
3161,6,1,1684,1,1684_circle8
3058,15,1,1684,1,1684_circle2
2684,28,1,1684,1,1684_circle2
2678,9,1,1684,1,1684_circle8
2972,17,1,1684,1,1684_circle11
2826,10,1,1684,1,1684_circle8
3383,17,1,1684,1,1684_circle5
3133,10,1,1684,1,1684_circle4
3159,7,1,1684,1,1684_circle4
3020,37,1,1684,1,1684_circle8
2895,9,1,1684,1,1684_circle8
2885,4,1,1684,1,1684_circle1
3061,14,1,1684,1,1684_circle13
2663,26,1,1684,1,1684_circle14
3015,10,1,1684,1,1684_circle8
2766,13,1,1684,1,1684_circle14
3048,15,1,1684,1,1684_circle7
3229,14,1,1684,1,1684_circle14
2743,51,1,1684,1,1684_circle14
2981,23,1,1684,1,1684_circle14
3007,24,1,1684,1,1684_circle0
2779,19,1,1684,1,1684_circle0
3202,11,1,1684,1,1684_circle14
2859,20,1,1684,1,1684_circle8
2671,6,1,1684,1,1684_circle0
2721,6,1,1684,0,
3357,15,1,1684,1,1684_circle2
2784,28,1,1684,1,1684_circle8
3121,4,1,1684,1,1684_circle4
2808,3,1,1684,1,1684_circle4
2837,14,1,1684,1,1684_circle14
3030,8,1,1684,1,1684_circle14
3334,9,1,1684,1,1684_circle0
3110,17,1,1684,1,1684_circle8
3410,16,1,1684,1,1684_circle0
2822,14,1,1684,1,1684_circle8
3128,10,1,1684,1,1684_circle15
2935,12,1,1684,1,1684_circle6
2903,8,1,1684,1,1684_circle8
2952,3,1,1684,1,1684_circle14
2824,6,1,1684,0,
3314,16,1,1684,1,1684_circle11
2858,17,1,1684,1,1684_circle5
3067,13,1,1684,1,1684_circle7
2670,19,1,1684,1,1684_circle11
2799,8,1,1684,1,1684_circle9
2898,8,1,1684,1,1684_circle5
3155,12,1,1684,1,1684_circle6
2761,28,1,1684,1,1684_circle14
2812,25,1,1684,1,1684_circle8
3376,8,1,1684,1,1684_circle4
2902,7,1,1684,1,1684_circle9
3088,10,1,1684,1,1684_circle8
2954,13,1,1684,1,1684_circle5
3389,7,1,1684,1,1684_circle5
3126,8,1,1684,1,1684_circle15
2899,6,1,1684,1,1684_circle14
2713,31,1,1684,1,1684_circle0
2942,10,1,1684,0,
2692,5,1,1684,0,
2767,6,1,1684,1,1684_circle4
2807,22,1,1684,1,1684_circle14
2947,17,1,1684,1,1684_circle0
2876,14,1,1684,1,1684_circle8
3358,11,1,1684,1,1684_circle7
3281,12,1,1684,1,1684_circle2
2995,15,1,1684,1,1684_circle0
2747,13,1,1684,1,1684_circle7
2926,10,1,1684,1,1684_circle4
3340,16,1,1684,1,1684_circle8
3251,9,1,1684,1,1684_circle9
3105,12,1,1684,1,1684_circle9
2971,4,1,1684,1,1684_circle8
3012,11,1,1684,1,1684_circle6
3424,7,1,1684,1,1684_circle5
3197,8,1,1684,1,1684_circle2
3372,7,1,1684,1,1684_circle9
3131,8,1,1684,1,1684_circle9
3409,16,1,1684,1,1684_circle7
3269,9,1,1684,1,1684_circle14
3290,5,1,1684,1,1684_circle1
3427,9,1,1684,1,1684_circle4
3153,11,1,1684,1,1684_circle14
3432,6,1,1684,1,1684_circle8
2804,9,1,1684,1,1684_circle5
2811,7,1,1684,0,
2736,5,1,1684,1,1684_circle5
2805,8,1,1684,1,1684_circle6
2695,11,1,1684,1,1684_circle14
3143,4,1,1684,1,1684_circle14
3175,6,1,1684,1,1684_circle2
3310,5,1,1684,1,1684_circle15
3125,2,1,1684,0,
3028,12,1,1684,1,1684_circle6
3308,9,1,1684,1,1684_circle13
3190,12,1,1684,1,1684_circle5
3091,6,1,1684,0,
3305,5,1,1684,1,1684_circle8
2798,3,1,1684,1,1684_circle14
2922,3,1,1684,1,1684_circle6
3408,2,1,1684,1,1684_circle4
2838,4,1,1684,1,1684_circle1
2740,2,1,1684,1,1684_circle1
3338,9,1,1684,1,1684_circle4
2802,10,1,1684,1,1684_circle8
3063,11,1,1684,1,1684_circle6
3436,7,1,1684,1,1684_circle14
2884,6,1,1684,1,1684_circle14
3322,8,1,1684,1,1684_circle15
2722,3,1,1684,1,1684_circle4
2714,3,1,1684,1,1684_circle6
3282,2,1,1684,1,1684_circle16
2814,2,1,1684,1,1684_circle1
3270,6,1,1684,1,1684_circle4
2776,6,1,1684,1,1684_circle9
2975,3,1,1684,1,1684_circle4
3006,2,1,1684,1,1684_circle4
2860,3,1,1684,1,1684_circle0
3037,3,1,1684,1,1684_circle16
2691,3,1,1684,1,1684_circle16
2792,3,1,1684,1,1684_circle16
2998,3,1,1684,1,1684_circle8
3268,2,1,1684,0,
3407,2,1,1684,1,1684_circle8
3271,5,1,1684,1,1684_circle9
2857,2,1,1684,1,1684_circle4
3375,3,1,1684,1,1684_circle8
2788,2,1,1684,1,1684_circle9
2704,2,1,1684,1,1684_circle1
3134,2,1,1684,1,1684_circle7
2290,184,1,1912,1,1912_circle20
2363,167,1,1912,1,1912_circle20
2346,36,1,1912,1,1912_circle1
2025,30,1,1912,1,1912_circle1
2140,171,1,1912,1,1912_circle20
2428,191,1,1912,1,1912_circle20
2201,190,1,1912,1,1912_circle20
2506,124,1,1912,2,"1912_circle20,1912_circle12"
2425,36,1,1912,1,1912_circle13
2557,31,1,1912,2,"1912_circle41,1912_circle11"
2532,106,1,1912,1,1912_circle20
2073,195,1,1912,2,"1912_circle20,1912_circle44"
2278,174,1,1912,2,"1912_circle33,1912_circle20"
2551,158,1,1912,1,1912_circle20
2077,126,1,1912,1,1912_circle20
2369,197,1,1912,2,"1912_circle20,1912_circle3"
2592,125,1,1912,1,1912_circle38
2046,123,1,1912,2,"1912_circle20,1912_circle3"
1941,223,1,1912,3,"1912_circle20,1912_circle0,1912_circle38"
2518,48,1,1912,2,"1912_circle31,1912_circle35"
2132,94,1,1912,1,1912_circle21
2650,18,1,1912,1,1912_circle27
2207,22,1,1912,0,
2553,173,1,1912,1,1912_circle20
2078,204,1,1912,1,1912_circle20
2203,100,1,1912,2,"1912_circle42,1912_circle38"
2143,102,1,1912,3,"1912_circle33,1912_circle38,1912_circle1"
2224,129,1,1912,3,"1912_circle15,1912_circle38,1912_circle7"
2510,138,1,1912,0,
2240,201,1,1912,1,1912_circle20
2563,110,1,1912,1,1912_circle20
2122,146,1,1912,1,1912_circle20
2118,188,1,1912,1,1912_circle20
1944,29,1,1912,1,1912_circle41
2117,142,1,1912,2,"1912_circle41,1912_circle38"
2611,207,1,1912,1,1912_circle20
2184,186,1,1912,1,1912_circle20
2354,177,1,1912,1,1912_circle20
2169,109,1,1912,2,"1912_circle38,1912_circle36"
2283,161,1,1912,6,"1912_circle15,1912_circle19,1912_circle22,1912_circle8,1912_circle23,1912_circle38"
2620,55,1,1912,1,1912_circle1
1998,54,1,1912,1,1912_circle1
2654,151,1,1912,1,1912_circle20
2646,135,1,1912,1,1912_circle20
2228,32,1,1912,1,1912_circle41
2082,18,1,1912,2,"1912_circle41,1912_circle36"
1979,176,1,1912,1,1912_circle20
2484,126,1,1912,1,1912_circle20
2257,155,1,1912,1,1912_circle20
2005,155,1,1912,1,1912_circle20
2560,201,1,1912,3,"1912_circle14,1912_circle20,1912_circle17"
1962,187,1,1912,1,1912_circle20
2206,210,1,1912,1,1912_circle20
2520,165,1,1912,1,1912_circle20
2104,181,1,1912,1,1912_circle20
2602,198,1,1912,1,1912_circle20
2521,141,1,1912,2,"1912_circle20,1912_circle17"
2233,222,1,1912,1,1912_circle20
2200,173,1,1912,1,1912_circle20
2294,122,1,1912,2,"1912_circle38,1912_circle21"
1981,55,1,1912,1,1912_circle21
2187,148,1,1912,1,1912_circle38
1916,79,1,1912,0,
1945,146,1,1912,2,"1912_circle40,1912_circle38"
1959,120,1,1912,4,"1912_circle26,1912_circle29,1912_circle5,1912_circle21"
1971,176,1,1912,1,1912_circle20
2436,94,1,1912,2,"1912_circle33,1912_circle38"
2042,96,1,1912,4,"1912_circle33,1912_circle15,1912_circle10,1912_circle38"
2084,141,1,1912,1,1912_circle20
2624,188,1,1912,1,1912_circle20
2364,65,1,1912,1,1912_circle1
1991,49,1,1912,1,1912_circle1
2110,43,1,1912,1,1912_circle21
2029,34,1,1912,1,1912_circle41
2607,195,1,1912,1,1912_circle20
2649,122,1,1912,3,"1912_circle15,1912_circle38,1912_circle7"
2087,156,1,1912,1,1912_circle38
2188,194,1,1912,1,1912_circle20
2477,113,1,1912,1,1912_circle20
2386,139,1,1912,1,1912_circle20
2543,294,1,1912,5,"1912_circle20,1912_circle10,1912_circle7,1912_circle0,1912_circle38"
2604,196,1,1912,1,1912_circle20
2561,155,1,1912,2,"1912_circle20,1912_circle12"
2433,147,1,1912,2,"1912_circle20,1912_circle44"
2496,22,1,1912,1,1912_circle38
2153,139,1,1912,2,"1912_circle38,1912_circle5"
2536,63,1,1912,1,1912_circle20
2482,160,1,1912,1,1912_circle20
2512,105,1,1912,3,"1912_circle14,1912_circle20,1912_circle26"
2010,84,1,1912,2,"1912_circle38,1912_circle36"
2103,184,1,1912,1,1912_circle20
2253,157,1,1912,1,1912_circle20
2500,181,1,1912,1,1912_circle20
2063,141,1,1912,1,1912_circle20
2509,134,1,1912,1,1912_circle21
2399,77,1,1912,3,"1912_circle27,1912_circle38,1912_circle21"
2150,192,1,1912,1,1912_circle20
2030,187,1,1912,1,1912_circle20
2374,168,1,1912,1,1912_circle20
1986,153,1,1912,1,1912_circle20
2630,173,1,1912,1,1912_circle20
2376,179,1,1912,3,"1912_circle31,1912_circle20,1912_circle27"
2326,180,1,1912,1,1912_circle20
2172,193,1,1912,1,1912_circle20
2133,159,1,1912,3,"1912_circle41,1912_circle11,1912_circle38"
2296,34,1,1912,2,"1912_circle41,1912_circle11"
2626,34,1,1912,1,1912_circle1
2097,38,1,1912,1,1912_circle1
2093,177,1,1912,1,1912_circle20
2391,72,1,1912,1,1912_circle20
2275,185,1,1912,1,1912_circle20
1984,178,1,1912,2,"1912_circle20,1912_circle44"
2347,291,1,1912,2,"1912_circle20,1912_circle38"
2550,162,1,1912,1,1912_circle20
2047,205,1,1912,4,"1912_circle41,1912_circle0,1912_circle10,1912_circle38"
1932,95,1,1912,1,1912_circle38
2655,168,1,1912,1,1912_circle20
1994,64,1,1912,1,1912_circle38
2292,142,1,1912,3,"1912_circle33,1912_circle35,1912_circle38"
2109,135,1,1912,1,1912_circle20
2040,152,1,1912,1,1912_circle20
2086,136,1,1912,1,1912_circle20
2460,169,1,1912,1,1912_circle20
2597,105,1,1912,1,1912_circle38
2282,154,1,1912,2,"1912_circle38,1912_circle21"
2511,140,1,1912,2,"1912_circle38,1912_circle21"
2598,164,1,1912,5,"1912_circle15,1912_circle40,1912_circle43,1912_circle35,1912_circle38"
2638,166,1,1912,1,1912_circle20
2390,49,1,1912,1,1912_circle21
2096,21,1,1912,3,"1912_circle15,1912_circle10,1912_circle21"
2218,205,1,1912,2,"1912_circle31,1912_circle20"
1917,190,1,1912,1,1912_circle20
2353,86,1,1912,1,1912_circle20
2625,186,1,1912,1,1912_circle20
2194,109,1,1912,1,1912_circle38
2289,160,1,1912,3,"1912_circle39,1912_circle41,1912_circle38"
2323,183,1,1912,1,1912_circle20
2410,207,1,1912,1,1912_circle20
2631,116,1,1912,1,1912_circle20
2111,184,1,1912,3,"1912_circle10,1912_circle38,1912_circle21"
2062,76,1,1912,3,"1912_circle15,1912_circle26,1912_circle21"
2059,193,1,1912,2,"1912_circle20,1912_circle3"
1938,189,1,1912,1,1912_circle20
2060,106,1,1912,1,1912_circle20
1939,79,1,1912,1,1912_circle21
2264,75,1,1912,0,
2574,103,1,1912,1,1912_circle20
2579,116,1,1912,1,1912_circle20
2419,109,1,1912,3,"1912_circle41,1912_circle11,1912_circle38"
2491,121,1,1912,2,"1912_circle35,1912_circle38"
2468,177,1,1912,4,"1912_circle28,1912_circle20,1912_circle10,1912_circle39"
2615,185,1,1912,1,1912_circle20
2507,201,1,1912,1,1912_circle20
2564,188,1,1912,1,1912_circle20
2420,81,1,1912,1,1912_circle38
1929,151,1,1912,1,1912_circle20
2154,160,1,1912,1,1912_circle20
1925,125,1,1912,1,1912_circle20
1940,93,1,1912,0,
2329,124,1,1912,1,1912_circle20
2469,135,1,1912,1,1912_circle20
2229,207,1,1912,2,"1912_circle20,1912_circle44"
2552,112,1,1912,0,
1993,203,1,1912,1,1912_circle20
2032,147,1,1912,2,"1912_circle40,1912_circle38"
2485,137,1,1912,1,1912_circle20
2395,179,1,1912,2,"1912_circle31,1912_circle20"
2339,182,1,1912,1,1912_circle20
1989,87,1,1912,1,1912_circle20
2243,59,1,1912,2,"1912_circle15,1912_circle21"
2434,91,1,1912,1,1912_circle21
2126,54,1,1912,2,"1912_circle41,1912_circle34"
2408,153,1,1912,1,1912_circle20
2121,158,1,1912,2,"1912_circle31,1912_circle20"
2453,14,1,1912,1,1912_circle45
2214,27,1,1912,1,1912_circle36
2633,41,1,1912,1,1912_circle1
2526,191,1,1912,1,1912_circle20
2430,146,1,1912,1,1912_circle20
1964,96,1,1912,2,"1912_circle41,1912_circle11"
2064,186,1,1912,1,1912_circle20
2407,89,1,1912,1,1912_circle20
2317,36,1,1912,1,1912_circle41
2412,31,1,1912,1,1912_circle41
2406,36,1,1912,1,1912_circle41
2112,160,1,1912,1,1912_circle20
2404,170,1,1912,1,1912_circle20
2135,88,1,1912,1,1912_circle38
2498,94,1,1912,3,"1912_circle41,1912_circle38,1912_circle5"
2302,123,1,1912,2,"1912_circle33,1912_circle38"
2629,127,1,1912,2,"1912_circle33,1912_circle38"
2351,110,1,1912,1,1912_circle38
2212,140,1,1912,1,1912_circle20
2123,203,1,1912,1,1912_circle20
2053,115,1,1912,2,"1912_circle38,1912_circle21"
2254,90,1,1912,2,"1912_circle38,1912_circle4"
2271,180,1,1912,1,1912_circle20
2199,175,1,1912,2,"1912_circle38,1912_circle21"
2054,163,1,1912,3,"1912_circle40,1912_circle38,1912_circle21"
2018,55,1,1912,1,1912_circle1
2636,38,1,1912,1,1912_circle1
2371,36,1,1912,2,"1912_circle41,1912_circle36"
2166,9,1,1912,0,
2033,173,1,1912,1,1912_circle20
2608,99,1,1912,1,1912_circle38
2567,116,1,1912,2,"1912_circle38,1912_circle5"
2338,109,1,1912,1,1912_circle38
1954,93,1,1912,2,"1912_circle38,1912_circle1"
2555,135,1,1912,2,"1912_circle38,1912_circle8"
2138,138,1,1912,1,1912_circle38
2357,13,1,1912,1,1912_circle41
2152,18,1,1912,1,1912_circle41
2372,105,1,1912,2,"1912_circle42,1912_circle38"
2189,113,1,1912,2,"1912_circle20,1912_circle38"
2590,197,1,1912,1,1912_circle20
2359,147,1,1912,1,1912_circle20
2020,158,1,1912,2,"1912_circle20,1912_circle1"
2467,130,1,1912,0,
2266,234,1,1912,3,"1912_circle15,1912_circle20,1912_circle10"
2558,22,1,1912,2,"1912_circle13,1912_circle4"
2375,6,1,1912,2,"1912_circle16,1912_circle4"
1947,120,1,1912,4,"1912_circle6,1912_circle10,1912_circle38,1912_circle21"
2432,28,1,1912,1,1912_circle21
2660,38,1,1912,1,1912_circle1
2640,56,1,1912,1,1912_circle1
2601,190,1,1912,1,1912_circle20
2069,168,1,1912,1,1912_circle20
2327,125,1,1912,1,1912_circle21
1928,23,1,1912,1,1912_circle1
2360,12,1,1912,1,1912_circle41
2156,27,1,1912,2,"1912_circle41,1912_circle15"
2101,71,1,1912,1,1912_circle21
2095,154,1,1912,1,1912_circle20
2125,121,1,1912,3,"1912_circle15,1912_circle38,1912_circle7"
2124,169,1,1912,1,1912_circle20
2538,56,1,1912,1,1912_circle1
2447,49,1,1912,1,1912_circle1
2297,38,1,1912,1,1912_circle1
2659,58,1,1912,2,"1912_circle41,1912_circle1"
2142,221,1,1912,4,"1912_circle14,1912_circle20,1912_circle10,1912_circle15"
2414,183,1,1912,1,1912_circle20
2324,197,1,1912,1,1912_circle20
2334,139,1,1912,1,1912_circle20
2397,35,1,1912,1,1912_circle41
1978,15,1,1912,1,1912_circle41
2429,86,1,1912,0,
2300,122,1,1912,1,1912_circle20
2606,75,1,1912,1,1912_circle20
2276,154,1,1912,1,1912_circle20
2554,93,1,1912,0,
2258,49,1,1912,1,1912_circle20
2331,190,1,1912,1,1912_circle41
1942,39,1,1912,1,1912_circle20
2584,15,1,1912,1,1912_circle20
2517,6,1,1912,1,1912_circle36
2192,41,1,1912,1,1912_circle1
2090,189,1,1912,1,1912_circle20
2340,198,1,1912,1,1912_circle20
2127,112,1,1912,1,1912_circle38
1943,192,1,1912,2,"1912_circle31,1912_circle20"
2586,187,1,1912,2,"1912_circle20,1912_circle44"
2116,65,1,1912,1,1912_circle1
2365,55,1,1912,1,1912_circle31
2523,17,1,1912,3,"1912_circle41,1912_circle15,1912_circle9"
2158,10,1,1912,1,1912_circle41
1985,224,1,1912,3,"1912_circle20,1912_circle10,1912_circle26"
2279,129,1,1912,1,1912_circle38
1948,108,1,1912,1,1912_circle38
1957,39,1,1912,1,1912_circle31
2648,48,1,1912,1,1912_circle1
1946,191,1,1912,1,1912_circle20
2337,35,1,1912,1,1912_circle1
2225,42,1,1912,1,1912_circle31
2016,18,1,1912,1,1912_circle1
2244,200,1,1912,2,"1912_circle20,1912_circle44"
2348,151,1,1912,2,"1912_circle20,1912_circle12"
2600,182,1,1912,1,1912_circle20
2593,185,1,1912,1,1912_circle20
2056,115,1,1912,1,1912_circle20
2396,69,1,1912,1,1912_circle21
1952,17,1,1912,2,"1912_circle23,1912_circle36"
2458,99,1,1912,3,"1912_circle15,1912_circle38,1912_circle21"
2489,108,1,1912,1,1912_circle20
1983,199,1,1912,1,1912_circle20
2328,166,1,1912,4,"1912_circle39,1912_circle15,1912_circle38,1912_circle21"
2394,95,1,1912,2,"1912_circle38,1912_circle21"
2333,160,1,1912,2,"1912_circle38,1912_circle21"
2446,161,1,1912,1,1912_circle20
1997,135,1,1912,1,1912_circle20
1955,92,1,1912,1,1912_circle38
1920,123,1,1912,1,1912_circle38
2074,162,1,1912,1,1912_circle20
1926,134,1,1912,1,1912_circle41
2570,21,1,1912,2,"1912_circle41,1912_circle34"
2647,48,1,1912,1,1912_circle1
2435,27,1,1912,0,
2213,103,1,1912,0,
2464,202,1,1912,1,1912_circle20
2335,34,1,1912,1,1912_circle41
1960,43,1,1912,1,1912_circle41
2392,92,1,1912,1,1912_circle20
2549,161,1,1912,1,1912_circle20
2131,198,1,1912,1,1912_circle20
2309,199,1,1912,1,1912_circle20
2092,43,1,1912,1,1912_circle20
2165,128,1,1912,1,1912_circle20
2149,128,1,1912,2,"1912_circle35,1912_circle38"
2007,171,1,1912,2,"1912_circle20,1912_circle38"
2445,70,1,1912,2,"1912_circle38,1912_circle36"
2306,113,1,1912,1,1912_circle20
2043,174,1,1912,1,1912_circle20
2535,11,1,1912,1,1912_circle34
2492,178,1,1912,1,1912_circle20
2361,45,1,1912,1,1912_circle41
2280,59,1,1912,2,"1912_circle38,1912_circle21"
2619,164,1,1912,2,"1912_circle20,1912_circle44"
2385,57,1,1912,1,1912_circle29
2530,29,1,1912,1,1912_circle36
1913,19,1,1912,2,"1912_circle42,1912_circle36"
2542,196,1,1912,2,"1912_circle15,1912_circle20"
2246,95,1,1912,2,"1912_circle38,1912_circle8"
2002,85,1,1912,1,1912_circle21
1972,70,1,1912,1,1912_circle31
2242,40,1,1912,1,1912_circle41
2416,37,1,1912,3,"1912_circle41,1912_circle11,1912_circle38"
2071,123,1,1912,1,1912_circle38
2102,132,1,1912,2,"1912_circle40,1912_circle38"
2616,100,1,1912,2,"1912_circle42,1912_circle38"
2176,117,1,1912,3,"1912_circle41,1912_circle11,1912_circle38"
2267,83,1,1912,1,1912_circle20
2068,141,1,1912,1,1912_circle38
2370,158,1,1912,1,1912_circle20
2237,124,1,1912,1,1912_circle20
2583,46,1,1912,1,1912_circle1
2378,50,1,1912,1,1912_circle1
2503,16,1,1912,1,1912_circle41
2114,15,1,1912,3,"1912_circle41,1912_circle15,1912_circle23"
2260,20,1,1912,2,"1912_circle41,1912_circle23"
2307,141,1,1912,1,1912_circle20
2336,150,1,1912,2,"1912_circle15,1912_circle38"
2120,23,1,1912,2,"1912_circle41,1912_circle15"
2105,11,1,1912,1,1912_circle41
2161,82,1,1912,1,1912_circle21
2287,68,1,1912,1,1912_circle20
2529,36,1,1912,2,"1912_circle42,1912_circle36"
1966,172,1,1912,1,1912_circle20
2285,55,1,1912,0,
2247,122,1,1912,2,"1912_circle38,1912_circle8"
2261,129,1,1912,1,1912_circle20
2504,151,1,1912,1,1912_circle20
2495,145,1,1912,1,1912_circle20
2343,79,1,1912,1,1912_circle38
2487,9,1,1912,1,1912_circle34
2245,7,1,1912,1,1912_circle34
1988,24,1,1912,1,1912_circle27
2466,11,1,1912,1,1912_circle27
2223,116,1,1912,1,1912_circle38
2653,72,1,1912,1,1912_circle40
2164,92,1,1912,1,1912_circle20
2472,77,1,1912,2,"1912_circle38,1912_circle1"
2241,119,1,1912,4,"1912_circle40,1912_circle10,1912_circle38,1912_circle26"
2451,109,1,1912,2,"1912_circle38,1912_circle21"
2050,23,1,1912,0,
2196,110,1,1912,1,1912_circle38
2075,48,1,1912,1,1912_circle21
2501,76,1,1912,2,"1912_circle15,1912_circle21"
2423,165,1,1912,1,1912_circle20
2250,109,1,1912,2,"1912_circle42,1912_circle38"
2180,114,1,1912,0,
2478,93,1,1912,1,1912_circle20
2058,76,1,1912,0,
2183,134,1,1912,3,"1912_circle15,1912_circle0,1912_circle38"
2533,99,1,1912,1,1912_circle38
2409,178,1,1912,1,1912_circle20
2582,101,1,1912,2,"1912_circle38,1912_circle7"
2377,94,1,1912,2,"1912_circle38,1912_circle21"
2215,58,1,1912,2,"1912_circle29,1912_circle36"
2197,22,1,1912,1,1912_circle41
2236,37,1,1912,1,1912_circle41
2499,93,1,1912,1,1912_circle20
2322,46,1,1912,1,1912_circle41
2098,117,1,1912,2,"1912_circle20,1912_circle12"
2418,117,1,1912,1,1912_circle20
2381,176,1,1912,1,1912_circle20
2603,68,1,1912,2,"1912_circle41,1912_circle21"
2644,27,1,1912,0,
2417,70,1,1912,0,
1999,34,1,1912,2,"1912_circle15,1912_circle1"
2220,195,1,1912,1,1912_circle20
2578,164,1,1912,1,1912_circle20
2045,176,1,1912,1,1912_circle20
1953,123,1,1912,1,1912_circle20
2028,106,1,1912,1,1912_circle38
2556,131,1,1912,1,1912_circle20
2191,88,1,1912,2,"1912_circle38,1912_circle5"
2235,70,1,1912,1,1912_circle21
2288,21,1,1912,2,"1912_circle20,1912_circle36"
1987,36,1,1912,2,"1912_circle29,1912_circle36"
2475,97,1,1912,1,1912_circle38
2547,54,1,1912,0,
2319,122,1,1912,2,"1912_circle42,1912_circle38"
2617,114,1,1912,1,1912_circle21
1914,47,1,1912,1,1912_circle1
2658,36,1,1912,1,1912_circle1
2163,31,1,1912,2,"1912_circle38,1912_circle7"
2311,51,1,1912,1,1912_circle20
2052,106,1,1912,3,"1912_circle40,1912_circle38,1912_circle8"
2594,94,1,1912,1,1912_circle38
2273,91,1,1912,2,"1912_circle40,1912_circle38"
2202,49,1,1912,0,
2222,46,1,1912,2,"1912_circle37,1912_circle21"
1922,15,1,1912,2,"1912_circle41,1912_circle15"
2341,26,1,1912,2,"1912_circle41,1912_circle1"
2139,178,1,1912,1,1912_circle20
2462,96,1,1912,1,1912_circle20
2591,96,1,1912,1,1912_circle20
2628,28,1,1912,2,"1912_circle41,1912_circle36"
2291,17,1,1912,1,1912_circle36
2643,100,1,1912,2,"1912_circle38,1912_circle7"
2293,54,1,1912,1,1912_circle20
1975,36,1,1912,1,1912_circle41
1930,13,1,1912,1,1912_circle41
2516,88,1,1912,2,"1912_circle38,1912_circle7"
2057,42,1,1912,2,"1912_circle29,1912_circle36"
2623,130,1,1912,1,1912_circle20
2006,52,1,1912,1,1912_circle1
2366,36,1,1912,1,1912_circle41
2211,54,1,1912,2,"1912_circle41,1912_circle11"
2352,168,1,1912,1,1912_circle20
2427,25,1,1912,0,
1934,12,1,1912,1,1912_circle41
2299,155,1,1912,1,1912_circle20
2226,51,1,1912,0,
2573,152,1,1912,2,"1912_circle20,1912_circle12"
1923,56,1,1912,5,"1912_circle10,1912_circle41,1912_circle6,1912_circle11,1912_circle38"
2575,141,1,1912,2,"1912_circle20,1912_circle44"
2559,165,1,1912,1,1912_circle20
2368,79,1,1912,0,
2642,127,1,1912,4,"1912_circle40,1912_circle15,1912_circle38,1912_circle41"
2349,18,1,1912,2,"1912_circle27,1912_circle36"
2384,188,1,1912,3,"1912_circle42,1912_circle38,1912_circle21"
2645,54,1,1912,1,1912_circle1
2210,98,1,1912,1,1912_circle20
2159,48,1,1912,1,1912_circle1
2424,11,1,1912,2,"1912_circle41,1912_circle15"
2000,33,1,1912,1,1912_circle1
2157,39,1,1912,1,1912_circle1
2539,140,1,1912,1,1912_circle20
2657,52,1,1912,1,1912_circle1
1935,50,1,1912,1,1912_circle1
2313,85,1,1912,1,1912_circle41
2613,31,1,1912,1,1912_circle20
2356,172,1,1912,1,1912_circle20
2108,164,1,1912,2,"1912_circle20,1912_circle3"
2155,41,1,1912,1,1912_circle41
2144,78,1,1912,1,1912_circle40
1921,40,1,1912,1,1912_circle1
2072,129,1,1912,2,"1912_circle38,1912_circle21"
2461,124,1,1912,3,"1912_circle38,1912_circle8,1912_circle4"
2310,23,1,1912,2,"1912_circle41,1912_circle11"
2465,60,1,1912,1,1912_circle40
2083,147,1,1912,1,1912_circle20
2232,71,1,1912,2,"1912_circle41,1912_circle15"
1919,55,1,1912,1,1912_circle1
1951,64,1,1912,1,1912_circle1
2026,96,1,1912,2,"1912_circle36,1912_circle5"
2270,15,1,1912,1,1912_circle36
2011,40,1,1912,1,1912_circle1
1995,63,1,1912,1,1912_circle1
2639,37,1,1912,1,1912_circle1
1965,20,1,1912,1,1912_circle41
1918,161,1,1912,1,1912_circle20
2208,22,1,1912,1,1912_circle45
2308,156,1,1912,1,1912_circle20
1931,39,1,1912,1,1912_circle1
2221,41,1,1912,2,"1912_circle15,1912_circle21"
2027,44,1,1912,1,1912_circle1
2081,172,1,1912,4,"1912_circle17,1912_circle35,1912_circle38,1912_circle21"
2609,49,1,1912,1,1912_circle40
2038,123,1,1912,3,"1912_circle41,1912_circle11,1912_circle38"
2048,17,1,1912,1,1912_circle20
2587,19,1,1912,2,"1912_circle41,1912_circle15"
2067,33,1,1912,2,"1912_circle20,1912_circle36"
1980,57,1,1912,1,1912_circle31
2185,17,1,1912,1,1912_circle4
2537,95,1,1912,1,1912_circle21
2004,50,1,1912,1,1912_circle1
2315,73,1,1912,1,1912_circle38
2249,19,1,1912,1,1912_circle36
2147,41,1,1912,1,1912_circle20
2502,43,1,1912,2,"1912_circle7,1912_circle36"
2137,49,1,1912,2,"1912_circle12,1912_circle36"
2362,25,1,1912,1,1912_circle41
2398,108,1,1912,2,"1912_circle27,1912_circle38"
2589,79,1,1912,1,1912_circle38
2463,126,1,1912,2,"1912_circle33,1912_circle38"
2170,18,1,1912,1,1912_circle27
2479,46,1,1912,1,1912_circle21
2134,85,1,1912,5,"1912_circle14,1912_circle10,1912_circle43,1912_circle6,1912_circle38"
2115,136,1,1912,1,1912_circle20
2088,198,1,1912,1,1912_circle20
2145,43,1,1912,1,1912_circle41
2174,120,1,1912,3,"1912_circle41,1912_circle10,1912_circle38"
2546,144,1,1912,1,1912_circle20
2344,121,1,1912,3,"1912_circle10,1912_circle39,1912_circle21"
2274,35,1,1912,2,"1912_circle38,1912_circle21"
2415,41,1,1912,2,"1912_circle37,1912_circle21"
2037,173,1,1912,1,1912_circle20
2136,74,1,1912,1,1912_circle20
1958,34,1,1912,1,1912_circle31
2486,18,1,1912,1,1912_circle27
2513,15,1,1912,2,"1912_circle27,1912_circle36"
2471,132,1,1912,1,1912_circle38
2190,168,1,1912,1,1912_circle20
2041,8,1,1912,2,"1912_circle41,1912_circle15"
2456,8,1,1912,4,"1912_circle41,1912_circle15,1912_circle10,1912_circle2"
2610,51,1,1912,3,"1912_circle41,1912_circle11,1912_circle38"
2401,21,1,1912,1,1912_circle27
2540,31,1,1912,2,"1912_circle41,1912_circle0"
2198,55,1,1912,0,
2039,112,1,1912,1,1912_circle38
1973,65,1,1912,1,1912_circle31
2525,35,1,1912,2,"1912_circle41,1912_circle11"
2128,92,1,1912,3,"1912_circle33,1912_circle35,1912_circle36"
2474,26,1,1912,1,1912_circle41
2411,32,1,1912,1,1912_circle41
2476,36,1,1912,1,1912_circle20
2443,23,1,1912,2,"1912_circle20,1912_circle32"
2545,9,1,1912,0,
2314,19,1,1912,1,1912_circle41
2576,45,1,1912,1,1912_circle20
2318,37,1,1912,3,"1912_circle41,1912_circle37,1912_circle11"
2618,23,1,1912,1,1912_circle41
2021,31,1,1912,1,1912_circle20
1933,11,1,1912,1,1912_circle41
2403,17,1,1912,1,1912_circle41
2179,94,1,1912,1,1912_circle20
2031,53,1,1912,2,"1912_circle41,1912_circle11"
2216,133,1,1912,1,1912_circle20
2444,16,1,1912,1,1912_circle27
2473,49,1,1912,2,"1912_circle41,1912_circle38"
2325,79,1,1912,2,"1912_circle41,1912_circle11"
2119,15,1,1912,1,1912_circle41
2566,26,1,1912,1,1912_circle41
2205,14,1,1912,0,
2652,49,1,1912,1,1912_circle21
2330,48,1,1912,0,
2316,10,1,1912,2,"1912_circle41,1912_circle15"
2178,3,1,1912,1,1912_circle41
2035,30,1,1912,1,1912_circle41
2049,37,1,1912,1,1912_circle41
2268,130,1,1912,3,"1912_circle38,1912_circle35,1912_circle1"
2332,103,1,1912,3,"1912_circle15,1912_circle0,1912_circle38"
2146,24,1,1912,1,1912_circle41
2383,24,1,1912,0,
2637,35,1,1912,1,1912_circle41
1970,72,1,1912,2,"1912_circle37,1912_circle21"
2012,15,1,1912,1,1912_circle1
2171,66,1,1912,1,1912_circle1
2209,36,1,1912,3,"1912_circle41,1912_circle11,1912_circle38"
1963,86,1,1912,1,1912_circle20
2304,66,1,1912,2,"1912_circle38,1912_circle8"
2355,30,1,1912,2,"1912_circle42,1912_circle36"
2148,90,1,1912,1,1912_circle38
2259,55,1,1912,2,"1912_circle27,1912_circle38"
2066,9,1,1912,1,1912_circle36
2151,86,1,1912,2,"1912_circle40,1912_circle38"
2393,32,1,1912,1,1912_circle20
2438,68,1,1912,2,"1912_circle38,1912_circle21"
2400,19,1,1912,2,"1912_circle42,1912_circle36"
2454,16,1,1912,1,1912_circle36
2284,56,1,1912,1,1912_circle1
2298,17,1,1912,3,"1912_circle18,1912_circle7,1912_circle36"
2003,48,1,1912,2,"1912_circle37,1912_circle21"
2295,23,1,1912,2,"1912_circle7,1912_circle36"
1990,20,1,1912,1,1912_circle41
2544,30,1,1912,2,"1912_circle33,1912_circle36"
2061,48,1,1912,1,1912_circle31
1976,39,1,1912,2,"1912_circle42,1912_circle1"
1927,55,1,1912,1,1912_circle1
2055,73,1,1912,1,1912_circle20
2350,28,1,1912,1,1912_circle20
2588,91,1,1912,1,1912_circle32
2450,12,1,1912,1,1912_circle36
2320,16,1,1912,1,1912_circle27
1992,15,1,1912,1,1912_circle27
2571,30,1,1912,2,"1912_circle38,1912_circle1"
2234,29,1,1912,1,1912_circle20
2387,50,1,1912,1,1912_circle20
1968,35,1,1912,1,1912_circle1
2585,40,1,1912,1,1912_circle1
2405,20,1,1912,1,1912_circle41
2162,15,1,1912,1,1912_circle41
2402,15,1,1912,2,"1912_circle41,1912_circle36"
2238,13,1,1912,1,1912_circle41
2089,23,1,1912,1,1912_circle41
2044,25,1,1912,0,
2379,36,1,1912,1,1912_circle41
2651,7,1,1912,1,1912_circle45
2009,45,1,1912,1,1912_circle1
2177,11,1,1912,2,"1912_circle36,1912_circle21"
2252,10,1,1912,2,"1912_circle36,1912_circle21"
2231,36,1,1912,2,"1912_circle41,1912_circle15"
2076,17,1,1912,1,1912_circle27
2367,50,1,1912,2,"1912_circle41,1912_circle38"
2303,29,1,1912,0,
2455,16,1,1912,3,"1912_circle41,1912_circle15,1912_circle10"
2627,41,1,1912,1,1912_circle1
2534,18,1,1912,2,"1912_circle41,1912_circle36"
2130,11,1,1912,2,"1912_circle41,1912_circle36"
2480,27,1,1912,1,1912_circle41
2531,23,1,1912,3,"1912_circle42,1912_circle36,1912_circle4"
2389,28,1,1912,2,"1912_circle42,1912_circle36"
2568,11,1,1912,2,"1912_circle36,1912_circle21"
2014,10,1,1912,1,1912_circle1
1982,19,1,1912,0,
2452,10,1,1912,1,1912_circle41
2107,37,1,1912,0,
2239,44,1,1912,0,
2186,18,1,1912,2,"1912_circle41,1912_circle11"
2621,6,1,1912,2,"1912_circle16,1912_circle4"
2091,34,1,1912,1,1912_circle41
2256,7,1,1912,1,1912_circle36
2022,50,1,1912,1,1912_circle1
2508,98,1,1912,0,
1937,4,1,1912,1,1912_circle41
2632,7,1,1912,2,"1912_circle41,1912_circle36"
2605,17,1,1912,2,"1912_circle15,1912_circle36"
2572,19,1,1912,1,1912_circle20
2641,19,1,1912,1,1912_circle11
2522,14,1,1912,0,
2528,7,1,1912,2,"1912_circle13,1912_circle36"
2439,10,1,1912,2,"1912_circle16,1912_circle4"
2612,28,1,1912,1,1912_circle41
2448,33,1,1912,2,"1912_circle41,1912_circle36"
1950,12,1,1912,1,1912_circle1
2493,6,1,1912,0,
2181,17,1,1912,1,1912_circle41
2024,53,1,1912,1,1912_circle1
2001,60,1,1912,1,1912_circle1
2217,13,1,1912,2,"1912_circle16,1912_circle4"
1969,4,1,1912,1,1912_circle20
2497,25,1,1912,2,"1912_circle41,1912_circle36"
2345,52,1,1912,2,"1912_circle41,1912_circle36"
2017,7,1,1912,2,"1912_circle41,1912_circle15"
2321,7,1,1912,2,"1912_circle41,1912_circle23"
2459,46,1,1912,2,"1912_circle43,1912_circle1"
2514,9,1,1912,1,1912_circle36
2562,14,1,1912,1,1912_circle41
2581,24,1,1912,2,"1912_circle41,1912_circle15"
2019,19,1,1912,1,1912_circle20
2106,4,1,1912,3,"1912_circle41,1912_circle24,1912_circle25"
2421,8,1,1912,3,"1912_circle41,1912_circle15,1912_circle10"
2141,24,1,1912,1,1912_circle41
2449,46,1,1912,2,"1912_circle20,1912_circle36"
2440,34,1,1912,1,1912_circle41
2129,38,1,1912,2,"1912_circle41,1912_circle36"
2494,39,1,1912,1,1912_circle1
2013,9,1,1912,1,1912_circle41
2099,16,1,1912,2,"1912_circle8,1912_circle36"
1977,9,1,1912,1,1912_circle36
2160,24,1,1912,1,1912_circle41
2251,9,1,1912,2,"1912_circle41,1912_circle36"
2286,24,1,1912,1,1912_circle41
2577,20,1,1912,3,"1912_circle18,1912_circle15,1912_circle41"
2519,35,1,1912,2,"1912_circle38,1912_circle7"
1936,22,1,1912,1,1912_circle41
2413,17,1,1912,1,1912_circle36
2065,26,1,1912,1,1912_circle36
2599,14,1,1912,1,1912_circle40
2490,15,1,1912,0,
2248,18,1,1912,1,1912_circle41
2342,28,1,1912,1,1912_circle41
1949,8,1,1912,2,"1912_circle41,1912_circle15"
1956,8,1,1912,2,"1912_circle13,1912_circle36"
2281,9,1,1912,0,
2070,13,1,1912,1,1912_circle41
2272,29,1,1912,1,1912_circle41
2080,9,1,1912,1,1912_circle41
2265,11,1,1912,1,1912_circle36
2167,5,1,1912,1,1912_circle34
2426,18,1,1912,2,"1912_circle12,1912_circle27"
2255,10,1,1912,1,1912_circle27
2622,21,1,1912,1,1912_circle27
2524,13,1,1912,1,1912_circle36
2008,7,1,1912,1,1912_circle41
2173,30,1,1912,1,1912_circle41
1915,11,1,1912,3,"1912_circle41,1912_circle15,1912_circle36"
2614,17,1,1912,2,"1912_circle41,1912_circle36"
2023,25,1,1912,2,"1912_circle41,1912_circle15"
2193,14,1,1912,1,1912_circle41
2422,5,1,1912,1,1912_circle36
2441,4,1,1912,1,1912_circle36
1961,7,1,1912,2,"1912_circle35,1912_circle34"
2505,5,1,1912,1,1912_circle45
2094,7,1,1912,2,"1912_circle0,1912_circle34"
2036,21,1,1912,2,"1912_circle41,1912_circle36"
2656,16,1,1912,1,1912_circle41
2100,6,1,1912,2,"1912_circle16,1912_circle36"
2277,16,1,1912,1,1912_circle41
2580,6,1,1912,1,1912_circle41
1974,7,1,1912,1,1912_circle45
2380,3,1,1912,0,
2301,10,1,1912,2,"1912_circle34,1912_circle21"
2182,8,1,1912,2,"1912_circle41,1912_circle17"
2175,8,1,1912,1,1912_circle41
2481,3,1,1912,1,1912_circle34
2515,13,1,1912,1,1912_circle27
2488,39,1,1912,1,1912_circle36
2015,5,1,1912,1,1912_circle1
2312,16,1,1912,2,"1912_circle42,1912_circle36"
2635,20,1,1912,2,"1912_circle33,1912_circle38"
2051,9,1,1912,2,"1912_circle41,1912_circle36"
2262,14,1,1912,1,1912_circle20
2305,16,1,1912,0,
2230,5,1,1912,3,"1912_circle18,1912_circle8,1912_circle36"
2034,8,1,1912,3,"1912_circle41,1912_circle10,1912_circle23"
2527,4,1,1912,1,1912_circle32
2227,7,1,1912,2,"1912_circle41,1912_circle36"
2113,10,1,1912,2,"1912_circle16,1912_circle36"
1996,4,1,1912,2,"1912_circle41,1912_circle15"
2541,2,1,1912,2,"1912_circle41,1912_circle10"
2358,6,1,1912,2,"1912_circle8,1912_circle36"
2431,5,1,1912,2,"1912_circle23,1912_circle36"
2373,12,1,1912,1,1912_circle41
2548,8,1,1912,2,"1912_circle16,1912_circle4"
2085,30,1,1912,1,1912_circle41
2382,2,1,1912,3,"1912_circle41,1912_circle15,1912_circle10"
2263,7,1,1912,1,1912_circle36
2595,3,1,1912,1,1912_circle32
1924,6,1,1912,0,
2388,6,1,1912,1,1912_circle41
2565,4,1,1912,2,"1912_circle41,1912_circle15"
1967,2,1,1912,2,"1912_circle30,1912_circle21"
2483,3,1,1912,1,1912_circle32
2634,5,1,1912,1,1912_circle41
2204,4,1,1912,3,"1912_circle41,1912_circle15,1912_circle10"
2168,3,1,1912,2,"1912_circle41,1912_circle15"
2219,5,1,1912,1,1912_circle4
2442,3,1,1912,1,1912_circle20
2437,5,1,1912,3,"1912_circle41,1912_circle15,1912_circle10"
1912,747,1,1912,0,
3825,27,1,3437,1,3437_circle14
3568,35,1,3437,1,3437_circle14
3549,15,1,3437,0,
3905,8,1,3437,0,
3750,29,1,3437,0,
3596,86,1,3437,0,
3710,26,1,3437,0,
3713,26,1,3437,0,
3611,57,1,3437,0,
3542,33,1,3437,0,
3726,15,1,3437,0,
3972,18,1,3437,0,
3633,65,1,3437,3,"3437_circle3,3437_circle19,3437_circle26"
3448,47,1,3437,0,
3550,19,1,3437,0,
3968,46,1,3437,0,
3721,30,1,3437,4,"3437_circle19,3437_circle5,3437_circle4,3437_circle14"
3623,19,1,3437,3,"3437_circle1,3437_circle30,3437_circle14"
3866,19,1,3437,0,
3640,42,1,3437,2,"3437_circle0,3437_circle3"
3800,49,1,3437,0,
3762,17,1,3437,0,
3559,27,1,3437,0,
3609,27,1,3437,0,
3495,56,1,3437,0,
3793,49,1,3437,0,
3951,35,1,3437,0,
3873,38,1,3437,0,
3471,25,1,3437,0,
3851,59,1,3437,0,
3780,16,1,3437,0,
3576,42,1,3437,0,
3707,24,1,3437,0,
3500,20,1,3437,0,
3615,20,1,3437,2,"3437_circle15,3437_circle22"
3944,13,1,3437,0,
3867,26,1,3437,0,
3599,33,1,3437,0,
3845,20,1,3437,0,
3953,4,1,3437,0,
3775,9,1,3437,2,"3437_circle7,3437_circle25"
3799,14,1,3437,1,3437_circle11
3638,11,1,3437,0,
3562,15,1,3437,0,
3479,15,1,3437,0,
3926,43,1,3437,0,
3930,47,1,3437,0,
3826,32,1,3437,0,
3869,32,1,3437,0,
3782,32,1,3437,2,"3437_circle1,3437_circle14"
3558,38,1,3437,2,"3437_circle13,3437_circle14"
3838,61,1,3437,0,
3804,49,1,3437,0,
3517,17,1,3437,0,
3577,52,1,3437,0,
3620,16,1,3437,0,
3792,15,1,3437,0,
3860,37,1,3437,2,"3437_circle0,3437_circle3"
3528,36,1,3437,0,
3924,41,1,3437,0,
3969,25,1,3437,0,
3697,21,1,3437,0,
3830,108,1,3437,3,"3437_circle3,3437_circle9,3437_circle4"
3702,38,1,3437,0,
3627,19,1,3437,0,
3493,19,1,3437,0,
3527,23,1,3437,0,
3612,19,1,3437,2,"3437_circle11,3437_circle14"
3937,14,1,3437,0,
3674,38,1,3437,2,"3437_circle3,3437_circle25"
3463,24,1,3437,0,
3909,22,1,3437,0,
3813,7,1,3437,0,
3510,20,1,3437,0,
3915,22,1,3437,0,
3677,50,1,3437,5,"3437_circle28,3437_circle3,3437_circle14,3437_circle22,3437_circle4"
3964,15,1,3437,0,
3836,22,1,3437,2,"3437_circle11,3437_circle14"
3764,29,1,3437,0,
3758,44,1,3437,3,"3437_circle13,3437_circle18,3437_circle14"
3822,30,1,3437,0,
3833,32,1,3437,0,
3610,15,1,3437,0,
3847,13,1,3437,0,
3797,43,1,3437,0,
3950,16,1,3437,0,
3529,35,1,3437,0,
3741,18,1,3437,0,
3895,13,1,3437,2,"3437_circle6,3437_circle14"
3464,31,1,3437,0,
3788,12,1,3437,0,
3491,23,1,3437,0,
3462,20,1,3437,0,
3718,27,1,3437,2,"3437_circle18,3437_circle14"
3584,49,1,3437,0,
3484,15,1,3437,0,
3842,41,1,3437,0,
3545,83,1,3437,0,
3480,25,1,3437,0,
3608,19,1,3437,0,
3735,16,1,3437,0,
3966,47,1,3437,0,
3440,26,1,3437,0,
3651,32,1,3437,1,3437_circle3
3734,49,1,3437,0,
3760,17,1,3437,0,
3843,8,1,3437,2,"3437_circle25,3437_circle14"
3802,16,1,3437,0,
3705,38,1,3437,3,"3437_circle15,3437_circle22,3437_circle14"
3719,23,1,3437,1,3437_circle14
3511,22,1,3437,0,
3492,9,1,3437,0,
3556,13,1,3437,0,
3616,12,1,3437,0,
3513,6,1,3437,0,
3683,17,1,3437,0,
3886,29,1,3437,0,
3743,19,1,3437,0,
3628,23,1,3437,0,
3486,30,1,3437,0,
3706,25,1,3437,0,
3722,33,1,3437,0,
3876,9,1,3437,0,
3475,32,1,3437,0,
3902,42,1,3437,0,
3540,34,1,3437,0,
3824,50,1,3437,0,
3931,22,1,3437,0,
3917,15,1,3437,0,
3695,15,1,3437,0,
3889,15,1,3437,0,
3958,9,1,3437,0,
3457,6,1,3437,0,
3468,29,1,3437,0,
3534,23,1,3437,1,3437_circle14
3868,18,1,3437,0,
3567,14,1,3437,1,3437_circle16
3604,76,1,3437,3,"3437_circle0,3437_circle3,3437_circle14"
3449,45,1,3437,0,
3668,11,1,3437,0,
3466,26,1,3437,0,
3474,18,1,3437,0,
3945,34,1,3437,1,3437_circle14
3438,24,1,3437,0,
3716,7,1,3437,0,
3711,29,1,3437,0,
3794,35,1,3437,0,
3730,28,1,3437,0,
3514,41,1,3437,0,
3947,32,1,3437,3,"3437_circle1,3437_circle18,3437_circle14"
3739,15,1,3437,0,
3657,13,1,3437,0,
3557,31,1,3437,0,
3642,23,1,3437,0,
3785,19,1,3437,0,
3766,10,1,3437,2,"3437_circle15,3437_circle14"
3918,31,1,3437,0,
3892,13,1,3437,0,
3635,27,1,3437,0,
3692,38,1,3437,0,
3553,33,1,3437,2,"3437_circle15,3437_circle22"
3831,25,1,3437,0,
3884,34,1,3437,0,
3971,47,1,3437,0,
3563,17,1,3437,0,
3656,22,1,3437,1,3437_circle3
3896,21,1,3437,0,
3693,29,1,3437,0,
3912,15,1,3437,1,3437_circle16
3667,23,1,3437,0,
3728,28,1,3437,0,
3508,24,1,3437,0,
3669,7,1,3437,0,
3502,8,1,3437,0,
3874,14,1,3437,0,
3501,50,1,3437,0,
3832,12,1,3437,2,"3437_circle0,3437_circle3"
3458,20,1,3437,0,
3803,21,1,3437,2,"3437_circle25,3437_circle14"
3690,26,1,3437,3,"3437_circle12,3437_circle8,3437_circle14"
3967,16,1,3437,0,
3587,17,1,3437,0,
3938,83,1,3437,3,"3437_circle0,3437_circle19,3437_circle3"
3943,25,1,3437,0,
3509,22,1,3437,0,
3948,59,1,3437,4,"3437_circle3,3437_circle24,3437_circle5,3437_circle4"
3821,26,1,3437,0,
3671,9,1,3437,0,
3810,35,1,3437,3,"3437_circle13,3437_circle18,3437_circle14"
3516,14,1,3437,0,
3639,12,1,3437,0,
3593,47,1,3437,2,"3437_circle13,3437_circle14"
3767,10,1,3437,0,
3470,16,1,3437,1,3437_circle15
3499,21,1,3437,0,
3883,15,1,3437,0,
3858,32,1,3437,0,
3841,33,1,3437,0,
3737,39,1,3437,0,
3602,17,1,3437,0,
3837,17,1,3437,1,3437_circle11
3975,15,1,3437,0,
3878,10,1,3437,0,
3929,15,1,3437,0,
3533,15,1,3437,0,
3786,21,1,3437,2,"3437_circle1,3437_circle14"
3900,34,1,3437,0,
3920,16,1,3437,0,
3641,10,1,3437,0,
3790,45,1,3437,0,
3488,47,1,3437,2,"3437_circle0,3437_circle3"
3573,22,1,3437,0,
3522,9,1,3437,0,
3877,55,1,3437,0,
3644,13,1,3437,0,
3698,18,1,3437,0,
3829,37,1,3437,0,
3544,5,1,3437,2,"3437_circle7,3437_circle25"
3450,18,1,3437,0,
3828,28,1,3437,0,
3605,39,1,3437,2,"3437_circle0,3437_circle3"
3791,21,1,3437,2,"3437_circle15,3437_circle14"
3592,13,1,3437,2,"3437_circle25,3437_circle4"
3490,15,1,3437,0,
3546,16,1,3437,0,
3569,26,1,3437,0,
3442,45,1,3437,0,
3515,11,1,3437,0,
3861,16,1,3437,2,"3437_circle29,3437_circle14"
3954,4,1,3437,0,
3552,7,1,3437,0,
3882,4,1,3437,0,
3712,8,1,3437,0,
3893,6,1,3437,2,"3437_circle11,3437_circle14"
3643,24,1,3437,0,
3455,38,1,3437,0,
3916,7,1,3437,0,
3891,24,1,3437,0,
3630,13,1,3437,0,
3768,23,1,3437,0,
3646,17,1,3437,0,
3715,14,1,3437,0,
3624,14,1,3437,1,3437_circle2
3745,6,1,3437,0,
3949,12,1,3437,1,3437_circle2
3456,51,1,3437,3,"3437_circle3,3437_circle19,3437_circle5"
3823,14,1,3437,1,3437_circle14
3617,33,1,3437,3,"3437_circle12,3437_circle8,3437_circle14"
3805,5,1,3437,0,
3857,11,1,3437,0,
3736,12,1,3437,0,
3812,7,1,3437,0,
3907,26,1,3437,2,"3437_circle3,3437_circle15"
3561,14,1,3437,0,
3752,19,1,3437,0,
3663,14,1,3437,0,
3731,40,1,3437,0,
3473,17,1,3437,0,
3485,19,1,3437,0,
3801,3,1,3437,0,
3885,2,1,3437,0,
3679,13,1,3437,0,
3894,9,1,3437,1,3437_circle2
3518,33,1,3437,4,"3437_circle0,3437_circle17,3437_circle27,3437_circle3"
3687,33,1,3437,0,
3852,22,1,3437,0,
3680,43,1,3437,2,"3437_circle18,3437_circle14"
3789,8,1,3437,0,
3927,24,1,3437,0,
3622,12,1,3437,0,
3684,67,1,3437,0,
3603,9,1,3437,0,
3621,11,1,3437,0,
3855,15,1,3437,0,
3976,15,1,3437,0,
3815,15,1,3437,0,
3504,8,1,3437,0,
3487,10,1,3437,0,
3554,21,1,3437,1,3437_circle14
3555,20,1,3437,2,"3437_circle20,3437_circle14"
3956,24,1,3437,0,
3521,58,1,3437,3,"3437_circle3,3437_circle15,3437_circle4"
3870,26,1,3437,0,
3660,6,1,3437,1,3437_circle25
3586,44,1,3437,5,"3437_circle26,3437_circle3,3437_circle19,3437_circle5,3437_circle4"
3578,24,1,3437,0,
3888,10,1,3437,0,
3574,15,1,3437,2,"3437_circle0,3437_circle3"
3778,13,1,3437,0,
3497,24,1,3437,0,
3761,21,1,3437,0,
3763,12,1,3437,2,"3437_circle10,3437_circle14"
3933,22,1,3437,0,
3757,17,1,3437,0,
3906,44,1,3437,0,
3583,10,1,3437,0,
3613,15,1,3437,0,
3525,36,1,3437,0,
3530,8,1,3437,0,
3551,9,1,3437,2,"3437_circle5,3437_circle14"
3960,17,1,3437,0,
3600,7,1,3437,0,
3595,14,1,3437,0,
3614,10,1,3437,0,
3649,15,1,3437,0,
3482,13,1,3437,1,3437_circle15
3807,2,1,3437,0,
3648,21,1,3437,0,
3862,19,1,3437,0,
3636,25,1,3437,0,
3779,19,1,3437,1,3437_circle31
3659,10,1,3437,0,
3724,6,1,3437,0,
3914,8,1,3437,0,
3978,4,1,3437,0,
3708,15,1,3437,0,
3774,18,1,3437,0,
3863,11,1,3437,0,
3923,7,1,3437,0,
3787,5,1,3437,0,
3747,22,1,3437,0,
3505,25,1,3437,0,
3962,39,1,3437,3,"3437_circle3,3437_circle19,3437_circle5"
3921,30,1,3437,0,
3682,9,1,3437,1,3437_circle2
3740,27,1,3437,0,
3494,4,1,3437,2,"3437_circle12,3437_circle14"
3934,10,1,3437,0,
3601,21,1,3437,0,
3535,19,1,3437,0,
3465,16,1,3437,0,
3645,18,1,3437,1,3437_circle14
3890,5,1,3437,0,
3776,19,1,3437,0,
3460,28,1,3437,0,
3795,5,1,3437,0,
3652,7,1,3437,0,
3676,5,1,3437,0,
3919,12,1,3437,0,
3523,14,1,3437,0,
3503,13,1,3437,0,
3625,37,1,3437,0,
3664,10,1,3437,0,
3701,15,1,3437,0,
3506,48,1,3437,3,"3437_circle13,3437_circle18,3437_circle14"
3662,17,1,3437,0,
3469,28,1,3437,0,
3973,8,1,3437,0,
3666,9,1,3437,0,
3618,20,1,3437,0,
3443,22,1,3437,0,
3872,14,1,3437,0,
3685,15,1,3437,0,
3850,20,1,3437,0,
3591,19,1,3437,0,
3714,26,1,3437,0,
3811,3,1,3437,0,
3626,8,1,3437,0,
3634,22,1,3437,0,
3512,13,1,3437,0,
3859,6,1,3437,0,
3727,6,1,3437,0,
3756,61,1,3437,0,
3772,8,1,3437,1,3437_circle31
3476,15,1,3437,1,3437_circle11
3519,17,1,3437,0,
3454,14,1,3437,2,"3437_circle4,3437_circle14"
3754,8,1,3437,0,
3738,30,1,3437,0,
3910,4,1,3437,0,
3796,11,1,3437,0,
3446,11,1,3437,0,
3835,26,1,3437,0,
3725,19,1,3437,0,
3783,13,1,3437,0,
3769,13,1,3437,0,
3977,6,1,3437,0,
3590,27,1,3437,0,
3629,37,1,3437,0,
3897,4,1,3437,0,
3908,7,1,3437,0,
3979,12,1,3437,1,3437_circle25
3773,14,1,3437,0,
3903,18,1,3437,0,
3957,18,1,3437,0,
3899,7,1,3437,0,
3655,15,1,3437,0,
3940,11,1,3437,0,
3913,18,1,3437,0,
3759,19,1,3437,2,"3437_circle11,3437_circle14"
3571,17,1,3437,0,
3498,18,1,3437,0,
3817,12,1,3437,0,
3547,13,1,3437,0,
3675,14,1,3437,2,"3437_circle11,3437_circle14"
3753,25,1,3437,2,"3437_circle3,3437_circle15"
3478,17,1,3437,0,
3887,5,1,3437,0,
3537,4,1,3437,0,
3483,13,1,3437,0,
3848,6,1,3437,0,
3441,6,1,3437,0,
3541,12,1,3437,0,
3543,10,1,3437,0,
3784,12,1,3437,0,
3844,5,1,3437,1,3437_circle11
3536,11,1,3437,0,
3661,6,1,3437,0,
3672,47,1,3437,0,
3582,3,1,3437,0,
3771,7,1,3437,2,"3437_circle2,3437_circle14"
3911,7,1,3437,0,
3864,7,1,3437,0,
3594,12,1,3437,0,
3700,7,1,3437,0,
3538,20,1,3437,0,
3965,4,1,3437,0,
3840,12,1,3437,0,
3696,15,1,3437,0,
3941,7,1,3437,0,
3597,3,1,3437,0,
3526,30,1,3437,0,
3819,13,1,3437,2,"3437_circle16,3437_circle14"
3579,16,1,3437,0,
3925,5,1,3437,0,
3814,8,1,3437,0,
3647,8,1,3437,0,
3688,2,1,3437,0,
3658,16,1,3437,0,
3452,16,1,3437,0,
3496,19,1,3437,0,
3481,14,1,3437,0,
3749,6,1,3437,0,
3751,6,1,3437,0,
3827,8,1,3437,0,
3777,10,1,3437,1,3437_circle14
3881,18,1,3437,0,
3809,16,1,3437,0,
3703,15,1,3437,0,
3598,11,1,3437,0,
3524,16,1,3437,0,
3865,4,1,3437,0,
3871,8,1,3437,0,
3670,22,1,3437,0,
3531,9,1,3437,0,
3720,10,1,3437,0,
3564,17,1,3437,1,3437_circle14
3607,8,1,3437,0,
3459,15,1,3437,0,
3875,2,1,3437,0,
3723,8,1,3437,0,
3818,14,1,3437,0,
3489,5,1,3437,0,
3665,6,1,3437,0,
3742,5,1,3437,0,
3849,5,1,3437,0,
3507,9,1,3437,0,
3560,3,1,3437,0,
3691,3,1,3437,0,
3580,9,1,3437,0,
3532,15,1,3437,0,
3834,7,1,3437,3,"3437_circle8,3437_circle21,3437_circle14"
3970,6,1,3437,0,
3461,8,1,3437,0,
3585,8,1,3437,0,
3581,12,1,3437,0,
3565,4,1,3437,0,
3942,2,1,3437,0,
3472,15,1,3437,0,
3572,8,1,3437,0,
3955,3,1,3437,0,
3959,2,1,3437,0,
3467,3,1,3437,0,
3963,6,1,3437,2,"3437_circle23,3437_circle2"
3566,9,1,3437,2,"3437_circle5,3437_circle14"
3681,10,1,3437,0,
3898,16,1,3437,0,
3755,8,1,3437,0,
3520,10,1,3437,0,
3901,8,1,3437,0,
3631,10,1,3437,0,
3654,12,1,3437,0,
3445,7,1,3437,0,
3936,6,1,3437,0,
3689,3,1,3437,2,"3437_circle4,3437_circle14"
3632,6,1,3437,0,
3678,5,1,3437,0,
3904,7,1,3437,0,
3880,10,1,3437,2,"3437_circle3,3437_circle4"
3548,8,1,3437,1,3437_circle25
3922,2,1,3437,0,
3588,4,1,3437,0,
3765,4,1,3437,0,
3928,3,1,3437,0,
3961,7,1,3437,0,
3744,3,1,3437,0,
3806,6,1,3437,0,
3447,6,1,3437,0,
3694,5,1,3437,0,
3444,5,1,3437,0,
3733,3,1,3437,0,
3704,2,1,3437,0,
3932,8,1,3437,0,
3539,10,1,3437,1,3437_circle14
3746,2,1,3437,0,
3846,2,1,3437,0,
3717,3,1,3437,0,
3946,4,1,3437,0,
3770,10,1,3437,1,3437_circle14
3575,3,1,3437,0,
3619,4,1,3437,0,
3839,5,1,3437,0,
3606,5,1,3437,0,
3673,4,1,3437,0,
3816,3,1,3437,0,
3854,2,1,3437,0,
3781,4,1,3437,0,
3952,4,1,3437,0,
3939,4,1,3437,2,"3437_circle24,3437_circle2"
3732,2,1,3437,0,
3439,9,1,3437,0,
3637,5,1,3437,0,
3477,6,1,3437,2,"3437_circle17,3437_circle31"
3879,2,1,3437,0,
3808,2,1,3437,0,
3589,2,1,3437,0,
3699,3,1,3437,0,
3653,4,1,3437,0,
3686,4,1,3437,0,
3437,534,1,3437,0,
4038,9,1,3980,1,3980_circle13
4014,12,1,3980,1,3980_circle14
4032,2,1,3980,1,3980_circle6
4027,7,1,3980,1,3980_circle6
4019,8,1,3980,1,3980_circle6
4026,9,1,3980,1,3980_circle8
4023,18,1,3980,1,3980_circle6
4003,5,1,3980,1,3980_circle16
4018,7,1,3980,1,3980_circle6
3997,11,1,3980,1,3980_circle6
4031,11,1,3980,1,3980_circle6
4021,11,1,3980,1,3980_circle8
3998,14,1,3980,1,3980_circle6
4013,6,1,3980,1,3980_circle2
4004,10,1,3980,1,3980_circle16
4030,19,1,3980,1,3980_circle8
3988,7,1,3980,1,3980_circle8
3982,14,1,3980,1,3980_circle15
4002,7,1,3980,1,3980_circle6
4037,4,1,3980,1,3980_circle1
4020,8,1,3980,1,3980_circle6
3995,9,1,3980,1,3980_circle16
3993,6,1,3980,1,3980_circle16
3986,9,1,3980,1,3980_circle9
4017,9,1,3980,1,3980_circle9
3983,2,1,3980,1,3980_circle9
3994,11,1,3980,1,3980_circle6
3999,4,1,3980,1,3980_circle6
4005,3,1,3980,1,3980_circle6
4009,10,1,3980,1,3980_circle0
3991,3,1,3980,1,3980_circle6
3989,6,1,3980,1,3980_circle0
4011,4,1,3980,1,3980_circle6
3992,3,1,3980,1,3980_circle9
3981,8,1,3980,1,3980_circle6
4000,9,1,3980,1,3980_circle9
3985,6,1,3980,1,3980_circle16
3996,4,1,3980,1,3980_circle6
4029,2,1,3980,1,3980_circle11
4001,2,1,3980,1,3980_circle11
4025,4,1,3980,1,3980_circle10
4016,4,1,3980,1,3980_circle10
4034,2,1,3980,1,3980_circle6
3990,4,1,3980,1,3980_circle10
4036,2,1,3980,1,3980_circle6
4033,3,1,3980,1,3980_circle9
4007,4,1,3980,1,3980_circle10
4028,2,1,3980,1,3980_circle6
4012,2,1,3980,1,3980_circle12
3987,2,1,3980,1,3980_circle3
4006,2,1,3980,1,3980_circle4
3980,52,1,3980,0,
