Round,ego_node_id,neighbor_node_id,T_i_j,Y_i_j,Product
12,2630,1929,0,0,AAM AADMI PARTY
12,2630,1962,0,0,AAM AADMI PARTY
12,2630,1966,0,0,AAM AADMI PARTY
12,2630,1971,0,0,AAM AADMI PARTY
12,2630,1984,0,0,AAM AADMI PARTY
12,2630,1986,0,0,AAM AADMI PARTY
12,2630,2030,0,0,AAM AADMI PARTY
12,2630,2037,0,0,AAM AADMI PARTY
12,2630,2073,0,0,AAM AADMI PARTY
12,2630,2074,0,0,AAM AADMI PARTY
12,2630,2083,0,0,AAM AADMI PARTY
12,2630,2088,0,0,AAM AADMI PARTY
12,2630,2090,0,0,AAM AADMI PARTY
12,2630,2095,0,0,AAM AADMI PARTY
12,2630,2104,0,0,AAM AADMI PARTY
12,2630,2118,0,0,AAM AADMI PARTY
12,2630,2131,0,0,AAM AADMI PARTY
12,2630,2139,0,0,AAM AADMI PARTY
12,2630,2150,0,0,AAM AADMI PARTY
12,2630,2165,0,0,AAM AADMI PARTY
12,2630,2220,0,0,AAM AADMI PARTY
12,2630,2240,0,0,AAM AADMI PARTY
12,2630,2253,0,0,AAM AADMI PARTY
12,2630,2261,0,0,AAM AADMI PARTY
12,2630,2266,0,0,AAM AADMI PARTY
12,2630,2271,0,0,AAM AADMI PARTY
12,2630,2300,0,0,AAM AADMI PARTY
12,2630,2306,0,0,AAM AADMI PARTY
12,2630,2307,0,0,AAM AADMI PARTY
12,2630,2309,0,0,AAM AADMI PARTY
12,2630,2353,0,0,AAM AADMI PARTY
12,2630,2356,0,0,AAM AADMI PARTY
12,2630,2370,0,0,AAM AADMI PARTY
12,2630,2386,0,0,AAM AADMI PARTY
12,2630,2410,0,0,AAM AADMI PARTY
12,2630,2430,0,0,AAM AADMI PARTY
12,2630,2446,0,0,AAM AADMI PARTY
12,2630,2460,0,0,AAM AADMI PARTY
12,2630,2464,0,0,AAM AADMI PARTY
12,2630,2468,0,0,AAM AADMI PARTY
12,2630,2492,0,0,AAM AADMI PARTY
12,2630,2495,0,0,AAM AADMI PARTY
12,2630,2504,0,0,AAM AADMI PARTY
12,2630,2526,0,0,AAM AADMI PARTY
12,2630,2532,0,0,AAM AADMI PARTY
12,2630,2536,0,0,AAM AADMI PARTY
12,2630,2539,0,0,AAM AADMI PARTY
12,2630,2550,0,0,AAM AADMI PARTY
12,2630,2552,0,0,AAM AADMI PARTY
12,2630,2556,0,0,AAM AADMI PARTY
12,2630,2563,0,0,AAM AADMI PARTY
12,2630,2564,0,0,AAM AADMI PARTY
12,2630,2573,0,0,AAM AADMI PARTY
12,2630,2575,0,0,AAM AADMI PARTY
12,2630,2576,0,0,AAM AADMI PARTY
12,2630,2579,0,0,AAM AADMI PARTY
12,2630,2586,0,0,AAM AADMI PARTY
12,2630,2590,0,0,AAM AADMI PARTY
12,2630,2600,0,0,AAM AADMI PARTY
12,2630,2601,0,0,AAM AADMI PARTY
12,2630,2602,0,3000000,AAM AADMI PARTY
12,2630,2604,0,0,AAM AADMI PARTY
12,2630,2607,0,0,AAM AADMI PARTY
12,2630,2611,0,0,AAM AADMI PARTY
12,2630,2624,0,0,AAM AADMI PARTY
12,2630,2654,0,0,AAM AADMI PARTY
12,2630,2655,0,0,AAM AADMI PARTY
15,2630,1929,0,0,AAM AADMI PARTY
15,2630,1962,0,0,AAM AADMI PARTY
15,2630,1966,0,0,AAM AADMI PARTY
15,2630,1971,0,0,AAM AADMI PARTY
15,2630,1984,0,0,AAM AADMI PARTY
15,2630,1986,0,0,AAM AADMI PARTY
15,2630,2030,0,0,AAM AADMI PARTY
15,2630,2037,0,0,AAM AADMI PARTY
15,2630,2073,0,1000000,AAM AADMI PARTY
15,2630,2074,0,0,AAM AADMI PARTY
15,2630,2083,0,0,AAM AADMI PARTY
15,2630,2088,0,0,AAM AADMI PARTY
15,2630,2090,0,0,AAM AADMI PARTY
15,2630,2095,0,0,AAM AADMI PARTY
15,2630,2104,0,0,AAM AADMI PARTY
15,2630,2118,0,0,AAM AADMI PARTY
15,2630,2131,0,0,AAM AADMI PARTY
15,2630,2139,0,0,AAM AADMI PARTY
15,2630,2150,0,0,AAM AADMI PARTY
15,2630,2165,0,0,AAM AADMI PARTY
15,2630,2220,0,0,AAM AADMI PARTY
15,2630,2240,0,0,AAM AADMI PARTY
15,2630,2253,0,0,AAM AADMI PARTY
15,2630,2261,0,0,AAM AADMI PARTY
15,2630,2266,0,0,AAM AADMI PARTY
15,2630,2271,0,0,AAM AADMI PARTY
15,2630,2300,0,0,AAM AADMI PARTY
15,2630,2306,0,0,AAM AADMI PARTY
15,2630,2307,0,0,AAM AADMI PARTY
15,2630,2309,0,0,AAM AADMI PARTY
15,2630,2353,0,0,AAM AADMI PARTY
15,2630,2356,0,0,AAM AADMI PARTY
15,2630,2370,0,0,AAM AADMI PARTY
15,2630,2386,0,0,AAM AADMI PARTY
15,2630,2410,0,0,AAM AADMI PARTY
15,2630,2430,0,0,AAM AADMI PARTY
15,2630,2446,0,0,AAM AADMI PARTY
15,2630,2460,0,0,AAM AADMI PARTY
15,2630,2464,0,0,AAM AADMI PARTY
15,2630,2468,0,0,AAM AADMI PARTY
15,2630,2492,0,0,AAM AADMI PARTY
15,2630,2495,0,0,AAM AADMI PARTY
15,2630,2504,0,0,AAM AADMI PARTY
15,2630,2526,0,0,AAM AADMI PARTY
15,2630,2532,0,0,AAM AADMI PARTY
15,2630,2536,0,0,AAM AADMI PARTY
15,2630,2539,0,0,AAM AADMI PARTY
15,2630,2550,0,0,AAM AADMI PARTY
15,2630,2552,0,0,AAM AADMI PARTY
15,2630,2556,0,0,AAM AADMI PARTY
15,2630,2563,0,0,AAM AADMI PARTY
15,2630,2564,0,0,AAM AADMI PARTY
15,2630,2573,0,0,AAM AADMI PARTY
15,2630,2575,0,0,AAM AADMI PARTY
15,2630,2576,0,0,AAM AADMI PARTY
15,2630,2579,0,0,AAM AADMI PARTY
15,2630,2586,0,0,AAM AADMI PARTY
15,2630,2590,0,0,AAM AADMI PARTY
15,2630,2600,0,0,AAM AADMI PARTY
15,2630,2601,0,0,AAM AADMI PARTY
15,2630,2602,0,0,AAM AADMI PARTY
15,2630,2604,0,0,AAM AADMI PARTY
15,2630,2607,0,0,AAM AADMI PARTY
15,2630,2611,0,0,AAM AADMI PARTY
15,2630,2624,0,0,AAM AADMI PARTY
15,2630,2654,0,0,AAM AADMI PARTY
15,2630,2655,0,0,AAM AADMI PARTY
1,2630,1929,0,0,ADYAKSHA SAMAJVADI PARTY
1,2630,1962,0,0,ADYAKSHA SAMAJVADI PARTY
1,2630,1966,0,0,ADYAKSHA SAMAJVADI PARTY
1,2630,1971,0,0,ADYAKSHA SAMAJVADI PARTY
1,2630,1984,0,0,ADYAKSHA SAMAJVADI PARTY
1,2630,1986,0,0,ADYAKSHA SAMAJVADI PARTY
1,2630,2030,0,0,ADYAKSHA SAMAJVADI PARTY
1,2630,2037,0,0,ADYAKSHA SAMAJVADI PARTY
1,2630,2073,0,0,ADYAKSHA SAMAJVADI PARTY
1,2630,2074,0,0,ADYAKSHA SAMAJVADI PARTY
1,2630,2083,0,0,ADYAKSHA SAMAJVADI PARTY
1,2630,2088,0,0,ADYAKSHA SAMAJVADI PARTY
1,2630,2090,0,0,ADYAKSHA SAMAJVADI PARTY
1,2630,2095,0,0,ADYAKSHA SAMAJVADI PARTY
1,2630,2104,0,0,ADYAKSHA SAMAJVADI PARTY
1,2630,2118,0,0,ADYAKSHA SAMAJVADI PARTY
1,2630,2131,0,0,ADYAKSHA SAMAJVADI PARTY
1,2630,2139,0,0,ADYAKSHA SAMAJVADI PARTY
1,2630,2150,0,0,ADYAKSHA SAMAJVADI PARTY
1,2630,2165,0,0,ADYAKSHA SAMAJVADI PARTY
1,2630,2220,0,0,ADYAKSHA SAMAJVADI PARTY
1,2630,2240,0,0,ADYAKSHA SAMAJVADI PARTY
1,2630,2253,0,100000000,ADYAKSHA SAMAJVADI PARTY
1,2630,2261,0,0,ADYAKSHA SAMAJVADI PARTY
1,2630,2266,0,0,ADYAKSHA SAMAJVADI PARTY
1,2630,2271,0,0,ADYAKSHA SAMAJVADI PARTY
1,2630,2300,0,0,ADYAKSHA SAMAJVADI PARTY
1,2630,2306,0,0,ADYAKSHA SAMAJVADI PARTY
1,2630,2307,0,0,ADYAKSHA SAMAJVADI PARTY
1,2630,2309,0,0,ADYAKSHA SAMAJVADI PARTY
1,2630,2353,0,0,ADYAKSHA SAMAJVADI PARTY
1,2630,2356,0,0,ADYAKSHA SAMAJVADI PARTY
1,2630,2370,0,0,ADYAKSHA SAMAJVADI PARTY
1,2630,2386,0,0,ADYAKSHA SAMAJVADI PARTY
1,2630,2410,0,0,ADYAKSHA SAMAJVADI PARTY
1,2630,2430,0,0,ADYAKSHA SAMAJVADI PARTY
1,2630,2446,0,0,ADYAKSHA SAMAJVADI PARTY
1,2630,2460,0,0,ADYAKSHA SAMAJVADI PARTY
1,2630,2464,0,0,ADYAKSHA SAMAJVADI PARTY
1,2630,2468,0,0,ADYAKSHA SAMAJVADI PARTY
1,2630,2492,0,0,ADYAKSHA SAMAJVADI PARTY
1,2630,2495,0,0,ADYAKSHA SAMAJVADI PARTY
1,2630,2504,0,0,ADYAKSHA SAMAJVADI PARTY
1,2630,2526,0,0,ADYAKSHA SAMAJVADI PARTY
1,2630,2532,0,0,ADYAKSHA SAMAJVADI PARTY
1,2630,2536,0,0,ADYAKSHA SAMAJVADI PARTY
1,2630,2539,0,0,ADYAKSHA SAMAJVADI PARTY
1,2630,2550,0,0,ADYAKSHA SAMAJVADI PARTY
1,2630,2552,0,0,ADYAKSHA SAMAJVADI PARTY
1,2630,2556,0,0,ADYAKSHA SAMAJVADI PARTY
1,2630,2563,0,0,ADYAKSHA SAMAJVADI PARTY
1,2630,2564,0,0,ADYAKSHA SAMAJVADI PARTY
1,2630,2573,0,0,ADYAKSHA SAMAJVADI PARTY
1,2630,2575,0,0,ADYAKSHA SAMAJVADI PARTY
1,2630,2576,0,0,ADYAKSHA SAMAJVADI PARTY
1,2630,2579,0,0,ADYAKSHA SAMAJVADI PARTY
1,2630,2586,0,0,ADYAKSHA SAMAJVADI PARTY
1,2630,2590,0,0,ADYAKSHA SAMAJVADI PARTY
1,2630,2600,0,0,ADYAKSHA SAMAJVADI PARTY
1,2630,2601,0,0,ADYAKSHA SAMAJVADI PARTY
1,2630,2602,0,0,ADYAKSHA SAMAJVADI PARTY
1,2630,2604,0,0,ADYAKSHA SAMAJVADI PARTY
1,2630,2607,0,0,ADYAKSHA SAMAJVADI PARTY
1,2630,2611,0,0,ADYAKSHA SAMAJVADI PARTY
1,2630,2624,0,0,ADYAKSHA SAMAJVADI PARTY
1,2630,2654,0,0,ADYAKSHA SAMAJVADI PARTY
1,2630,2655,0,0,ADYAKSHA SAMAJVADI PARTY
1,2630,1929,0,0,ALL INDIA TRINAMOOL CONGRESS
1,2630,1962,0,0,ALL INDIA TRINAMOOL CONGRESS
1,2630,1966,0,0,ALL INDIA TRINAMOOL CONGRESS
1,2630,1971,0,0,ALL INDIA TRINAMOOL CONGRESS
1,2630,1984,0,0,ALL INDIA TRINAMOOL CONGRESS
1,2630,1986,0,0,ALL INDIA TRINAMOOL CONGRESS
1,2630,2030,0,0,ALL INDIA TRINAMOOL CONGRESS
1,2630,2037,0,0,ALL INDIA TRINAMOOL CONGRESS
1,2630,2073,0,0,ALL INDIA TRINAMOOL CONGRESS
1,2630,2074,0,0,ALL INDIA TRINAMOOL CONGRESS
1,2630,2083,0,0,ALL INDIA TRINAMOOL CONGRESS
1,2630,2088,0,0,ALL INDIA TRINAMOOL CONGRESS
1,2630,2090,0,0,ALL INDIA TRINAMOOL CONGRESS
1,2630,2095,0,0,ALL INDIA TRINAMOOL CONGRESS
1,2630,2104,0,0,ALL INDIA TRINAMOOL CONGRESS
1,2630,2118,0,0,ALL INDIA TRINAMOOL CONGRESS
1,2630,2131,0,0,ALL INDIA TRINAMOOL CONGRESS
1,2630,2139,0,0,ALL INDIA TRINAMOOL CONGRESS
1,2630,2150,0,0,ALL INDIA TRINAMOOL CONGRESS
1,2630,2165,0,0,ALL INDIA TRINAMOOL CONGRESS
1,2630,2220,0,0,ALL INDIA TRINAMOOL CONGRESS
1,2630,2240,0,0,ALL INDIA TRINAMOOL CONGRESS
1,2630,2253,0,200000000,ALL INDIA TRINAMOOL CONGRESS
1,2630,2261,0,0,ALL INDIA TRINAMOOL CONGRESS
1,2630,2266,0,0,ALL INDIA TRINAMOOL CONGRESS
1,2630,2271,0,0,ALL INDIA TRINAMOOL CONGRESS
1,2630,2300,0,0,ALL INDIA TRINAMOOL CONGRESS
1,2630,2306,0,0,ALL INDIA TRINAMOOL CONGRESS
1,2630,2307,0,0,ALL INDIA TRINAMOOL CONGRESS
1,2630,2309,0,0,ALL INDIA TRINAMOOL CONGRESS
1,2630,2353,0,0,ALL INDIA TRINAMOOL CONGRESS
1,2630,2356,0,0,ALL INDIA TRINAMOOL CONGRESS
1,2630,2370,0,0,ALL INDIA TRINAMOOL CONGRESS
1,2630,2386,0,0,ALL INDIA TRINAMOOL CONGRESS
1,2630,2410,0,0,ALL INDIA TRINAMOOL CONGRESS
1,2630,2430,0,0,ALL INDIA TRINAMOOL CONGRESS
1,2630,2446,0,0,ALL INDIA TRINAMOOL CONGRESS
1,2630,2460,0,0,ALL INDIA TRINAMOOL CONGRESS
1,2630,2464,0,0,ALL INDIA TRINAMOOL CONGRESS
1,2630,2468,0,0,ALL INDIA TRINAMOOL CONGRESS
1,2630,2492,0,0,ALL INDIA TRINAMOOL CONGRESS
1,2630,2495,0,0,ALL INDIA TRINAMOOL CONGRESS
1,2630,2504,0,0,ALL INDIA TRINAMOOL CONGRESS
1,2630,2526,0,0,ALL INDIA TRINAMOOL CONGRESS
1,2630,2532,0,0,ALL INDIA TRINAMOOL CONGRESS
1,2630,2536,0,0,ALL INDIA TRINAMOOL CONGRESS
1,2630,2539,0,0,ALL INDIA TRINAMOOL CONGRESS
1,2630,2550,0,0,ALL INDIA TRINAMOOL CONGRESS
1,2630,2552,0,0,ALL INDIA TRINAMOOL CONGRESS
1,2630,2556,0,0,ALL INDIA TRINAMOOL CONGRESS
1,2630,2563,0,0,ALL INDIA TRINAMOOL CONGRESS
1,2630,2564,0,0,ALL INDIA TRINAMOOL CONGRESS
1,2630,2573,0,0,ALL INDIA TRINAMOOL CONGRESS
1,2630,2575,0,0,ALL INDIA TRINAMOOL CONGRESS
1,2630,2576,0,0,ALL INDIA TRINAMOOL CONGRESS
1,2630,2579,0,0,ALL INDIA TRINAMOOL CONGRESS
1,2630,2586,0,0,ALL INDIA TRINAMOOL CONGRESS
1,2630,2590,0,0,ALL INDIA TRINAMOOL CONGRESS
1,2630,2600,0,0,ALL INDIA TRINAMOOL CONGRESS
1,2630,2601,0,0,ALL INDIA TRINAMOOL CONGRESS
1,2630,2602,0,0,ALL INDIA TRINAMOOL CONGRESS
1,2630,2604,0,0,ALL INDIA TRINAMOOL CONGRESS
1,2630,2607,0,0,ALL INDIA TRINAMOOL CONGRESS
1,2630,2611,0,0,ALL INDIA TRINAMOOL CONGRESS
1,2630,2624,0,0,ALL INDIA TRINAMOOL CONGRESS
1,2630,2654,0,0,ALL INDIA TRINAMOOL CONGRESS
1,2630,2655,0,0,ALL INDIA TRINAMOOL CONGRESS
4,2630,1929,1,0,ALL INDIA TRINAMOOL CONGRESS
4,2630,1962,1,0,ALL INDIA TRINAMOOL CONGRESS
4,2630,1966,1,0,ALL INDIA TRINAMOOL CONGRESS
4,2630,1971,1,0,ALL INDIA TRINAMOOL CONGRESS
4,2630,1984,1,300000,ALL INDIA TRINAMOOL CONGRESS
4,2630,1986,1,0,ALL INDIA TRINAMOOL CONGRESS
4,2630,2030,1,0,ALL INDIA TRINAMOOL CONGRESS
4,2630,2037,1,0,ALL INDIA TRINAMOOL CONGRESS
4,2630,2073,1,0,ALL INDIA TRINAMOOL CONGRESS
4,2630,2074,1,0,ALL INDIA TRINAMOOL CONGRESS
4,2630,2083,1,0,ALL INDIA TRINAMOOL CONGRESS
4,2630,2088,1,0,ALL INDIA TRINAMOOL CONGRESS
4,2630,2090,1,0,ALL INDIA TRINAMOOL CONGRESS
4,2630,2095,1,0,ALL INDIA TRINAMOOL CONGRESS
4,2630,2104,1,0,ALL INDIA TRINAMOOL CONGRESS
4,2630,2118,1,0,ALL INDIA TRINAMOOL CONGRESS
4,2630,2131,1,0,ALL INDIA TRINAMOOL CONGRESS
4,2630,2139,1,0,ALL INDIA TRINAMOOL CONGRESS
4,2630,2150,1,0,ALL INDIA TRINAMOOL CONGRESS
4,2630,2165,1,0,ALL INDIA TRINAMOOL CONGRESS
4,2630,2220,1,0,ALL INDIA TRINAMOOL CONGRESS
4,2630,2240,1,0,ALL INDIA TRINAMOOL CONGRESS
4,2630,2253,1,0,ALL INDIA TRINAMOOL CONGRESS
4,2630,2261,1,0,ALL INDIA TRINAMOOL CONGRESS
4,2630,2266,1,0,ALL INDIA TRINAMOOL CONGRESS
4,2630,2271,1,0,ALL INDIA TRINAMOOL CONGRESS
4,2630,2300,1,0,ALL INDIA TRINAMOOL CONGRESS
4,2630,2306,1,0,ALL INDIA TRINAMOOL CONGRESS
4,2630,2307,1,0,ALL INDIA TRINAMOOL CONGRESS
4,2630,2309,1,0,ALL INDIA TRINAMOOL CONGRESS
4,2630,2353,1,0,ALL INDIA TRINAMOOL CONGRESS
4,2630,2356,1,0,ALL INDIA TRINAMOOL CONGRESS
4,2630,2370,1,0,ALL INDIA TRINAMOOL CONGRESS
4,2630,2386,1,0,ALL INDIA TRINAMOOL CONGRESS
4,2630,2410,1,0,ALL INDIA TRINAMOOL CONGRESS
4,2630,2430,1,0,ALL INDIA TRINAMOOL CONGRESS
4,2630,2446,1,0,ALL INDIA TRINAMOOL CONGRESS
4,2630,2460,1,0,ALL INDIA TRINAMOOL CONGRESS
4,2630,2464,1,0,ALL INDIA TRINAMOOL CONGRESS
4,2630,2468,1,0,ALL INDIA TRINAMOOL CONGRESS
4,2630,2492,1,0,ALL INDIA TRINAMOOL CONGRESS
4,2630,2495,1,0,ALL INDIA TRINAMOOL CONGRESS
4,2630,2504,1,0,ALL INDIA TRINAMOOL CONGRESS
4,2630,2526,1,0,ALL INDIA TRINAMOOL CONGRESS
4,2630,2532,1,0,ALL INDIA TRINAMOOL CONGRESS
4,2630,2536,1,0,ALL INDIA TRINAMOOL CONGRESS
4,2630,2539,1,0,ALL INDIA TRINAMOOL CONGRESS
4,2630,2550,1,0,ALL INDIA TRINAMOOL CONGRESS
4,2630,2552,1,0,ALL INDIA TRINAMOOL CONGRESS
4,2630,2556,1,0,ALL INDIA TRINAMOOL CONGRESS
4,2630,2563,1,0,ALL INDIA TRINAMOOL CONGRESS
4,2630,2564,1,0,ALL INDIA TRINAMOOL CONGRESS
4,2630,2573,1,0,ALL INDIA TRINAMOOL CONGRESS
4,2630,2575,1,0,ALL INDIA TRINAMOOL CONGRESS
4,2630,2576,1,0,ALL INDIA TRINAMOOL CONGRESS
4,2630,2579,1,0,ALL INDIA TRINAMOOL CONGRESS
4,2630,2586,1,0,ALL INDIA TRINAMOOL CONGRESS
4,2630,2590,1,0,ALL INDIA TRINAMOOL CONGRESS
4,2630,2600,1,0,ALL INDIA TRINAMOOL CONGRESS
4,2630,2601,1,0,ALL INDIA TRINAMOOL CONGRESS
4,2630,2602,1,0,ALL INDIA TRINAMOOL CONGRESS
4,2630,2604,1,0,ALL INDIA TRINAMOOL CONGRESS
4,2630,2607,1,0,ALL INDIA TRINAMOOL CONGRESS
4,2630,2611,1,0,ALL INDIA TRINAMOOL CONGRESS
4,2630,2624,1,0,ALL INDIA TRINAMOOL CONGRESS
4,2630,2654,1,0,ALL INDIA TRINAMOOL CONGRESS
4,2630,2655,1,0,ALL INDIA TRINAMOOL CONGRESS
6,2630,1929,1,0,ALL INDIA TRINAMOOL CONGRESS
6,2630,1962,1,0,ALL INDIA TRINAMOOL CONGRESS
6,2630,1966,1,0,ALL INDIA TRINAMOOL CONGRESS
6,2630,1971,1,0,ALL INDIA TRINAMOOL CONGRESS
6,2630,1984,1,0,ALL INDIA TRINAMOOL CONGRESS
6,2630,1986,1,0,ALL INDIA TRINAMOOL CONGRESS
6,2630,2030,1,0,ALL INDIA TRINAMOOL CONGRESS
6,2630,2037,1,0,ALL INDIA TRINAMOOL CONGRESS
6,2630,2073,1,0,ALL INDIA TRINAMOOL CONGRESS
6,2630,2074,1,0,ALL INDIA TRINAMOOL CONGRESS
6,2630,2083,1,0,ALL INDIA TRINAMOOL CONGRESS
6,2630,2088,1,0,ALL INDIA TRINAMOOL CONGRESS
6,2630,2090,1,0,ALL INDIA TRINAMOOL CONGRESS
6,2630,2095,1,0,ALL INDIA TRINAMOOL CONGRESS
6,2630,2104,1,0,ALL INDIA TRINAMOOL CONGRESS
6,2630,2118,1,0,ALL INDIA TRINAMOOL CONGRESS
6,2630,2131,1,0,ALL INDIA TRINAMOOL CONGRESS
6,2630,2139,1,0,ALL INDIA TRINAMOOL CONGRESS
6,2630,2150,1,4000000,ALL INDIA TRINAMOOL CONGRESS
6,2630,2165,1,0,ALL INDIA TRINAMOOL CONGRESS
6,2630,2220,1,0,ALL INDIA TRINAMOOL CONGRESS
6,2630,2240,1,0,ALL INDIA TRINAMOOL CONGRESS
6,2630,2253,1,0,ALL INDIA TRINAMOOL CONGRESS
6,2630,2261,1,0,ALL INDIA TRINAMOOL CONGRESS
6,2630,2266,1,0,ALL INDIA TRINAMOOL CONGRESS
6,2630,2271,1,0,ALL INDIA TRINAMOOL CONGRESS
6,2630,2300,1,0,ALL INDIA TRINAMOOL CONGRESS
6,2630,2306,1,0,ALL INDIA TRINAMOOL CONGRESS
6,2630,2307,1,0,ALL INDIA TRINAMOOL CONGRESS
6,2630,2309,1,0,ALL INDIA TRINAMOOL CONGRESS
6,2630,2353,1,0,ALL INDIA TRINAMOOL CONGRESS
6,2630,2356,1,0,ALL INDIA TRINAMOOL CONGRESS
6,2630,2370,1,0,ALL INDIA TRINAMOOL CONGRESS
6,2630,2386,1,0,ALL INDIA TRINAMOOL CONGRESS
6,2630,2410,1,0,ALL INDIA TRINAMOOL CONGRESS
6,2630,2430,1,0,ALL INDIA TRINAMOOL CONGRESS
6,2630,2446,1,0,ALL INDIA TRINAMOOL CONGRESS
6,2630,2460,1,0,ALL INDIA TRINAMOOL CONGRESS
6,2630,2464,1,0,ALL INDIA TRINAMOOL CONGRESS
6,2630,2468,1,0,ALL INDIA TRINAMOOL CONGRESS
6,2630,2492,1,0,ALL INDIA TRINAMOOL CONGRESS
6,2630,2495,1,0,ALL INDIA TRINAMOOL CONGRESS
6,2630,2504,1,0,ALL INDIA TRINAMOOL CONGRESS
6,2630,2526,1,0,ALL INDIA TRINAMOOL CONGRESS
6,2630,2532,1,0,ALL INDIA TRINAMOOL CONGRESS
6,2630,2536,1,0,ALL INDIA TRINAMOOL CONGRESS
6,2630,2539,1,0,ALL INDIA TRINAMOOL CONGRESS
6,2630,2550,1,0,ALL INDIA TRINAMOOL CONGRESS
6,2630,2552,1,0,ALL INDIA TRINAMOOL CONGRESS
6,2630,2556,1,0,ALL INDIA TRINAMOOL CONGRESS
6,2630,2563,1,0,ALL INDIA TRINAMOOL CONGRESS
6,2630,2564,1,0,ALL INDIA TRINAMOOL CONGRESS
6,2630,2573,1,0,ALL INDIA TRINAMOOL CONGRESS
6,2630,2575,1,0,ALL INDIA TRINAMOOL CONGRESS
6,2630,2576,1,0,ALL INDIA TRINAMOOL CONGRESS
6,2630,2579,1,0,ALL INDIA TRINAMOOL CONGRESS
6,2630,2586,1,0,ALL INDIA TRINAMOOL CONGRESS
6,2630,2590,1,0,ALL INDIA TRINAMOOL CONGRESS
6,2630,2600,1,0,ALL INDIA TRINAMOOL CONGRESS
6,2630,2601,1,0,ALL INDIA TRINAMOOL CONGRESS
6,2630,2602,1,0,ALL INDIA TRINAMOOL CONGRESS
6,2630,2604,1,0,ALL INDIA TRINAMOOL CONGRESS
6,2630,2607,1,0,ALL INDIA TRINAMOOL CONGRESS
6,2630,2611,1,0,ALL INDIA TRINAMOOL CONGRESS
6,2630,2624,1,0,ALL INDIA TRINAMOOL CONGRESS
6,2630,2654,1,0,ALL INDIA TRINAMOOL CONGRESS
6,2630,2655,1,0,ALL INDIA TRINAMOOL CONGRESS
8,2630,1929,1,0,ALL INDIA TRINAMOOL CONGRESS
8,2630,1962,1,0,ALL INDIA TRINAMOOL CONGRESS
8,2630,1966,1,0,ALL INDIA TRINAMOOL CONGRESS
8,2630,1971,1,0,ALL INDIA TRINAMOOL CONGRESS
8,2630,1984,1,0,ALL INDIA TRINAMOOL CONGRESS
8,2630,1986,1,0,ALL INDIA TRINAMOOL CONGRESS
8,2630,2030,1,0,ALL INDIA TRINAMOOL CONGRESS
8,2630,2037,1,0,ALL INDIA TRINAMOOL CONGRESS
8,2630,2073,1,0,ALL INDIA TRINAMOOL CONGRESS
8,2630,2074,1,0,ALL INDIA TRINAMOOL CONGRESS
8,2630,2083,1,0,ALL INDIA TRINAMOOL CONGRESS
8,2630,2088,1,0,ALL INDIA TRINAMOOL CONGRESS
8,2630,2090,1,0,ALL INDIA TRINAMOOL CONGRESS
8,2630,2095,1,0,ALL INDIA TRINAMOOL CONGRESS
8,2630,2104,1,0,ALL INDIA TRINAMOOL CONGRESS
8,2630,2118,1,0,ALL INDIA TRINAMOOL CONGRESS
8,2630,2131,1,0,ALL INDIA TRINAMOOL CONGRESS
8,2630,2139,1,0,ALL INDIA TRINAMOOL CONGRESS
8,2630,2150,1,0,ALL INDIA TRINAMOOL CONGRESS
8,2630,2165,1,0,ALL INDIA TRINAMOOL CONGRESS
8,2630,2220,1,0,ALL INDIA TRINAMOOL CONGRESS
8,2630,2240,1,0,ALL INDIA TRINAMOOL CONGRESS
8,2630,2253,1,0,ALL INDIA TRINAMOOL CONGRESS
8,2630,2261,1,0,ALL INDIA TRINAMOOL CONGRESS
8,2630,2266,1,0,ALL INDIA TRINAMOOL CONGRESS
8,2630,2271,1,0,ALL INDIA TRINAMOOL CONGRESS
8,2630,2300,1,0,ALL INDIA TRINAMOOL CONGRESS
8,2630,2306,1,0,ALL INDIA TRINAMOOL CONGRESS
8,2630,2307,1,0,ALL INDIA TRINAMOOL CONGRESS
8,2630,2309,1,0,ALL INDIA TRINAMOOL CONGRESS
8,2630,2353,1,0,ALL INDIA TRINAMOOL CONGRESS
8,2630,2356,1,0,ALL INDIA TRINAMOOL CONGRESS
8,2630,2370,1,0,ALL INDIA TRINAMOOL CONGRESS
8,2630,2386,1,0,ALL INDIA TRINAMOOL CONGRESS
8,2630,2410,1,0,ALL INDIA TRINAMOOL CONGRESS
8,2630,2430,1,0,ALL INDIA TRINAMOOL CONGRESS
8,2630,2446,1,0,ALL INDIA TRINAMOOL CONGRESS
8,2630,2460,1,0,ALL INDIA TRINAMOOL CONGRESS
8,2630,2464,1,0,ALL INDIA TRINAMOOL CONGRESS
8,2630,2468,1,0,ALL INDIA TRINAMOOL CONGRESS
8,2630,2492,1,0,ALL INDIA TRINAMOOL CONGRESS
8,2630,2495,1,0,ALL INDIA TRINAMOOL CONGRESS
8,2630,2504,1,0,ALL INDIA TRINAMOOL CONGRESS
8,2630,2526,1,0,ALL INDIA TRINAMOOL CONGRESS
8,2630,2532,1,0,ALL INDIA TRINAMOOL CONGRESS
8,2630,2536,1,0,ALL INDIA TRINAMOOL CONGRESS
8,2630,2539,1,0,ALL INDIA TRINAMOOL CONGRESS
8,2630,2550,1,0,ALL INDIA TRINAMOOL CONGRESS
8,2630,2552,1,0,ALL INDIA TRINAMOOL CONGRESS
8,2630,2556,1,0,ALL INDIA TRINAMOOL CONGRESS
8,2630,2563,1,0,ALL INDIA TRINAMOOL CONGRESS
8,2630,2564,1,0,ALL INDIA TRINAMOOL CONGRESS
8,2630,2573,1,0,ALL INDIA TRINAMOOL CONGRESS
8,2630,2575,1,0,ALL INDIA TRINAMOOL CONGRESS
8,2630,2576,1,0,ALL INDIA TRINAMOOL CONGRESS
8,2630,2579,1,0,ALL INDIA TRINAMOOL CONGRESS
8,2630,2586,1,0,ALL INDIA TRINAMOOL CONGRESS
8,2630,2590,1,0,ALL INDIA TRINAMOOL CONGRESS
8,2630,2600,1,0,ALL INDIA TRINAMOOL CONGRESS
8,2630,2601,1,0,ALL INDIA TRINAMOOL CONGRESS
8,2630,2602,1,0,ALL INDIA TRINAMOOL CONGRESS
8,2630,2604,1,0,ALL INDIA TRINAMOOL CONGRESS
8,2630,2607,1,0,ALL INDIA TRINAMOOL CONGRESS
8,2630,2611,1,0,ALL INDIA TRINAMOOL CONGRESS
8,2630,2624,1,0,ALL INDIA TRINAMOOL CONGRESS
8,2630,2654,1,0,ALL INDIA TRINAMOOL CONGRESS
8,2630,2655,1,0,ALL INDIA TRINAMOOL CONGRESS
9,2630,1929,0,0,ALL INDIA TRINAMOOL CONGRESS
9,2630,1962,0,0,ALL INDIA TRINAMOOL CONGRESS
9,2630,1966,0,0,ALL INDIA TRINAMOOL CONGRESS
9,2630,1971,0,0,ALL INDIA TRINAMOOL CONGRESS
9,2630,1984,0,300000,ALL INDIA TRINAMOOL CONGRESS
9,2630,1986,0,0,ALL INDIA TRINAMOOL CONGRESS
9,2630,2030,0,0,ALL INDIA TRINAMOOL CONGRESS
9,2630,2037,0,0,ALL INDIA TRINAMOOL CONGRESS
9,2630,2073,0,0,ALL INDIA TRINAMOOL CONGRESS
9,2630,2074,0,0,ALL INDIA TRINAMOOL CONGRESS
9,2630,2083,0,0,ALL INDIA TRINAMOOL CONGRESS
9,2630,2088,0,0,ALL INDIA TRINAMOOL CONGRESS
9,2630,2090,0,0,ALL INDIA TRINAMOOL CONGRESS
9,2630,2095,0,0,ALL INDIA TRINAMOOL CONGRESS
9,2630,2104,0,0,ALL INDIA TRINAMOOL CONGRESS
9,2630,2118,0,0,ALL INDIA TRINAMOOL CONGRESS
9,2630,2131,0,0,ALL INDIA TRINAMOOL CONGRESS
9,2630,2139,0,0,ALL INDIA TRINAMOOL CONGRESS
9,2630,2150,0,0,ALL INDIA TRINAMOOL CONGRESS
9,2630,2165,0,0,ALL INDIA TRINAMOOL CONGRESS
9,2630,2220,0,0,ALL INDIA TRINAMOOL CONGRESS
9,2630,2240,0,0,ALL INDIA TRINAMOOL CONGRESS
9,2630,2253,0,0,ALL INDIA TRINAMOOL CONGRESS
9,2630,2261,0,0,ALL INDIA TRINAMOOL CONGRESS
9,2630,2266,0,0,ALL INDIA TRINAMOOL CONGRESS
9,2630,2271,0,0,ALL INDIA TRINAMOOL CONGRESS
9,2630,2300,0,0,ALL INDIA TRINAMOOL CONGRESS
9,2630,2306,0,0,ALL INDIA TRINAMOOL CONGRESS
9,2630,2307,0,0,ALL INDIA TRINAMOOL CONGRESS
9,2630,2309,0,0,ALL INDIA TRINAMOOL CONGRESS
9,2630,2353,0,0,ALL INDIA TRINAMOOL CONGRESS
9,2630,2356,0,0,ALL INDIA TRINAMOOL CONGRESS
9,2630,2370,0,0,ALL INDIA TRINAMOOL CONGRESS
9,2630,2386,0,0,ALL INDIA TRINAMOOL CONGRESS
9,2630,2410,0,0,ALL INDIA TRINAMOOL CONGRESS
9,2630,2430,0,0,ALL INDIA TRINAMOOL CONGRESS
9,2630,2446,0,0,ALL INDIA TRINAMOOL CONGRESS
9,2630,2460,0,0,ALL INDIA TRINAMOOL CONGRESS
9,2630,2464,0,0,ALL INDIA TRINAMOOL CONGRESS
9,2630,2468,0,0,ALL INDIA TRINAMOOL CONGRESS
9,2630,2492,0,0,ALL INDIA TRINAMOOL CONGRESS
9,2630,2495,0,0,ALL INDIA TRINAMOOL CONGRESS
9,2630,2504,0,0,ALL INDIA TRINAMOOL CONGRESS
9,2630,2526,0,0,ALL INDIA TRINAMOOL CONGRESS
9,2630,2532,0,0,ALL INDIA TRINAMOOL CONGRESS
9,2630,2536,0,0,ALL INDIA TRINAMOOL CONGRESS
9,2630,2539,0,0,ALL INDIA TRINAMOOL CONGRESS
9,2630,2550,0,0,ALL INDIA TRINAMOOL CONGRESS
9,2630,2552,0,0,ALL INDIA TRINAMOOL CONGRESS
9,2630,2556,0,0,ALL INDIA TRINAMOOL CONGRESS
9,2630,2563,0,0,ALL INDIA TRINAMOOL CONGRESS
9,2630,2564,0,0,ALL INDIA TRINAMOOL CONGRESS
9,2630,2573,0,0,ALL INDIA TRINAMOOL CONGRESS
9,2630,2575,0,0,ALL INDIA TRINAMOOL CONGRESS
9,2630,2576,0,0,ALL INDIA TRINAMOOL CONGRESS
9,2630,2579,0,0,ALL INDIA TRINAMOOL CONGRESS
9,2630,2586,0,0,ALL INDIA TRINAMOOL CONGRESS
9,2630,2590,0,0,ALL INDIA TRINAMOOL CONGRESS
9,2630,2600,0,0,ALL INDIA TRINAMOOL CONGRESS
9,2630,2601,0,0,ALL INDIA TRINAMOOL CONGRESS
9,2630,2602,0,0,ALL INDIA TRINAMOOL CONGRESS
9,2630,2604,0,0,ALL INDIA TRINAMOOL CONGRESS
9,2630,2607,0,0,ALL INDIA TRINAMOOL CONGRESS
9,2630,2611,0,0,ALL INDIA TRINAMOOL CONGRESS
9,2630,2624,0,0,ALL INDIA TRINAMOOL CONGRESS
9,2630,2654,0,0,ALL INDIA TRINAMOOL CONGRESS
9,2630,2655,0,0,ALL INDIA TRINAMOOL CONGRESS
10,2630,1929,1,0,ALL INDIA TRINAMOOL CONGRESS
10,2630,1962,1,0,ALL INDIA TRINAMOOL CONGRESS
10,2630,1966,1,0,ALL INDIA TRINAMOOL CONGRESS
10,2630,1971,1,0,ALL INDIA TRINAMOOL CONGRESS
10,2630,1984,1,0,ALL INDIA TRINAMOOL CONGRESS
10,2630,1986,1,0,ALL INDIA TRINAMOOL CONGRESS
10,2630,2030,1,0,ALL INDIA TRINAMOOL CONGRESS
10,2630,2037,1,0,ALL INDIA TRINAMOOL CONGRESS
10,2630,2073,1,0,ALL INDIA TRINAMOOL CONGRESS
10,2630,2074,1,0,ALL INDIA TRINAMOOL CONGRESS
10,2630,2083,1,0,ALL INDIA TRINAMOOL CONGRESS
10,2630,2088,1,0,ALL INDIA TRINAMOOL CONGRESS
10,2630,2090,1,0,ALL INDIA TRINAMOOL CONGRESS
10,2630,2095,1,0,ALL INDIA TRINAMOOL CONGRESS
10,2630,2104,1,0,ALL INDIA TRINAMOOL CONGRESS
10,2630,2118,1,0,ALL INDIA TRINAMOOL CONGRESS
10,2630,2131,1,4000000,ALL INDIA TRINAMOOL CONGRESS
10,2630,2139,1,0,ALL INDIA TRINAMOOL CONGRESS
10,2630,2150,1,0,ALL INDIA TRINAMOOL CONGRESS
10,2630,2165,1,0,ALL INDIA TRINAMOOL CONGRESS
10,2630,2220,1,0,ALL INDIA TRINAMOOL CONGRESS
10,2630,2240,1,0,ALL INDIA TRINAMOOL CONGRESS
10,2630,2253,1,0,ALL INDIA TRINAMOOL CONGRESS
10,2630,2261,1,0,ALL INDIA TRINAMOOL CONGRESS
10,2630,2266,1,0,ALL INDIA TRINAMOOL CONGRESS
10,2630,2271,1,0,ALL INDIA TRINAMOOL CONGRESS
10,2630,2300,1,0,ALL INDIA TRINAMOOL CONGRESS
10,2630,2306,1,0,ALL INDIA TRINAMOOL CONGRESS
10,2630,2307,1,0,ALL INDIA TRINAMOOL CONGRESS
10,2630,2309,1,0,ALL INDIA TRINAMOOL CONGRESS
10,2630,2353,1,0,ALL INDIA TRINAMOOL CONGRESS
10,2630,2356,1,0,ALL INDIA TRINAMOOL CONGRESS
10,2630,2370,1,0,ALL INDIA TRINAMOOL CONGRESS
10,2630,2386,1,0,ALL INDIA TRINAMOOL CONGRESS
10,2630,2410,1,0,ALL INDIA TRINAMOOL CONGRESS
10,2630,2430,1,0,ALL INDIA TRINAMOOL CONGRESS
10,2630,2446,1,0,ALL INDIA TRINAMOOL CONGRESS
10,2630,2460,1,0,ALL INDIA TRINAMOOL CONGRESS
10,2630,2464,1,0,ALL INDIA TRINAMOOL CONGRESS
10,2630,2468,1,0,ALL INDIA TRINAMOOL CONGRESS
10,2630,2492,1,0,ALL INDIA TRINAMOOL CONGRESS
10,2630,2495,1,0,ALL INDIA TRINAMOOL CONGRESS
10,2630,2504,1,0,ALL INDIA TRINAMOOL CONGRESS
10,2630,2526,1,0,ALL INDIA TRINAMOOL CONGRESS
10,2630,2532,1,0,ALL INDIA TRINAMOOL CONGRESS
10,2630,2536,1,3000000,ALL INDIA TRINAMOOL CONGRESS
10,2630,2539,1,0,ALL INDIA TRINAMOOL CONGRESS
10,2630,2550,1,0,ALL INDIA TRINAMOOL CONGRESS
10,2630,2552,1,0,ALL INDIA TRINAMOOL CONGRESS
10,2630,2556,1,0,ALL INDIA TRINAMOOL CONGRESS
10,2630,2563,1,0,ALL INDIA TRINAMOOL CONGRESS
10,2630,2564,1,0,ALL INDIA TRINAMOOL CONGRESS
10,2630,2573,1,0,ALL INDIA TRINAMOOL CONGRESS
10,2630,2575,1,0,ALL INDIA TRINAMOOL CONGRESS
10,2630,2576,1,0,ALL INDIA TRINAMOOL CONGRESS
10,2630,2579,1,0,ALL INDIA TRINAMOOL CONGRESS
10,2630,2586,1,0,ALL INDIA TRINAMOOL CONGRESS
10,2630,2590,1,0,ALL INDIA TRINAMOOL CONGRESS
10,2630,2600,1,0,ALL INDIA TRINAMOOL CONGRESS
10,2630,2601,1,0,ALL INDIA TRINAMOOL CONGRESS
10,2630,2602,1,0,ALL INDIA TRINAMOOL CONGRESS
10,2630,2604,1,0,ALL INDIA TRINAMOOL CONGRESS
10,2630,2607,1,0,ALL INDIA TRINAMOOL CONGRESS
10,2630,2611,1,0,ALL INDIA TRINAMOOL CONGRESS
10,2630,2624,1,0,ALL INDIA TRINAMOOL CONGRESS
10,2630,2654,1,0,ALL INDIA TRINAMOOL CONGRESS
10,2630,2655,1,0,ALL INDIA TRINAMOOL CONGRESS
11,2630,1929,1,0,ALL INDIA TRINAMOOL CONGRESS
11,2630,1962,1,0,ALL INDIA TRINAMOOL CONGRESS
11,2630,1966,1,0,ALL INDIA TRINAMOOL CONGRESS
11,2630,1971,1,0,ALL INDIA TRINAMOOL CONGRESS
11,2630,1984,1,0,ALL INDIA TRINAMOOL CONGRESS
11,2630,1986,1,0,ALL INDIA TRINAMOOL CONGRESS
11,2630,2030,1,0,ALL INDIA TRINAMOOL CONGRESS
11,2630,2037,1,0,ALL INDIA TRINAMOOL CONGRESS
11,2630,2073,1,0,ALL INDIA TRINAMOOL CONGRESS
11,2630,2074,1,0,ALL INDIA TRINAMOOL CONGRESS
11,2630,2083,1,0,ALL INDIA TRINAMOOL CONGRESS
11,2630,2088,1,0,ALL INDIA TRINAMOOL CONGRESS
11,2630,2090,1,100000,ALL INDIA TRINAMOOL CONGRESS
11,2630,2095,1,0,ALL INDIA TRINAMOOL CONGRESS
11,2630,2104,1,0,ALL INDIA TRINAMOOL CONGRESS
11,2630,2118,1,0,ALL INDIA TRINAMOOL CONGRESS
11,2630,2131,1,0,ALL INDIA TRINAMOOL CONGRESS
11,2630,2139,1,0,ALL INDIA TRINAMOOL CONGRESS
11,2630,2150,1,0,ALL INDIA TRINAMOOL CONGRESS
11,2630,2165,1,0,ALL INDIA TRINAMOOL CONGRESS
11,2630,2220,1,0,ALL INDIA TRINAMOOL CONGRESS
11,2630,2240,1,0,ALL INDIA TRINAMOOL CONGRESS
11,2630,2253,1,0,ALL INDIA TRINAMOOL CONGRESS
11,2630,2261,1,0,ALL INDIA TRINAMOOL CONGRESS
11,2630,2266,1,0,ALL INDIA TRINAMOOL CONGRESS
11,2630,2271,1,0,ALL INDIA TRINAMOOL CONGRESS
11,2630,2300,1,0,ALL INDIA TRINAMOOL CONGRESS
11,2630,2306,1,0,ALL INDIA TRINAMOOL CONGRESS
11,2630,2307,1,0,ALL INDIA TRINAMOOL CONGRESS
11,2630,2309,1,0,ALL INDIA TRINAMOOL CONGRESS
11,2630,2353,1,0,ALL INDIA TRINAMOOL CONGRESS
11,2630,2356,1,0,ALL INDIA TRINAMOOL CONGRESS
11,2630,2370,1,0,ALL INDIA TRINAMOOL CONGRESS
11,2630,2386,1,0,ALL INDIA TRINAMOOL CONGRESS
11,2630,2410,1,0,ALL INDIA TRINAMOOL CONGRESS
11,2630,2430,1,0,ALL INDIA TRINAMOOL CONGRESS
11,2630,2446,1,0,ALL INDIA TRINAMOOL CONGRESS
11,2630,2460,1,0,ALL INDIA TRINAMOOL CONGRESS
11,2630,2464,1,0,ALL INDIA TRINAMOOL CONGRESS
11,2630,2468,1,0,ALL INDIA TRINAMOOL CONGRESS
11,2630,2492,1,0,ALL INDIA TRINAMOOL CONGRESS
11,2630,2495,1,0,ALL INDIA TRINAMOOL CONGRESS
11,2630,2504,1,0,ALL INDIA TRINAMOOL CONGRESS
11,2630,2526,1,0,ALL INDIA TRINAMOOL CONGRESS
11,2630,2532,1,0,ALL INDIA TRINAMOOL CONGRESS
11,2630,2536,1,0,ALL INDIA TRINAMOOL CONGRESS
11,2630,2539,1,0,ALL INDIA TRINAMOOL CONGRESS
11,2630,2550,1,0,ALL INDIA TRINAMOOL CONGRESS
11,2630,2552,1,0,ALL INDIA TRINAMOOL CONGRESS
11,2630,2556,1,3500000,ALL INDIA TRINAMOOL CONGRESS
11,2630,2563,1,0,ALL INDIA TRINAMOOL CONGRESS
11,2630,2564,1,0,ALL INDIA TRINAMOOL CONGRESS
11,2630,2573,1,0,ALL INDIA TRINAMOOL CONGRESS
11,2630,2575,1,0,ALL INDIA TRINAMOOL CONGRESS
11,2630,2576,1,0,ALL INDIA TRINAMOOL CONGRESS
11,2630,2579,1,0,ALL INDIA TRINAMOOL CONGRESS
11,2630,2586,1,0,ALL INDIA TRINAMOOL CONGRESS
11,2630,2590,1,0,ALL INDIA TRINAMOOL CONGRESS
11,2630,2600,1,0,ALL INDIA TRINAMOOL CONGRESS
11,2630,2601,1,0,ALL INDIA TRINAMOOL CONGRESS
11,2630,2602,1,0,ALL INDIA TRINAMOOL CONGRESS
11,2630,2604,1,0,ALL INDIA TRINAMOOL CONGRESS
11,2630,2607,1,0,ALL INDIA TRINAMOOL CONGRESS
11,2630,2611,1,0,ALL INDIA TRINAMOOL CONGRESS
11,2630,2624,1,0,ALL INDIA TRINAMOOL CONGRESS
11,2630,2654,1,0,ALL INDIA TRINAMOOL CONGRESS
11,2630,2655,1,0,ALL INDIA TRINAMOOL CONGRESS
12,2630,1929,1,0,ALL INDIA TRINAMOOL CONGRESS
12,2630,1962,1,0,ALL INDIA TRINAMOOL CONGRESS
12,2630,1966,1,0,ALL INDIA TRINAMOOL CONGRESS
12,2630,1971,1,0,ALL INDIA TRINAMOOL CONGRESS
12,2630,1984,1,0,ALL INDIA TRINAMOOL CONGRESS
12,2630,1986,1,0,ALL INDIA TRINAMOOL CONGRESS
12,2630,2030,1,0,ALL INDIA TRINAMOOL CONGRESS
12,2630,2037,1,0,ALL INDIA TRINAMOOL CONGRESS
12,2630,2073,1,0,ALL INDIA TRINAMOOL CONGRESS
12,2630,2074,1,0,ALL INDIA TRINAMOOL CONGRESS
12,2630,2083,1,0,ALL INDIA TRINAMOOL CONGRESS
12,2630,2088,1,0,ALL INDIA TRINAMOOL CONGRESS
12,2630,2090,1,0,ALL INDIA TRINAMOOL CONGRESS
12,2630,2095,1,0,ALL INDIA TRINAMOOL CONGRESS
12,2630,2104,1,0,ALL INDIA TRINAMOOL CONGRESS
12,2630,2118,1,0,ALL INDIA TRINAMOOL CONGRESS
12,2630,2131,1,0,ALL INDIA TRINAMOOL CONGRESS
12,2630,2139,1,0,ALL INDIA TRINAMOOL CONGRESS
12,2630,2150,1,0,ALL INDIA TRINAMOOL CONGRESS
12,2630,2165,1,0,ALL INDIA TRINAMOOL CONGRESS
12,2630,2220,1,0,ALL INDIA TRINAMOOL CONGRESS
12,2630,2240,1,0,ALL INDIA TRINAMOOL CONGRESS
12,2630,2253,1,0,ALL INDIA TRINAMOOL CONGRESS
12,2630,2261,1,0,ALL INDIA TRINAMOOL CONGRESS
12,2630,2266,1,0,ALL INDIA TRINAMOOL CONGRESS
12,2630,2271,1,0,ALL INDIA TRINAMOOL CONGRESS
12,2630,2300,1,0,ALL INDIA TRINAMOOL CONGRESS
12,2630,2306,1,0,ALL INDIA TRINAMOOL CONGRESS
12,2630,2307,1,0,ALL INDIA TRINAMOOL CONGRESS
12,2630,2309,1,0,ALL INDIA TRINAMOOL CONGRESS
12,2630,2353,1,0,ALL INDIA TRINAMOOL CONGRESS
12,2630,2356,1,0,ALL INDIA TRINAMOOL CONGRESS
12,2630,2370,1,0,ALL INDIA TRINAMOOL CONGRESS
12,2630,2386,1,0,ALL INDIA TRINAMOOL CONGRESS
12,2630,2410,1,0,ALL INDIA TRINAMOOL CONGRESS
12,2630,2430,1,0,ALL INDIA TRINAMOOL CONGRESS
12,2630,2446,1,0,ALL INDIA TRINAMOOL CONGRESS
12,2630,2460,1,0,ALL INDIA TRINAMOOL CONGRESS
12,2630,2464,1,0,ALL INDIA TRINAMOOL CONGRESS
12,2630,2468,1,0,ALL INDIA TRINAMOOL CONGRESS
12,2630,2492,1,0,ALL INDIA TRINAMOOL CONGRESS
12,2630,2495,1,0,ALL INDIA TRINAMOOL CONGRESS
12,2630,2504,1,0,ALL INDIA TRINAMOOL CONGRESS
12,2630,2526,1,0,ALL INDIA TRINAMOOL CONGRESS
12,2630,2532,1,0,ALL INDIA TRINAMOOL CONGRESS
12,2630,2536,1,0,ALL INDIA TRINAMOOL CONGRESS
12,2630,2539,1,0,ALL INDIA TRINAMOOL CONGRESS
12,2630,2550,1,0,ALL INDIA TRINAMOOL CONGRESS
12,2630,2552,1,0,ALL INDIA TRINAMOOL CONGRESS
12,2630,2556,1,0,ALL INDIA TRINAMOOL CONGRESS
12,2630,2563,1,0,ALL INDIA TRINAMOOL CONGRESS
12,2630,2564,1,0,ALL INDIA TRINAMOOL CONGRESS
12,2630,2573,1,0,ALL INDIA TRINAMOOL CONGRESS
12,2630,2575,1,0,ALL INDIA TRINAMOOL CONGRESS
12,2630,2576,1,0,ALL INDIA TRINAMOOL CONGRESS
12,2630,2579,1,0,ALL INDIA TRINAMOOL CONGRESS
12,2630,2586,1,0,ALL INDIA TRINAMOOL CONGRESS
12,2630,2590,1,0,ALL INDIA TRINAMOOL CONGRESS
12,2630,2600,1,0,ALL INDIA TRINAMOOL CONGRESS
12,2630,2601,1,0,ALL INDIA TRINAMOOL CONGRESS
12,2630,2602,1,1500000,ALL INDIA TRINAMOOL CONGRESS
12,2630,2604,1,0,ALL INDIA TRINAMOOL CONGRESS
12,2630,2607,1,0,ALL INDIA TRINAMOOL CONGRESS
12,2630,2611,1,0,ALL INDIA TRINAMOOL CONGRESS
12,2630,2624,1,0,ALL INDIA TRINAMOOL CONGRESS
12,2630,2654,1,0,ALL INDIA TRINAMOOL CONGRESS
12,2630,2655,1,0,ALL INDIA TRINAMOOL CONGRESS
13,2630,1929,1,0,ALL INDIA TRINAMOOL CONGRESS
13,2630,1962,1,0,ALL INDIA TRINAMOOL CONGRESS
13,2630,1966,1,0,ALL INDIA TRINAMOOL CONGRESS
13,2630,1971,1,0,ALL INDIA TRINAMOOL CONGRESS
13,2630,1984,1,0,ALL INDIA TRINAMOOL CONGRESS
13,2630,1986,1,0,ALL INDIA TRINAMOOL CONGRESS
13,2630,2030,1,0,ALL INDIA TRINAMOOL CONGRESS
13,2630,2037,1,0,ALL INDIA TRINAMOOL CONGRESS
13,2630,2073,1,0,ALL INDIA TRINAMOOL CONGRESS
13,2630,2074,1,0,ALL INDIA TRINAMOOL CONGRESS
13,2630,2083,1,0,ALL INDIA TRINAMOOL CONGRESS
13,2630,2088,1,0,ALL INDIA TRINAMOOL CONGRESS
13,2630,2090,1,0,ALL INDIA TRINAMOOL CONGRESS
13,2630,2095,1,0,ALL INDIA TRINAMOOL CONGRESS
13,2630,2104,1,0,ALL INDIA TRINAMOOL CONGRESS
13,2630,2118,1,0,ALL INDIA TRINAMOOL CONGRESS
13,2630,2131,1,0,ALL INDIA TRINAMOOL CONGRESS
13,2630,2139,1,0,ALL INDIA TRINAMOOL CONGRESS
13,2630,2150,1,0,ALL INDIA TRINAMOOL CONGRESS
13,2630,2165,1,0,ALL INDIA TRINAMOOL CONGRESS
13,2630,2220,1,0,ALL INDIA TRINAMOOL CONGRESS
13,2630,2240,1,0,ALL INDIA TRINAMOOL CONGRESS
13,2630,2253,1,0,ALL INDIA TRINAMOOL CONGRESS
13,2630,2261,1,0,ALL INDIA TRINAMOOL CONGRESS
13,2630,2266,1,0,ALL INDIA TRINAMOOL CONGRESS
13,2630,2271,1,0,ALL INDIA TRINAMOOL CONGRESS
13,2630,2300,1,0,ALL INDIA TRINAMOOL CONGRESS
13,2630,2306,1,0,ALL INDIA TRINAMOOL CONGRESS
13,2630,2307,1,0,ALL INDIA TRINAMOOL CONGRESS
13,2630,2309,1,0,ALL INDIA TRINAMOOL CONGRESS
13,2630,2353,1,0,ALL INDIA TRINAMOOL CONGRESS
13,2630,2356,1,0,ALL INDIA TRINAMOOL CONGRESS
13,2630,2370,1,0,ALL INDIA TRINAMOOL CONGRESS
13,2630,2386,1,0,ALL INDIA TRINAMOOL CONGRESS
13,2630,2410,1,0,ALL INDIA TRINAMOOL CONGRESS
13,2630,2430,1,0,ALL INDIA TRINAMOOL CONGRESS
13,2630,2446,1,0,ALL INDIA TRINAMOOL CONGRESS
13,2630,2460,1,0,ALL INDIA TRINAMOOL CONGRESS
13,2630,2464,1,0,ALL INDIA TRINAMOOL CONGRESS
13,2630,2468,1,0,ALL INDIA TRINAMOOL CONGRESS
13,2630,2492,1,0,ALL INDIA TRINAMOOL CONGRESS
13,2630,2495,1,0,ALL INDIA TRINAMOOL CONGRESS
13,2630,2504,1,0,ALL INDIA TRINAMOOL CONGRESS
13,2630,2526,1,0,ALL INDIA TRINAMOOL CONGRESS
13,2630,2532,1,0,ALL INDIA TRINAMOOL CONGRESS
13,2630,2536,1,0,ALL INDIA TRINAMOOL CONGRESS
13,2630,2539,1,0,ALL INDIA TRINAMOOL CONGRESS
13,2630,2550,1,0,ALL INDIA TRINAMOOL CONGRESS
13,2630,2552,1,0,ALL INDIA TRINAMOOL CONGRESS
13,2630,2556,1,0,ALL INDIA TRINAMOOL CONGRESS
13,2630,2563,1,0,ALL INDIA TRINAMOOL CONGRESS
13,2630,2564,1,0,ALL INDIA TRINAMOOL CONGRESS
13,2630,2573,1,0,ALL INDIA TRINAMOOL CONGRESS
13,2630,2575,1,0,ALL INDIA TRINAMOOL CONGRESS
13,2630,2576,1,0,ALL INDIA TRINAMOOL CONGRESS
13,2630,2579,1,0,ALL INDIA TRINAMOOL CONGRESS
13,2630,2586,1,0,ALL INDIA TRINAMOOL CONGRESS
13,2630,2590,1,0,ALL INDIA TRINAMOOL CONGRESS
13,2630,2600,1,0,ALL INDIA TRINAMOOL CONGRESS
13,2630,2601,1,0,ALL INDIA TRINAMOOL CONGRESS
13,2630,2602,1,0,ALL INDIA TRINAMOOL CONGRESS
13,2630,2604,1,0,ALL INDIA TRINAMOOL CONGRESS
13,2630,2607,1,0,ALL INDIA TRINAMOOL CONGRESS
13,2630,2611,1,0,ALL INDIA TRINAMOOL CONGRESS
13,2630,2624,1,0,ALL INDIA TRINAMOOL CONGRESS
13,2630,2654,1,0,ALL INDIA TRINAMOOL CONGRESS
13,2630,2655,1,0,ALL INDIA TRINAMOOL CONGRESS
14,2630,1929,1,0,ALL INDIA TRINAMOOL CONGRESS
14,2630,1962,1,0,ALL INDIA TRINAMOOL CONGRESS
14,2630,1966,1,0,ALL INDIA TRINAMOOL CONGRESS
14,2630,1971,1,0,ALL INDIA TRINAMOOL CONGRESS
14,2630,1984,1,0,ALL INDIA TRINAMOOL CONGRESS
14,2630,1986,1,0,ALL INDIA TRINAMOOL CONGRESS
14,2630,2030,1,0,ALL INDIA TRINAMOOL CONGRESS
14,2630,2037,1,0,ALL INDIA TRINAMOOL CONGRESS
14,2630,2073,1,0,ALL INDIA TRINAMOOL CONGRESS
14,2630,2074,1,0,ALL INDIA TRINAMOOL CONGRESS
14,2630,2083,1,0,ALL INDIA TRINAMOOL CONGRESS
14,2630,2088,1,0,ALL INDIA TRINAMOOL CONGRESS
14,2630,2090,1,0,ALL INDIA TRINAMOOL CONGRESS
14,2630,2095,1,0,ALL INDIA TRINAMOOL CONGRESS
14,2630,2104,1,0,ALL INDIA TRINAMOOL CONGRESS
14,2630,2118,1,0,ALL INDIA TRINAMOOL CONGRESS
14,2630,2131,1,0,ALL INDIA TRINAMOOL CONGRESS
14,2630,2139,1,0,ALL INDIA TRINAMOOL CONGRESS
14,2630,2150,1,0,ALL INDIA TRINAMOOL CONGRESS
14,2630,2165,1,0,ALL INDIA TRINAMOOL CONGRESS
14,2630,2220,1,0,ALL INDIA TRINAMOOL CONGRESS
14,2630,2240,1,0,ALL INDIA TRINAMOOL CONGRESS
14,2630,2253,1,0,ALL INDIA TRINAMOOL CONGRESS
14,2630,2261,1,0,ALL INDIA TRINAMOOL CONGRESS
14,2630,2266,1,0,ALL INDIA TRINAMOOL CONGRESS
14,2630,2271,1,0,ALL INDIA TRINAMOOL CONGRESS
14,2630,2300,1,0,ALL INDIA TRINAMOOL CONGRESS
14,2630,2306,1,0,ALL INDIA TRINAMOOL CONGRESS
14,2630,2307,1,0,ALL INDIA TRINAMOOL CONGRESS
14,2630,2309,1,0,ALL INDIA TRINAMOOL CONGRESS
14,2630,2353,1,0,ALL INDIA TRINAMOOL CONGRESS
14,2630,2356,1,0,ALL INDIA TRINAMOOL CONGRESS
14,2630,2370,1,0,ALL INDIA TRINAMOOL CONGRESS
14,2630,2386,1,0,ALL INDIA TRINAMOOL CONGRESS
14,2630,2410,1,0,ALL INDIA TRINAMOOL CONGRESS
14,2630,2430,1,0,ALL INDIA TRINAMOOL CONGRESS
14,2630,2446,1,0,ALL INDIA TRINAMOOL CONGRESS
14,2630,2460,1,0,ALL INDIA TRINAMOOL CONGRESS
14,2630,2464,1,0,ALL INDIA TRINAMOOL CONGRESS
14,2630,2468,1,0,ALL INDIA TRINAMOOL CONGRESS
14,2630,2492,1,0,ALL INDIA TRINAMOOL CONGRESS
14,2630,2495,1,0,ALL INDIA TRINAMOOL CONGRESS
14,2630,2504,1,0,ALL INDIA TRINAMOOL CONGRESS
14,2630,2526,1,0,ALL INDIA TRINAMOOL CONGRESS
14,2630,2532,1,0,ALL INDIA TRINAMOOL CONGRESS
14,2630,2536,1,0,ALL INDIA TRINAMOOL CONGRESS
14,2630,2539,1,0,ALL INDIA TRINAMOOL CONGRESS
14,2630,2550,1,0,ALL INDIA TRINAMOOL CONGRESS
14,2630,2552,1,0,ALL INDIA TRINAMOOL CONGRESS
14,2630,2556,1,0,ALL INDIA TRINAMOOL CONGRESS
14,2630,2563,1,0,ALL INDIA TRINAMOOL CONGRESS
14,2630,2564,1,0,ALL INDIA TRINAMOOL CONGRESS
14,2630,2573,1,0,ALL INDIA TRINAMOOL CONGRESS
14,2630,2575,1,0,ALL INDIA TRINAMOOL CONGRESS
14,2630,2576,1,0,ALL INDIA TRINAMOOL CONGRESS
14,2630,2579,1,0,ALL INDIA TRINAMOOL CONGRESS
14,2630,2586,1,0,ALL INDIA TRINAMOOL CONGRESS
14,2630,2590,1,0,ALL INDIA TRINAMOOL CONGRESS
14,2630,2600,1,0,ALL INDIA TRINAMOOL CONGRESS
14,2630,2601,1,0,ALL INDIA TRINAMOOL CONGRESS
14,2630,2602,1,0,ALL INDIA TRINAMOOL CONGRESS
14,2630,2604,1,0,ALL INDIA TRINAMOOL CONGRESS
14,2630,2607,1,0,ALL INDIA TRINAMOOL CONGRESS
14,2630,2611,1,0,ALL INDIA TRINAMOOL CONGRESS
14,2630,2624,1,0,ALL INDIA TRINAMOOL CONGRESS
14,2630,2654,1,0,ALL INDIA TRINAMOOL CONGRESS
14,2630,2655,1,0,ALL INDIA TRINAMOOL CONGRESS
18,2630,1929,1,0,ALL INDIA TRINAMOOL CONGRESS
18,2630,1962,1,0,ALL INDIA TRINAMOOL CONGRESS
18,2630,1966,1,0,ALL INDIA TRINAMOOL CONGRESS
18,2630,1971,1,0,ALL INDIA TRINAMOOL CONGRESS
18,2630,1984,1,0,ALL INDIA TRINAMOOL CONGRESS
18,2630,1986,1,0,ALL INDIA TRINAMOOL CONGRESS
18,2630,2030,1,0,ALL INDIA TRINAMOOL CONGRESS
18,2630,2037,1,0,ALL INDIA TRINAMOOL CONGRESS
18,2630,2073,1,0,ALL INDIA TRINAMOOL CONGRESS
18,2630,2074,1,0,ALL INDIA TRINAMOOL CONGRESS
18,2630,2083,1,0,ALL INDIA TRINAMOOL CONGRESS
18,2630,2088,1,0,ALL INDIA TRINAMOOL CONGRESS
18,2630,2090,1,0,ALL INDIA TRINAMOOL CONGRESS
18,2630,2095,1,0,ALL INDIA TRINAMOOL CONGRESS
18,2630,2104,1,0,ALL INDIA TRINAMOOL CONGRESS
18,2630,2118,1,0,ALL INDIA TRINAMOOL CONGRESS
18,2630,2131,1,0,ALL INDIA TRINAMOOL CONGRESS
18,2630,2139,1,0,ALL INDIA TRINAMOOL CONGRESS
18,2630,2150,1,0,ALL INDIA TRINAMOOL CONGRESS
18,2630,2165,1,0,ALL INDIA TRINAMOOL CONGRESS
18,2630,2220,1,0,ALL INDIA TRINAMOOL CONGRESS
18,2630,2240,1,0,ALL INDIA TRINAMOOL CONGRESS
18,2630,2253,1,0,ALL INDIA TRINAMOOL CONGRESS
18,2630,2261,1,0,ALL INDIA TRINAMOOL CONGRESS
18,2630,2266,1,0,ALL INDIA TRINAMOOL CONGRESS
18,2630,2271,1,0,ALL INDIA TRINAMOOL CONGRESS
18,2630,2300,1,0,ALL INDIA TRINAMOOL CONGRESS
18,2630,2306,1,0,ALL INDIA TRINAMOOL CONGRESS
18,2630,2307,1,0,ALL INDIA TRINAMOOL CONGRESS
18,2630,2309,1,0,ALL INDIA TRINAMOOL CONGRESS
18,2630,2353,1,0,ALL INDIA TRINAMOOL CONGRESS
18,2630,2356,1,0,ALL INDIA TRINAMOOL CONGRESS
18,2630,2370,1,0,ALL INDIA TRINAMOOL CONGRESS
18,2630,2386,1,0,ALL INDIA TRINAMOOL CONGRESS
18,2630,2410,1,0,ALL INDIA TRINAMOOL CONGRESS
18,2630,2430,1,0,ALL INDIA TRINAMOOL CONGRESS
18,2630,2446,1,0,ALL INDIA TRINAMOOL CONGRESS
18,2630,2460,1,0,ALL INDIA TRINAMOOL CONGRESS
18,2630,2464,1,0,ALL INDIA TRINAMOOL CONGRESS
18,2630,2468,1,0,ALL INDIA TRINAMOOL CONGRESS
18,2630,2492,1,0,ALL INDIA TRINAMOOL CONGRESS
18,2630,2495,1,0,ALL INDIA TRINAMOOL CONGRESS
18,2630,2504,1,0,ALL INDIA TRINAMOOL CONGRESS
18,2630,2526,1,0,ALL INDIA TRINAMOOL CONGRESS
18,2630,2532,1,0,ALL INDIA TRINAMOOL CONGRESS
18,2630,2536,1,0,ALL INDIA TRINAMOOL CONGRESS
18,2630,2539,1,0,ALL INDIA TRINAMOOL CONGRESS
18,2630,2550,1,0,ALL INDIA TRINAMOOL CONGRESS
18,2630,2552,1,0,ALL INDIA TRINAMOOL CONGRESS
18,2630,2556,1,0,ALL INDIA TRINAMOOL CONGRESS
18,2630,2563,1,0,ALL INDIA TRINAMOOL CONGRESS
18,2630,2564,1,0,ALL INDIA TRINAMOOL CONGRESS
18,2630,2573,1,0,ALL INDIA TRINAMOOL CONGRESS
18,2630,2575,1,0,ALL INDIA TRINAMOOL CONGRESS
18,2630,2576,1,0,ALL INDIA TRINAMOOL CONGRESS
18,2630,2579,1,0,ALL INDIA TRINAMOOL CONGRESS
18,2630,2586,1,0,ALL INDIA TRINAMOOL CONGRESS
18,2630,2590,1,0,ALL INDIA TRINAMOOL CONGRESS
18,2630,2600,1,0,ALL INDIA TRINAMOOL CONGRESS
18,2630,2601,1,0,ALL INDIA TRINAMOOL CONGRESS
18,2630,2602,1,0,ALL INDIA TRINAMOOL CONGRESS
18,2630,2604,1,0,ALL INDIA TRINAMOOL CONGRESS
18,2630,2607,1,0,ALL INDIA TRINAMOOL CONGRESS
18,2630,2611,1,0,ALL INDIA TRINAMOOL CONGRESS
18,2630,2624,1,0,ALL INDIA TRINAMOOL CONGRESS
18,2630,2654,1,0,ALL INDIA TRINAMOOL CONGRESS
18,2630,2655,1,0,ALL INDIA TRINAMOOL CONGRESS
20,2630,1929,1,0,ALL INDIA TRINAMOOL CONGRESS
20,2630,1962,1,0,ALL INDIA TRINAMOOL CONGRESS
20,2630,1966,1,0,ALL INDIA TRINAMOOL CONGRESS
20,2630,1971,1,0,ALL INDIA TRINAMOOL CONGRESS
20,2630,1984,1,0,ALL INDIA TRINAMOOL CONGRESS
20,2630,1986,1,0,ALL INDIA TRINAMOOL CONGRESS
20,2630,2030,1,0,ALL INDIA TRINAMOOL CONGRESS
20,2630,2037,1,0,ALL INDIA TRINAMOOL CONGRESS
20,2630,2073,1,1000000,ALL INDIA TRINAMOOL CONGRESS
20,2630,2074,1,0,ALL INDIA TRINAMOOL CONGRESS
20,2630,2083,1,0,ALL INDIA TRINAMOOL CONGRESS
20,2630,2088,1,0,ALL INDIA TRINAMOOL CONGRESS
20,2630,2090,1,0,ALL INDIA TRINAMOOL CONGRESS
20,2630,2095,1,0,ALL INDIA TRINAMOOL CONGRESS
20,2630,2104,1,1000000,ALL INDIA TRINAMOOL CONGRESS
20,2630,2118,1,0,ALL INDIA TRINAMOOL CONGRESS
20,2630,2131,1,0,ALL INDIA TRINAMOOL CONGRESS
20,2630,2139,1,0,ALL INDIA TRINAMOOL CONGRESS
20,2630,2150,1,0,ALL INDIA TRINAMOOL CONGRESS
20,2630,2165,1,3000000,ALL INDIA TRINAMOOL CONGRESS
20,2630,2220,1,0,ALL INDIA TRINAMOOL CONGRESS
20,2630,2240,1,0,ALL INDIA TRINAMOOL CONGRESS
20,2630,2253,1,0,ALL INDIA TRINAMOOL CONGRESS
20,2630,2261,1,0,ALL INDIA TRINAMOOL CONGRESS
20,2630,2266,1,0,ALL INDIA TRINAMOOL CONGRESS
20,2630,2271,1,0,ALL INDIA TRINAMOOL CONGRESS
20,2630,2300,1,0,ALL INDIA TRINAMOOL CONGRESS
20,2630,2306,1,0,ALL INDIA TRINAMOOL CONGRESS
20,2630,2307,1,60000000,ALL INDIA TRINAMOOL CONGRESS
20,2630,2309,1,0,ALL INDIA TRINAMOOL CONGRESS
20,2630,2353,1,0,ALL INDIA TRINAMOOL CONGRESS
20,2630,2356,1,0,ALL INDIA TRINAMOOL CONGRESS
20,2630,2370,1,0,ALL INDIA TRINAMOOL CONGRESS
20,2630,2386,1,0,ALL INDIA TRINAMOOL CONGRESS
20,2630,2410,1,0,ALL INDIA TRINAMOOL CONGRESS
20,2630,2430,1,0,ALL INDIA TRINAMOOL CONGRESS
20,2630,2446,1,0,ALL INDIA TRINAMOOL CONGRESS
20,2630,2460,1,0,ALL INDIA TRINAMOOL CONGRESS
20,2630,2464,1,0,ALL INDIA TRINAMOOL CONGRESS
20,2630,2468,1,0,ALL INDIA TRINAMOOL CONGRESS
20,2630,2492,1,0,ALL INDIA TRINAMOOL CONGRESS
20,2630,2495,1,0,ALL INDIA TRINAMOOL CONGRESS
20,2630,2504,1,0,ALL INDIA TRINAMOOL CONGRESS
20,2630,2526,1,0,ALL INDIA TRINAMOOL CONGRESS
20,2630,2532,1,0,ALL INDIA TRINAMOOL CONGRESS
20,2630,2536,1,0,ALL INDIA TRINAMOOL CONGRESS
20,2630,2539,1,0,ALL INDIA TRINAMOOL CONGRESS
20,2630,2550,1,0,ALL INDIA TRINAMOOL CONGRESS
20,2630,2552,1,0,ALL INDIA TRINAMOOL CONGRESS
20,2630,2556,1,0,ALL INDIA TRINAMOOL CONGRESS
20,2630,2563,1,0,ALL INDIA TRINAMOOL CONGRESS
20,2630,2564,1,0,ALL INDIA TRINAMOOL CONGRESS
20,2630,2573,1,0,ALL INDIA TRINAMOOL CONGRESS
20,2630,2575,1,0,ALL INDIA TRINAMOOL CONGRESS
20,2630,2576,1,0,ALL INDIA TRINAMOOL CONGRESS
20,2630,2579,1,0,ALL INDIA TRINAMOOL CONGRESS
20,2630,2586,1,0,ALL INDIA TRINAMOOL CONGRESS
20,2630,2590,1,0,ALL INDIA TRINAMOOL CONGRESS
20,2630,2600,1,0,ALL INDIA TRINAMOOL CONGRESS
20,2630,2601,1,0,ALL INDIA TRINAMOOL CONGRESS
20,2630,2602,1,0,ALL INDIA TRINAMOOL CONGRESS
20,2630,2604,1,0,ALL INDIA TRINAMOOL CONGRESS
20,2630,2607,1,0,ALL INDIA TRINAMOOL CONGRESS
20,2630,2611,1,0,ALL INDIA TRINAMOOL CONGRESS
20,2630,2624,1,0,ALL INDIA TRINAMOOL CONGRESS
20,2630,2654,1,0,ALL INDIA TRINAMOOL CONGRESS
20,2630,2655,1,0,ALL INDIA TRINAMOOL CONGRESS
21,2630,1929,1,0,ALL INDIA TRINAMOOL CONGRESS
21,2630,1962,1,0,ALL INDIA TRINAMOOL CONGRESS
21,2630,1966,1,0,ALL INDIA TRINAMOOL CONGRESS
21,2630,1971,1,0,ALL INDIA TRINAMOOL CONGRESS
21,2630,1984,1,0,ALL INDIA TRINAMOOL CONGRESS
21,2630,1986,1,0,ALL INDIA TRINAMOOL CONGRESS
21,2630,2030,1,0,ALL INDIA TRINAMOOL CONGRESS
21,2630,2037,1,0,ALL INDIA TRINAMOOL CONGRESS
21,2630,2073,1,0,ALL INDIA TRINAMOOL CONGRESS
21,2630,2074,1,0,ALL INDIA TRINAMOOL CONGRESS
21,2630,2083,1,0,ALL INDIA TRINAMOOL CONGRESS
21,2630,2088,1,0,ALL INDIA TRINAMOOL CONGRESS
21,2630,2090,1,0,ALL INDIA TRINAMOOL CONGRESS
21,2630,2095,1,0,ALL INDIA TRINAMOOL CONGRESS
21,2630,2104,1,0,ALL INDIA TRINAMOOL CONGRESS
21,2630,2118,1,0,ALL INDIA TRINAMOOL CONGRESS
21,2630,2131,1,0,ALL INDIA TRINAMOOL CONGRESS
21,2630,2139,1,0,ALL INDIA TRINAMOOL CONGRESS
21,2630,2150,1,0,ALL INDIA TRINAMOOL CONGRESS
21,2630,2165,1,0,ALL INDIA TRINAMOOL CONGRESS
21,2630,2220,1,0,ALL INDIA TRINAMOOL CONGRESS
21,2630,2240,1,0,ALL INDIA TRINAMOOL CONGRESS
21,2630,2253,1,0,ALL INDIA TRINAMOOL CONGRESS
21,2630,2261,1,0,ALL INDIA TRINAMOOL CONGRESS
21,2630,2266,1,0,ALL INDIA TRINAMOOL CONGRESS
21,2630,2271,1,0,ALL INDIA TRINAMOOL CONGRESS
21,2630,2300,1,0,ALL INDIA TRINAMOOL CONGRESS
21,2630,2306,1,0,ALL INDIA TRINAMOOL CONGRESS
21,2630,2307,1,0,ALL INDIA TRINAMOOL CONGRESS
21,2630,2309,1,0,ALL INDIA TRINAMOOL CONGRESS
21,2630,2353,1,0,ALL INDIA TRINAMOOL CONGRESS
21,2630,2356,1,0,ALL INDIA TRINAMOOL CONGRESS
21,2630,2370,1,0,ALL INDIA TRINAMOOL CONGRESS
21,2630,2386,1,0,ALL INDIA TRINAMOOL CONGRESS
21,2630,2410,1,0,ALL INDIA TRINAMOOL CONGRESS
21,2630,2430,1,0,ALL INDIA TRINAMOOL CONGRESS
21,2630,2446,1,0,ALL INDIA TRINAMOOL CONGRESS
21,2630,2460,1,0,ALL INDIA TRINAMOOL CONGRESS
21,2630,2464,1,0,ALL INDIA TRINAMOOL CONGRESS
21,2630,2468,1,0,ALL INDIA TRINAMOOL CONGRESS
21,2630,2492,1,0,ALL INDIA TRINAMOOL CONGRESS
21,2630,2495,1,0,ALL INDIA TRINAMOOL CONGRESS
21,2630,2504,1,0,ALL INDIA TRINAMOOL CONGRESS
21,2630,2526,1,0,ALL INDIA TRINAMOOL CONGRESS
21,2630,2532,1,0,ALL INDIA TRINAMOOL CONGRESS
21,2630,2536,1,0,ALL INDIA TRINAMOOL CONGRESS
21,2630,2539,1,0,ALL INDIA TRINAMOOL CONGRESS
21,2630,2550,1,0,ALL INDIA TRINAMOOL CONGRESS
21,2630,2552,1,0,ALL INDIA TRINAMOOL CONGRESS
21,2630,2556,1,0,ALL INDIA TRINAMOOL CONGRESS
21,2630,2563,1,0,ALL INDIA TRINAMOOL CONGRESS
21,2630,2564,1,0,ALL INDIA TRINAMOOL CONGRESS
21,2630,2573,1,0,ALL INDIA TRINAMOOL CONGRESS
21,2630,2575,1,0,ALL INDIA TRINAMOOL CONGRESS
21,2630,2576,1,0,ALL INDIA TRINAMOOL CONGRESS
21,2630,2579,1,0,ALL INDIA TRINAMOOL CONGRESS
21,2630,2586,1,0,ALL INDIA TRINAMOOL CONGRESS
21,2630,2590,1,0,ALL INDIA TRINAMOOL CONGRESS
21,2630,2600,1,0,ALL INDIA TRINAMOOL CONGRESS
21,2630,2601,1,0,ALL INDIA TRINAMOOL CONGRESS
21,2630,2602,1,0,ALL INDIA TRINAMOOL CONGRESS
21,2630,2604,1,0,ALL INDIA TRINAMOOL CONGRESS
21,2630,2607,1,0,ALL INDIA TRINAMOOL CONGRESS
21,2630,2611,1,0,ALL INDIA TRINAMOOL CONGRESS
21,2630,2624,1,0,ALL INDIA TRINAMOOL CONGRESS
21,2630,2654,1,0,ALL INDIA TRINAMOOL CONGRESS
21,2630,2655,1,0,ALL INDIA TRINAMOOL CONGRESS
22,2630,1929,1,0,ALL INDIA TRINAMOOL CONGRESS
22,2630,1962,1,0,ALL INDIA TRINAMOOL CONGRESS
22,2630,1966,1,0,ALL INDIA TRINAMOOL CONGRESS
22,2630,1971,1,0,ALL INDIA TRINAMOOL CONGRESS
22,2630,1984,1,0,ALL INDIA TRINAMOOL CONGRESS
22,2630,1986,1,0,ALL INDIA TRINAMOOL CONGRESS
22,2630,2030,1,0,ALL INDIA TRINAMOOL CONGRESS
22,2630,2037,1,0,ALL INDIA TRINAMOOL CONGRESS
22,2630,2073,1,0,ALL INDIA TRINAMOOL CONGRESS
22,2630,2074,1,0,ALL INDIA TRINAMOOL CONGRESS
22,2630,2083,1,0,ALL INDIA TRINAMOOL CONGRESS
22,2630,2088,1,0,ALL INDIA TRINAMOOL CONGRESS
22,2630,2090,1,0,ALL INDIA TRINAMOOL CONGRESS
22,2630,2095,1,0,ALL INDIA TRINAMOOL CONGRESS
22,2630,2104,1,0,ALL INDIA TRINAMOOL CONGRESS
22,2630,2118,1,0,ALL INDIA TRINAMOOL CONGRESS
22,2630,2131,1,0,ALL INDIA TRINAMOOL CONGRESS
22,2630,2139,1,0,ALL INDIA TRINAMOOL CONGRESS
22,2630,2150,1,0,ALL INDIA TRINAMOOL CONGRESS
22,2630,2165,1,0,ALL INDIA TRINAMOOL CONGRESS
22,2630,2220,1,0,ALL INDIA TRINAMOOL CONGRESS
22,2630,2240,1,0,ALL INDIA TRINAMOOL CONGRESS
22,2630,2253,1,0,ALL INDIA TRINAMOOL CONGRESS
22,2630,2261,1,0,ALL INDIA TRINAMOOL CONGRESS
22,2630,2266,1,0,ALL INDIA TRINAMOOL CONGRESS
22,2630,2271,1,0,ALL INDIA TRINAMOOL CONGRESS
22,2630,2300,1,0,ALL INDIA TRINAMOOL CONGRESS
22,2630,2306,1,0,ALL INDIA TRINAMOOL CONGRESS
22,2630,2307,1,0,ALL INDIA TRINAMOOL CONGRESS
22,2630,2309,1,0,ALL INDIA TRINAMOOL CONGRESS
22,2630,2353,1,0,ALL INDIA TRINAMOOL CONGRESS
22,2630,2356,1,0,ALL INDIA TRINAMOOL CONGRESS
22,2630,2370,1,0,ALL INDIA TRINAMOOL CONGRESS
22,2630,2386,1,0,ALL INDIA TRINAMOOL CONGRESS
22,2630,2410,1,0,ALL INDIA TRINAMOOL CONGRESS
22,2630,2430,1,0,ALL INDIA TRINAMOOL CONGRESS
22,2630,2446,1,0,ALL INDIA TRINAMOOL CONGRESS
22,2630,2460,1,0,ALL INDIA TRINAMOOL CONGRESS
22,2630,2464,1,0,ALL INDIA TRINAMOOL CONGRESS
22,2630,2468,1,0,ALL INDIA TRINAMOOL CONGRESS
22,2630,2492,1,0,ALL INDIA TRINAMOOL CONGRESS
22,2630,2495,1,0,ALL INDIA TRINAMOOL CONGRESS
22,2630,2504,1,0,ALL INDIA TRINAMOOL CONGRESS
22,2630,2526,1,0,ALL INDIA TRINAMOOL CONGRESS
22,2630,2532,1,0,ALL INDIA TRINAMOOL CONGRESS
22,2630,2536,1,0,ALL INDIA TRINAMOOL CONGRESS
22,2630,2539,1,0,ALL INDIA TRINAMOOL CONGRESS
22,2630,2550,1,0,ALL INDIA TRINAMOOL CONGRESS
22,2630,2552,1,0,ALL INDIA TRINAMOOL CONGRESS
22,2630,2556,1,0,ALL INDIA TRINAMOOL CONGRESS
22,2630,2563,1,0,ALL INDIA TRINAMOOL CONGRESS
22,2630,2564,1,0,ALL INDIA TRINAMOOL CONGRESS
22,2630,2573,1,0,ALL INDIA TRINAMOOL CONGRESS
22,2630,2575,1,0,ALL INDIA TRINAMOOL CONGRESS
22,2630,2576,1,0,ALL INDIA TRINAMOOL CONGRESS
22,2630,2579,1,0,ALL INDIA TRINAMOOL CONGRESS
22,2630,2586,1,0,ALL INDIA TRINAMOOL CONGRESS
22,2630,2590,1,0,ALL INDIA TRINAMOOL CONGRESS
22,2630,2600,1,0,ALL INDIA TRINAMOOL CONGRESS
22,2630,2601,1,0,ALL INDIA TRINAMOOL CONGRESS
22,2630,2602,1,0,ALL INDIA TRINAMOOL CONGRESS
22,2630,2604,1,0,ALL INDIA TRINAMOOL CONGRESS
22,2630,2607,1,0,ALL INDIA TRINAMOOL CONGRESS
22,2630,2611,1,0,ALL INDIA TRINAMOOL CONGRESS
22,2630,2624,1,0,ALL INDIA TRINAMOOL CONGRESS
22,2630,2654,1,0,ALL INDIA TRINAMOOL CONGRESS
22,2630,2655,1,0,ALL INDIA TRINAMOOL CONGRESS
25,2630,1929,1,0,ALL INDIA TRINAMOOL CONGRESS
25,2630,1962,1,0,ALL INDIA TRINAMOOL CONGRESS
25,2630,1966,1,0,ALL INDIA TRINAMOOL CONGRESS
25,2630,1971,1,0,ALL INDIA TRINAMOOL CONGRESS
25,2630,1984,1,0,ALL INDIA TRINAMOOL CONGRESS
25,2630,1986,1,0,ALL INDIA TRINAMOOL CONGRESS
25,2630,2030,1,0,ALL INDIA TRINAMOOL CONGRESS
25,2630,2037,1,0,ALL INDIA TRINAMOOL CONGRESS
25,2630,2073,1,0,ALL INDIA TRINAMOOL CONGRESS
25,2630,2074,1,0,ALL INDIA TRINAMOOL CONGRESS
25,2630,2083,1,0,ALL INDIA TRINAMOOL CONGRESS
25,2630,2088,1,0,ALL INDIA TRINAMOOL CONGRESS
25,2630,2090,1,0,ALL INDIA TRINAMOOL CONGRESS
25,2630,2095,1,0,ALL INDIA TRINAMOOL CONGRESS
25,2630,2104,1,0,ALL INDIA TRINAMOOL CONGRESS
25,2630,2118,1,0,ALL INDIA TRINAMOOL CONGRESS
25,2630,2131,1,0,ALL INDIA TRINAMOOL CONGRESS
25,2630,2139,1,0,ALL INDIA TRINAMOOL CONGRESS
25,2630,2150,1,0,ALL INDIA TRINAMOOL CONGRESS
25,2630,2165,1,0,ALL INDIA TRINAMOOL CONGRESS
25,2630,2220,1,0,ALL INDIA TRINAMOOL CONGRESS
25,2630,2240,1,0,ALL INDIA TRINAMOOL CONGRESS
25,2630,2253,1,0,ALL INDIA TRINAMOOL CONGRESS
25,2630,2261,1,0,ALL INDIA TRINAMOOL CONGRESS
25,2630,2266,1,0,ALL INDIA TRINAMOOL CONGRESS
25,2630,2271,1,0,ALL INDIA TRINAMOOL CONGRESS
25,2630,2300,1,0,ALL INDIA TRINAMOOL CONGRESS
25,2630,2306,1,0,ALL INDIA TRINAMOOL CONGRESS
25,2630,2307,1,0,ALL INDIA TRINAMOOL CONGRESS
25,2630,2309,1,0,ALL INDIA TRINAMOOL CONGRESS
25,2630,2353,1,0,ALL INDIA TRINAMOOL CONGRESS
25,2630,2356,1,0,ALL INDIA TRINAMOOL CONGRESS
25,2630,2370,1,0,ALL INDIA TRINAMOOL CONGRESS
25,2630,2386,1,0,ALL INDIA TRINAMOOL CONGRESS
25,2630,2410,1,0,ALL INDIA TRINAMOOL CONGRESS
25,2630,2430,1,0,ALL INDIA TRINAMOOL CONGRESS
25,2630,2446,1,0,ALL INDIA TRINAMOOL CONGRESS
25,2630,2460,1,0,ALL INDIA TRINAMOOL CONGRESS
25,2630,2464,1,0,ALL INDIA TRINAMOOL CONGRESS
25,2630,2468,1,0,ALL INDIA TRINAMOOL CONGRESS
25,2630,2492,1,0,ALL INDIA TRINAMOOL CONGRESS
25,2630,2495,1,0,ALL INDIA TRINAMOOL CONGRESS
25,2630,2504,1,0,ALL INDIA TRINAMOOL CONGRESS
25,2630,2526,1,0,ALL INDIA TRINAMOOL CONGRESS
25,2630,2532,1,0,ALL INDIA TRINAMOOL CONGRESS
25,2630,2536,1,0,ALL INDIA TRINAMOOL CONGRESS
25,2630,2539,1,0,ALL INDIA TRINAMOOL CONGRESS
25,2630,2550,1,0,ALL INDIA TRINAMOOL CONGRESS
25,2630,2552,1,0,ALL INDIA TRINAMOOL CONGRESS
25,2630,2556,1,5000000,ALL INDIA TRINAMOOL CONGRESS
25,2630,2563,1,0,ALL INDIA TRINAMOOL CONGRESS
25,2630,2564,1,0,ALL INDIA TRINAMOOL CONGRESS
25,2630,2573,1,0,ALL INDIA TRINAMOOL CONGRESS
25,2630,2575,1,0,ALL INDIA TRINAMOOL CONGRESS
25,2630,2576,1,0,ALL INDIA TRINAMOOL CONGRESS
25,2630,2579,1,0,ALL INDIA TRINAMOOL CONGRESS
25,2630,2586,1,0,ALL INDIA TRINAMOOL CONGRESS
25,2630,2590,1,0,ALL INDIA TRINAMOOL CONGRESS
25,2630,2600,1,0,ALL INDIA TRINAMOOL CONGRESS
25,2630,2601,1,0,ALL INDIA TRINAMOOL CONGRESS
25,2630,2602,1,0,ALL INDIA TRINAMOOL CONGRESS
25,2630,2604,1,0,ALL INDIA TRINAMOOL CONGRESS
25,2630,2607,1,0,ALL INDIA TRINAMOOL CONGRESS
25,2630,2611,1,0,ALL INDIA TRINAMOOL CONGRESS
25,2630,2624,1,0,ALL INDIA TRINAMOOL CONGRESS
25,2630,2654,1,0,ALL INDIA TRINAMOOL CONGRESS
25,2630,2655,1,0,ALL INDIA TRINAMOOL CONGRESS
13,2630,1929,0,0,BHARAT RASHTRA SAMITHI
13,2630,1962,0,0,BHARAT RASHTRA SAMITHI
13,2630,1966,0,0,BHARAT RASHTRA SAMITHI
13,2630,1971,0,0,BHARAT RASHTRA SAMITHI
13,2630,1984,0,0,BHARAT RASHTRA SAMITHI
13,2630,1986,0,0,BHARAT RASHTRA SAMITHI
13,2630,2030,0,0,BHARAT RASHTRA SAMITHI
13,2630,2037,0,0,BHARAT RASHTRA SAMITHI
13,2630,2073,0,0,BHARAT RASHTRA SAMITHI
13,2630,2074,0,0,BHARAT RASHTRA SAMITHI
13,2630,2083,0,0,BHARAT RASHTRA SAMITHI
13,2630,2088,0,0,BHARAT RASHTRA SAMITHI
13,2630,2090,0,0,BHARAT RASHTRA SAMITHI
13,2630,2095,0,0,BHARAT RASHTRA SAMITHI
13,2630,2104,0,0,BHARAT RASHTRA SAMITHI
13,2630,2118,0,0,BHARAT RASHTRA SAMITHI
13,2630,2131,0,0,BHARAT RASHTRA SAMITHI
13,2630,2139,0,0,BHARAT RASHTRA SAMITHI
13,2630,2150,0,0,BHARAT RASHTRA SAMITHI
13,2630,2165,0,0,BHARAT RASHTRA SAMITHI
13,2630,2220,0,0,BHARAT RASHTRA SAMITHI
13,2630,2240,0,0,BHARAT RASHTRA SAMITHI
13,2630,2253,0,0,BHARAT RASHTRA SAMITHI
13,2630,2261,0,0,BHARAT RASHTRA SAMITHI
13,2630,2266,0,0,BHARAT RASHTRA SAMITHI
13,2630,2271,0,0,BHARAT RASHTRA SAMITHI
13,2630,2300,0,0,BHARAT RASHTRA SAMITHI
13,2630,2306,0,0,BHARAT RASHTRA SAMITHI
13,2630,2307,0,0,BHARAT RASHTRA SAMITHI
13,2630,2309,0,0,BHARAT RASHTRA SAMITHI
13,2630,2353,0,0,BHARAT RASHTRA SAMITHI
13,2630,2356,0,0,BHARAT RASHTRA SAMITHI
13,2630,2370,0,0,BHARAT RASHTRA SAMITHI
13,2630,2386,0,0,BHARAT RASHTRA SAMITHI
13,2630,2410,0,0,BHARAT RASHTRA SAMITHI
13,2630,2430,0,0,BHARAT RASHTRA SAMITHI
13,2630,2446,0,0,BHARAT RASHTRA SAMITHI
13,2630,2460,0,0,BHARAT RASHTRA SAMITHI
13,2630,2464,0,0,BHARAT RASHTRA SAMITHI
13,2630,2468,0,0,BHARAT RASHTRA SAMITHI
13,2630,2492,0,10000000,BHARAT RASHTRA SAMITHI
13,2630,2495,0,0,BHARAT RASHTRA SAMITHI
13,2630,2504,0,0,BHARAT RASHTRA SAMITHI
13,2630,2526,0,0,BHARAT RASHTRA SAMITHI
13,2630,2532,0,0,BHARAT RASHTRA SAMITHI
13,2630,2536,0,0,BHARAT RASHTRA SAMITHI
13,2630,2539,0,0,BHARAT RASHTRA SAMITHI
13,2630,2550,0,0,BHARAT RASHTRA SAMITHI
13,2630,2552,0,20000000,BHARAT RASHTRA SAMITHI
13,2630,2556,0,0,BHARAT RASHTRA SAMITHI
13,2630,2563,0,0,BHARAT RASHTRA SAMITHI
13,2630,2564,0,0,BHARAT RASHTRA SAMITHI
13,2630,2573,0,0,BHARAT RASHTRA SAMITHI
13,2630,2575,0,0,BHARAT RASHTRA SAMITHI
13,2630,2576,0,0,BHARAT RASHTRA SAMITHI
13,2630,2579,0,0,BHARAT RASHTRA SAMITHI
13,2630,2586,0,0,BHARAT RASHTRA SAMITHI
13,2630,2590,0,20000000,BHARAT RASHTRA SAMITHI
13,2630,2600,0,0,BHARAT RASHTRA SAMITHI
13,2630,2601,0,0,BHARAT RASHTRA SAMITHI
13,2630,2602,0,0,BHARAT RASHTRA SAMITHI
13,2630,2604,0,0,BHARAT RASHTRA SAMITHI
13,2630,2607,0,0,BHARAT RASHTRA SAMITHI
13,2630,2611,0,0,BHARAT RASHTRA SAMITHI
13,2630,2624,0,0,BHARAT RASHTRA SAMITHI
13,2630,2654,0,0,BHARAT RASHTRA SAMITHI
13,2630,2655,0,0,BHARAT RASHTRA SAMITHI
20,2630,1929,0,0,BHARAT RASHTRA SAMITHI
20,2630,1962,0,0,BHARAT RASHTRA SAMITHI
20,2630,1966,0,0,BHARAT RASHTRA SAMITHI
20,2630,1971,0,0,BHARAT RASHTRA SAMITHI
20,2630,1984,0,0,BHARAT RASHTRA SAMITHI
20,2630,1986,0,0,BHARAT RASHTRA SAMITHI
20,2630,2030,0,0,BHARAT RASHTRA SAMITHI
20,2630,2037,0,0,BHARAT RASHTRA SAMITHI
20,2630,2073,0,0,BHARAT RASHTRA SAMITHI
20,2630,2074,0,10000000,BHARAT RASHTRA SAMITHI
20,2630,2083,0,0,BHARAT RASHTRA SAMITHI
20,2630,2088,0,0,BHARAT RASHTRA SAMITHI
20,2630,2090,0,0,BHARAT RASHTRA SAMITHI
20,2630,2095,0,0,BHARAT RASHTRA SAMITHI
20,2630,2104,0,0,BHARAT RASHTRA SAMITHI
20,2630,2118,0,0,BHARAT RASHTRA SAMITHI
20,2630,2131,0,0,BHARAT RASHTRA SAMITHI
20,2630,2139,0,0,BHARAT RASHTRA SAMITHI
20,2630,2150,0,0,BHARAT RASHTRA SAMITHI
20,2630,2165,0,0,BHARAT RASHTRA SAMITHI
20,2630,2220,0,0,BHARAT RASHTRA SAMITHI
20,2630,2240,0,0,BHARAT RASHTRA SAMITHI
20,2630,2253,0,0,BHARAT RASHTRA SAMITHI
20,2630,2261,0,0,BHARAT RASHTRA SAMITHI
20,2630,2266,0,0,BHARAT RASHTRA SAMITHI
20,2630,2271,0,0,BHARAT RASHTRA SAMITHI
20,2630,2300,0,0,BHARAT RASHTRA SAMITHI
20,2630,2306,0,0,BHARAT RASHTRA SAMITHI
20,2630,2307,0,0,BHARAT RASHTRA SAMITHI
20,2630,2309,0,0,BHARAT RASHTRA SAMITHI
20,2630,2353,0,0,BHARAT RASHTRA SAMITHI
20,2630,2356,0,0,BHARAT RASHTRA SAMITHI
20,2630,2370,0,20000000,BHARAT RASHTRA SAMITHI
20,2630,2386,0,0,BHARAT RASHTRA SAMITHI
20,2630,2410,0,0,BHARAT RASHTRA SAMITHI
20,2630,2430,0,0,BHARAT RASHTRA SAMITHI
20,2630,2446,0,0,BHARAT RASHTRA SAMITHI
20,2630,2460,0,0,BHARAT RASHTRA SAMITHI
20,2630,2464,0,0,BHARAT RASHTRA SAMITHI
20,2630,2468,0,0,BHARAT RASHTRA SAMITHI
20,2630,2492,0,0,BHARAT RASHTRA SAMITHI
20,2630,2495,0,0,BHARAT RASHTRA SAMITHI
20,2630,2504,0,0,BHARAT RASHTRA SAMITHI
20,2630,2526,0,0,BHARAT RASHTRA SAMITHI
20,2630,2532,0,0,BHARAT RASHTRA SAMITHI
20,2630,2536,0,0,BHARAT RASHTRA SAMITHI
20,2630,2539,0,0,BHARAT RASHTRA SAMITHI
20,2630,2550,0,0,BHARAT RASHTRA SAMITHI
20,2630,2552,0,0,BHARAT RASHTRA SAMITHI
20,2630,2556,0,0,BHARAT RASHTRA SAMITHI
20,2630,2563,0,0,BHARAT RASHTRA SAMITHI
20,2630,2564,0,0,BHARAT RASHTRA SAMITHI
20,2630,2573,0,0,BHARAT RASHTRA SAMITHI
20,2630,2575,0,0,BHARAT RASHTRA SAMITHI
20,2630,2576,0,0,BHARAT RASHTRA SAMITHI
20,2630,2579,0,0,BHARAT RASHTRA SAMITHI
20,2630,2586,0,0,BHARAT RASHTRA SAMITHI
20,2630,2590,0,0,BHARAT RASHTRA SAMITHI
20,2630,2600,0,0,BHARAT RASHTRA SAMITHI
20,2630,2601,0,0,BHARAT RASHTRA SAMITHI
20,2630,2602,0,0,BHARAT RASHTRA SAMITHI
20,2630,2604,0,0,BHARAT RASHTRA SAMITHI
20,2630,2607,0,0,BHARAT RASHTRA SAMITHI
20,2630,2611,0,0,BHARAT RASHTRA SAMITHI
20,2630,2624,0,0,BHARAT RASHTRA SAMITHI
20,2630,2654,0,0,BHARAT RASHTRA SAMITHI
20,2630,2655,0,0,BHARAT RASHTRA SAMITHI
21,2630,1929,0,0,BHARAT RASHTRA SAMITHI
21,2630,1962,0,2500000,BHARAT RASHTRA SAMITHI
21,2630,1966,0,0,BHARAT RASHTRA SAMITHI
21,2630,1971,0,0,BHARAT RASHTRA SAMITHI
21,2630,1984,0,0,BHARAT RASHTRA SAMITHI
21,2630,1986,0,0,BHARAT RASHTRA SAMITHI
21,2630,2030,0,0,BHARAT RASHTRA SAMITHI
21,2630,2037,0,0,BHARAT RASHTRA SAMITHI
21,2630,2073,0,0,BHARAT RASHTRA SAMITHI
21,2630,2074,0,0,BHARAT RASHTRA SAMITHI
21,2630,2083,0,2500000,BHARAT RASHTRA SAMITHI
21,2630,2088,0,0,BHARAT RASHTRA SAMITHI
21,2630,2090,0,0,BHARAT RASHTRA SAMITHI
21,2630,2095,0,0,BHARAT RASHTRA SAMITHI
21,2630,2104,0,0,BHARAT RASHTRA SAMITHI
21,2630,2118,0,0,BHARAT RASHTRA SAMITHI
21,2630,2131,0,0,BHARAT RASHTRA SAMITHI
21,2630,2139,0,100000000,BHARAT RASHTRA SAMITHI
21,2630,2150,0,0,BHARAT RASHTRA SAMITHI
21,2630,2165,0,0,BHARAT RASHTRA SAMITHI
21,2630,2220,0,0,BHARAT RASHTRA SAMITHI
21,2630,2240,0,0,BHARAT RASHTRA SAMITHI
21,2630,2253,0,0,BHARAT RASHTRA SAMITHI
21,2630,2261,0,0,BHARAT RASHTRA SAMITHI
21,2630,2266,0,0,BHARAT RASHTRA SAMITHI
21,2630,2271,0,0,BHARAT RASHTRA SAMITHI
21,2630,2300,0,0,BHARAT RASHTRA SAMITHI
21,2630,2306,0,0,BHARAT RASHTRA SAMITHI
21,2630,2307,0,0,BHARAT RASHTRA SAMITHI
21,2630,2309,0,5000000,BHARAT RASHTRA SAMITHI
21,2630,2353,0,0,BHARAT RASHTRA SAMITHI
21,2630,2356,0,0,BHARAT RASHTRA SAMITHI
21,2630,2370,0,0,BHARAT RASHTRA SAMITHI
21,2630,2386,0,0,BHARAT RASHTRA SAMITHI
21,2630,2410,0,0,BHARAT RASHTRA SAMITHI
21,2630,2430,0,0,BHARAT RASHTRA SAMITHI
21,2630,2446,0,10000000,BHARAT RASHTRA SAMITHI
21,2630,2460,0,2000000,BHARAT RASHTRA SAMITHI
21,2630,2464,0,0,BHARAT RASHTRA SAMITHI
21,2630,2468,0,0,BHARAT RASHTRA SAMITHI
21,2630,2492,0,0,BHARAT RASHTRA SAMITHI
21,2630,2495,0,0,BHARAT RASHTRA SAMITHI
21,2630,2504,0,0,BHARAT RASHTRA SAMITHI
21,2630,2526,0,0,BHARAT RASHTRA SAMITHI
21,2630,2532,0,0,BHARAT RASHTRA SAMITHI
21,2630,2536,0,0,BHARAT RASHTRA SAMITHI
21,2630,2539,0,0,BHARAT RASHTRA SAMITHI
21,2630,2550,0,0,BHARAT RASHTRA SAMITHI
21,2630,2552,0,0,BHARAT RASHTRA SAMITHI
21,2630,2556,0,0,BHARAT RASHTRA SAMITHI
21,2630,2563,0,0,BHARAT RASHTRA SAMITHI
21,2630,2564,0,0,BHARAT RASHTRA SAMITHI
21,2630,2573,0,15000000,BHARAT RASHTRA SAMITHI
21,2630,2575,0,0,BHARAT RASHTRA SAMITHI
21,2630,2576,0,0,BHARAT RASHTRA SAMITHI
21,2630,2579,0,0,BHARAT RASHTRA SAMITHI
21,2630,2586,0,0,BHARAT RASHTRA SAMITHI
21,2630,2590,0,0,BHARAT RASHTRA SAMITHI
21,2630,2600,0,0,BHARAT RASHTRA SAMITHI
21,2630,2601,0,0,BHARAT RASHTRA SAMITHI
21,2630,2602,0,0,BHARAT RASHTRA SAMITHI
21,2630,2604,0,0,BHARAT RASHTRA SAMITHI
21,2630,2607,0,0,BHARAT RASHTRA SAMITHI
21,2630,2611,0,2000000,BHARAT RASHTRA SAMITHI
21,2630,2624,0,0,BHARAT RASHTRA SAMITHI
21,2630,2654,0,0,BHARAT RASHTRA SAMITHI
21,2630,2655,0,0,BHARAT RASHTRA SAMITHI
22,2630,1929,0,0,BHARAT RASHTRA SAMITHI
22,2630,1962,0,0,BHARAT RASHTRA SAMITHI
22,2630,1966,0,0,BHARAT RASHTRA SAMITHI
22,2630,1971,0,0,BHARAT RASHTRA SAMITHI
22,2630,1984,0,0,BHARAT RASHTRA SAMITHI
22,2630,1986,0,0,BHARAT RASHTRA SAMITHI
22,2630,2030,0,0,BHARAT RASHTRA SAMITHI
22,2630,2037,0,0,BHARAT RASHTRA SAMITHI
22,2630,2073,0,0,BHARAT RASHTRA SAMITHI
22,2630,2074,0,0,BHARAT RASHTRA SAMITHI
22,2630,2083,0,0,BHARAT RASHTRA SAMITHI
22,2630,2088,0,0,BHARAT RASHTRA SAMITHI
22,2630,2090,0,0,BHARAT RASHTRA SAMITHI
22,2630,2095,0,0,BHARAT RASHTRA SAMITHI
22,2630,2104,0,0,BHARAT RASHTRA SAMITHI
22,2630,2118,0,0,BHARAT RASHTRA SAMITHI
22,2630,2131,0,0,BHARAT RASHTRA SAMITHI
22,2630,2139,0,0,BHARAT RASHTRA SAMITHI
22,2630,2150,0,0,BHARAT RASHTRA SAMITHI
22,2630,2165,0,0,BHARAT RASHTRA SAMITHI
22,2630,2220,0,0,BHARAT RASHTRA SAMITHI
22,2630,2240,0,0,BHARAT RASHTRA SAMITHI
22,2630,2253,0,0,BHARAT RASHTRA SAMITHI
22,2630,2261,0,0,BHARAT RASHTRA SAMITHI
22,2630,2266,0,0,BHARAT RASHTRA SAMITHI
22,2630,2271,0,0,BHARAT RASHTRA SAMITHI
22,2630,2300,0,0,BHARAT RASHTRA SAMITHI
22,2630,2306,0,0,BHARAT RASHTRA SAMITHI
22,2630,2307,0,0,BHARAT RASHTRA SAMITHI
22,2630,2309,0,0,BHARAT RASHTRA SAMITHI
22,2630,2353,0,0,BHARAT RASHTRA SAMITHI
22,2630,2356,0,0,BHARAT RASHTRA SAMITHI
22,2630,2370,0,0,BHARAT RASHTRA SAMITHI
22,2630,2386,0,0,BHARAT RASHTRA SAMITHI
22,2630,2410,0,0,BHARAT RASHTRA SAMITHI
22,2630,2430,0,0,BHARAT RASHTRA SAMITHI
22,2630,2446,0,0,BHARAT RASHTRA SAMITHI
22,2630,2460,0,0,BHARAT RASHTRA SAMITHI
22,2630,2464,0,0,BHARAT RASHTRA SAMITHI
22,2630,2468,0,0,BHARAT RASHTRA SAMITHI
22,2630,2492,0,0,BHARAT RASHTRA SAMITHI
22,2630,2495,0,0,BHARAT RASHTRA SAMITHI
22,2630,2504,0,0,BHARAT RASHTRA SAMITHI
22,2630,2526,0,0,BHARAT RASHTRA SAMITHI
22,2630,2532,0,0,BHARAT RASHTRA SAMITHI
22,2630,2536,0,0,BHARAT RASHTRA SAMITHI
22,2630,2539,0,0,BHARAT RASHTRA SAMITHI
22,2630,2550,0,0,BHARAT RASHTRA SAMITHI
22,2630,2552,0,0,BHARAT RASHTRA SAMITHI
22,2630,2556,0,0,BHARAT RASHTRA SAMITHI
22,2630,2563,0,0,BHARAT RASHTRA SAMITHI
22,2630,2564,0,0,BHARAT RASHTRA SAMITHI
22,2630,2573,0,0,BHARAT RASHTRA SAMITHI
22,2630,2575,0,0,BHARAT RASHTRA SAMITHI
22,2630,2576,0,0,BHARAT RASHTRA SAMITHI
22,2630,2579,0,0,BHARAT RASHTRA SAMITHI
22,2630,2586,0,0,BHARAT RASHTRA SAMITHI
22,2630,2590,0,0,BHARAT RASHTRA SAMITHI
22,2630,2600,0,0,BHARAT RASHTRA SAMITHI
22,2630,2601,0,0,BHARAT RASHTRA SAMITHI
22,2630,2602,0,0,BHARAT RASHTRA SAMITHI
22,2630,2604,0,2500000,BHARAT RASHTRA SAMITHI
22,2630,2607,0,0,BHARAT RASHTRA SAMITHI
22,2630,2611,0,0,BHARAT RASHTRA SAMITHI
22,2630,2624,0,0,BHARAT RASHTRA SAMITHI
22,2630,2654,0,0,BHARAT RASHTRA SAMITHI
22,2630,2655,0,0,BHARAT RASHTRA SAMITHI
0,2630,1929,0,0,BHARATIYA JANATA PARTY
0,2630,1962,0,0,BHARATIYA JANATA PARTY
0,2630,1966,0,0,BHARATIYA JANATA PARTY
0,2630,1971,0,0,BHARATIYA JANATA PARTY
0,2630,1984,0,0,BHARATIYA JANATA PARTY
0,2630,1986,0,0,BHARATIYA JANATA PARTY
0,2630,2030,0,0,BHARATIYA JANATA PARTY
0,2630,2037,0,0,BHARATIYA JANATA PARTY
0,2630,2073,0,0,BHARATIYA JANATA PARTY
0,2630,2074,0,0,BHARATIYA JANATA PARTY
0,2630,2083,0,0,BHARATIYA JANATA PARTY
0,2630,2088,0,5000000,BHARATIYA JANATA PARTY
0,2630,2090,0,0,BHARATIYA JANATA PARTY
0,2630,2095,0,0,BHARATIYA JANATA PARTY
0,2630,2104,0,0,BHARATIYA JANATA PARTY
0,2630,2118,0,4000000,BHARATIYA JANATA PARTY
0,2630,2131,0,0,BHARATIYA JANATA PARTY
0,2630,2139,0,0,BHARATIYA JANATA PARTY
0,2630,2150,0,0,BHARATIYA JANATA PARTY
0,2630,2165,0,0,BHARATIYA JANATA PARTY
0,2630,2220,0,0,BHARATIYA JANATA PARTY
0,2630,2240,0,0,BHARATIYA JANATA PARTY
0,2630,2253,0,500000000,BHARATIYA JANATA PARTY
0,2630,2261,0,0,BHARATIYA JANATA PARTY
0,2630,2266,0,0,BHARATIYA JANATA PARTY
0,2630,2271,0,0,BHARATIYA JANATA PARTY
0,2630,2300,0,0,BHARATIYA JANATA PARTY
0,2630,2306,0,0,BHARATIYA JANATA PARTY
0,2630,2307,0,0,BHARATIYA JANATA PARTY
0,2630,2309,0,0,BHARATIYA JANATA PARTY
0,2630,2353,0,0,BHARATIYA JANATA PARTY
0,2630,2356,0,0,BHARATIYA JANATA PARTY
0,2630,2370,0,0,BHARATIYA JANATA PARTY
0,2630,2386,0,0,BHARATIYA JANATA PARTY
0,2630,2410,0,0,BHARATIYA JANATA PARTY
0,2630,2430,0,15000000,BHARATIYA JANATA PARTY
0,2630,2446,0,0,BHARATIYA JANATA PARTY
0,2630,2460,0,0,BHARATIYA JANATA PARTY
0,2630,2464,0,2000000,BHARATIYA JANATA PARTY
0,2630,2468,0,0,BHARATIYA JANATA PARTY
0,2630,2492,0,0,BHARATIYA JANATA PARTY
0,2630,2495,0,0,BHARATIYA JANATA PARTY
0,2630,2504,0,0,BHARATIYA JANATA PARTY
0,2630,2526,0,0,BHARATIYA JANATA PARTY
0,2630,2532,0,0,BHARATIYA JANATA PARTY
0,2630,2536,0,0,BHARATIYA JANATA PARTY
0,2630,2539,0,0,BHARATIYA JANATA PARTY
0,2630,2550,0,0,BHARATIYA JANATA PARTY
0,2630,2552,0,0,BHARATIYA JANATA PARTY
0,2630,2556,0,0,BHARATIYA JANATA PARTY
0,2630,2563,0,4000000,BHARATIYA JANATA PARTY
0,2630,2564,0,0,BHARATIYA JANATA PARTY
0,2630,2573,0,0,BHARATIYA JANATA PARTY
0,2630,2575,0,0,BHARATIYA JANATA PARTY
0,2630,2576,0,0,BHARATIYA JANATA PARTY
0,2630,2579,0,0,BHARATIYA JANATA PARTY
0,2630,2586,0,0,BHARATIYA JANATA PARTY
0,2630,2590,0,0,BHARATIYA JANATA PARTY
0,2630,2600,0,0,BHARATIYA JANATA PARTY
0,2630,2601,0,0,BHARATIYA JANATA PARTY
0,2630,2602,0,0,BHARATIYA JANATA PARTY
0,2630,2604,0,0,BHARATIYA JANATA PARTY
0,2630,2607,0,0,BHARATIYA JANATA PARTY
0,2630,2611,0,0,BHARATIYA JANATA PARTY
0,2630,2624,0,0,BHARATIYA JANATA PARTY
0,2630,2654,0,0,BHARATIYA JANATA PARTY
0,2630,2655,0,200000000,BHARATIYA JANATA PARTY
1,2630,1929,1,0,BHARATIYA JANATA PARTY
1,2630,1962,1,0,BHARATIYA JANATA PARTY
1,2630,1966,1,0,BHARATIYA JANATA PARTY
1,2630,1971,1,0,BHARATIYA JANATA PARTY
1,2630,1984,1,0,BHARATIYA JANATA PARTY
1,2630,1986,1,0,BHARATIYA JANATA PARTY
1,2630,2030,1,0,BHARATIYA JANATA PARTY
1,2630,2037,1,100000000,BHARATIYA JANATA PARTY
1,2630,2073,1,0,BHARATIYA JANATA PARTY
1,2630,2074,1,0,BHARATIYA JANATA PARTY
1,2630,2083,1,0,BHARATIYA JANATA PARTY
1,2630,2088,1,0,BHARATIYA JANATA PARTY
1,2630,2090,1,0,BHARATIYA JANATA PARTY
1,2630,2095,1,0,BHARATIYA JANATA PARTY
1,2630,2104,1,0,BHARATIYA JANATA PARTY
1,2630,2118,1,0,BHARATIYA JANATA PARTY
1,2630,2131,1,0,BHARATIYA JANATA PARTY
1,2630,2139,1,0,BHARATIYA JANATA PARTY
1,2630,2150,1,0,BHARATIYA JANATA PARTY
1,2630,2165,1,0,BHARATIYA JANATA PARTY
1,2630,2220,1,0,BHARATIYA JANATA PARTY
1,2630,2240,1,0,BHARATIYA JANATA PARTY
1,2630,2253,1,945000000,BHARATIYA JANATA PARTY
1,2630,2261,1,0,BHARATIYA JANATA PARTY
1,2630,2266,1,0,BHARATIYA JANATA PARTY
1,2630,2271,1,0,BHARATIYA JANATA PARTY
1,2630,2300,1,0,BHARATIYA JANATA PARTY
1,2630,2306,1,0,BHARATIYA JANATA PARTY
1,2630,2307,1,0,BHARATIYA JANATA PARTY
1,2630,2309,1,0,BHARATIYA JANATA PARTY
1,2630,2353,1,0,BHARATIYA JANATA PARTY
1,2630,2356,1,0,BHARATIYA JANATA PARTY
1,2630,2370,1,0,BHARATIYA JANATA PARTY
1,2630,2386,1,0,BHARATIYA JANATA PARTY
1,2630,2410,1,0,BHARATIYA JANATA PARTY
1,2630,2430,1,100000000,BHARATIYA JANATA PARTY
1,2630,2446,1,0,BHARATIYA JANATA PARTY
1,2630,2460,1,0,BHARATIYA JANATA PARTY
1,2630,2464,1,0,BHARATIYA JANATA PARTY
1,2630,2468,1,0,BHARATIYA JANATA PARTY
1,2630,2492,1,0,BHARATIYA JANATA PARTY
1,2630,2495,1,0,BHARATIYA JANATA PARTY
1,2630,2504,1,0,BHARATIYA JANATA PARTY
1,2630,2526,1,0,BHARATIYA JANATA PARTY
1,2630,2532,1,0,BHARATIYA JANATA PARTY
1,2630,2536,1,0,BHARATIYA JANATA PARTY
1,2630,2539,1,0,BHARATIYA JANATA PARTY
1,2630,2550,1,25000000,BHARATIYA JANATA PARTY
1,2630,2552,1,0,BHARATIYA JANATA PARTY
1,2630,2556,1,0,BHARATIYA JANATA PARTY
1,2630,2563,1,0,BHARATIYA JANATA PARTY
1,2630,2564,1,0,BHARATIYA JANATA PARTY
1,2630,2573,1,0,BHARATIYA JANATA PARTY
1,2630,2575,1,1755000000,BHARATIYA JANATA PARTY
1,2630,2576,1,0,BHARATIYA JANATA PARTY
1,2630,2579,1,0,BHARATIYA JANATA PARTY
1,2630,2586,1,0,BHARATIYA JANATA PARTY
1,2630,2590,1,0,BHARATIYA JANATA PARTY
1,2630,2600,1,0,BHARATIYA JANATA PARTY
1,2630,2601,1,0,BHARATIYA JANATA PARTY
1,2630,2602,1,0,BHARATIYA JANATA PARTY
1,2630,2604,1,0,BHARATIYA JANATA PARTY
1,2630,2607,1,0,BHARATIYA JANATA PARTY
1,2630,2611,1,0,BHARATIYA JANATA PARTY
1,2630,2624,1,0,BHARATIYA JANATA PARTY
1,2630,2654,1,0,BHARATIYA JANATA PARTY
1,2630,2655,1,0,BHARATIYA JANATA PARTY
3,2630,1929,1,0,BHARATIYA JANATA PARTY
3,2630,1962,1,0,BHARATIYA JANATA PARTY
3,2630,1966,1,5000000,BHARATIYA JANATA PARTY
3,2630,1971,1,0,BHARATIYA JANATA PARTY
3,2630,1984,1,0,BHARATIYA JANATA PARTY
3,2630,1986,1,0,BHARATIYA JANATA PARTY
3,2630,2030,1,0,BHARATIYA JANATA PARTY
3,2630,2037,1,0,BHARATIYA JANATA PARTY
3,2630,2073,1,0,BHARATIYA JANATA PARTY
3,2630,2074,1,0,BHARATIYA JANATA PARTY
3,2630,2083,1,0,BHARATIYA JANATA PARTY
3,2630,2088,1,0,BHARATIYA JANATA PARTY
3,2630,2090,1,0,BHARATIYA JANATA PARTY
3,2630,2095,1,0,BHARATIYA JANATA PARTY
3,2630,2104,1,0,BHARATIYA JANATA PARTY
3,2630,2118,1,0,BHARATIYA JANATA PARTY
3,2630,2131,1,0,BHARATIYA JANATA PARTY
3,2630,2139,1,0,BHARATIYA JANATA PARTY
3,2630,2150,1,0,BHARATIYA JANATA PARTY
3,2630,2165,1,0,BHARATIYA JANATA PARTY
3,2630,2220,1,0,BHARATIYA JANATA PARTY
3,2630,2240,1,0,BHARATIYA JANATA PARTY
3,2630,2253,1,0,BHARATIYA JANATA PARTY
3,2630,2261,1,0,BHARATIYA JANATA PARTY
3,2630,2266,1,0,BHARATIYA JANATA PARTY
3,2630,2271,1,0,BHARATIYA JANATA PARTY
3,2630,2300,1,0,BHARATIYA JANATA PARTY
3,2630,2306,1,0,BHARATIYA JANATA PARTY
3,2630,2307,1,0,BHARATIYA JANATA PARTY
3,2630,2309,1,0,BHARATIYA JANATA PARTY
3,2630,2353,1,0,BHARATIYA JANATA PARTY
3,2630,2356,1,0,BHARATIYA JANATA PARTY
3,2630,2370,1,0,BHARATIYA JANATA PARTY
3,2630,2386,1,0,BHARATIYA JANATA PARTY
3,2630,2410,1,0,BHARATIYA JANATA PARTY
3,2630,2430,1,0,BHARATIYA JANATA PARTY
3,2630,2446,1,0,BHARATIYA JANATA PARTY
3,2630,2460,1,0,BHARATIYA JANATA PARTY
3,2630,2464,1,0,BHARATIYA JANATA PARTY
3,2630,2468,1,0,BHARATIYA JANATA PARTY
3,2630,2492,1,0,BHARATIYA JANATA PARTY
3,2630,2495,1,0,BHARATIYA JANATA PARTY
3,2630,2504,1,0,BHARATIYA JANATA PARTY
3,2630,2526,1,0,BHARATIYA JANATA PARTY
3,2630,2532,1,0,BHARATIYA JANATA PARTY
3,2630,2536,1,0,BHARATIYA JANATA PARTY
3,2630,2539,1,0,BHARATIYA JANATA PARTY
3,2630,2550,1,0,BHARATIYA JANATA PARTY
3,2630,2552,1,0,BHARATIYA JANATA PARTY
3,2630,2556,1,0,BHARATIYA JANATA PARTY
3,2630,2563,1,0,BHARATIYA JANATA PARTY
3,2630,2564,1,0,BHARATIYA JANATA PARTY
3,2630,2573,1,0,BHARATIYA JANATA PARTY
3,2630,2575,1,0,BHARATIYA JANATA PARTY
3,2630,2576,1,0,BHARATIYA JANATA PARTY
3,2630,2579,1,0,BHARATIYA JANATA PARTY
3,2630,2586,1,0,BHARATIYA JANATA PARTY
3,2630,2590,1,0,BHARATIYA JANATA PARTY
3,2630,2600,1,0,BHARATIYA JANATA PARTY
3,2630,2601,1,0,BHARATIYA JANATA PARTY
3,2630,2602,1,0,BHARATIYA JANATA PARTY
3,2630,2604,1,0,BHARATIYA JANATA PARTY
3,2630,2607,1,0,BHARATIYA JANATA PARTY
3,2630,2611,1,0,BHARATIYA JANATA PARTY
3,2630,2624,1,0,BHARATIYA JANATA PARTY
3,2630,2654,1,0,BHARATIYA JANATA PARTY
3,2630,2655,1,0,BHARATIYA JANATA PARTY
4,2630,1929,0,0,BHARATIYA JANATA PARTY
4,2630,1962,0,0,BHARATIYA JANATA PARTY
4,2630,1966,0,0,BHARATIYA JANATA PARTY
4,2630,1971,0,0,BHARATIYA JANATA PARTY
4,2630,1984,0,0,BHARATIYA JANATA PARTY
4,2630,1986,0,0,BHARATIYA JANATA PARTY
4,2630,2030,0,0,BHARATIYA JANATA PARTY
4,2630,2037,0,0,BHARATIYA JANATA PARTY
4,2630,2073,0,0,BHARATIYA JANATA PARTY
4,2630,2074,0,0,BHARATIYA JANATA PARTY
4,2630,2083,0,0,BHARATIYA JANATA PARTY
4,2630,2088,0,0,BHARATIYA JANATA PARTY
4,2630,2090,0,0,BHARATIYA JANATA PARTY
4,2630,2095,0,0,BHARATIYA JANATA PARTY
4,2630,2104,0,0,BHARATIYA JANATA PARTY
4,2630,2118,0,0,BHARATIYA JANATA PARTY
4,2630,2131,0,0,BHARATIYA JANATA PARTY
4,2630,2139,0,0,BHARATIYA JANATA PARTY
4,2630,2150,0,0,BHARATIYA JANATA PARTY
4,2630,2165,0,0,BHARATIYA JANATA PARTY
4,2630,2220,0,0,BHARATIYA JANATA PARTY
4,2630,2240,0,0,BHARATIYA JANATA PARTY
4,2630,2253,0,0,BHARATIYA JANATA PARTY
4,2630,2261,0,0,BHARATIYA JANATA PARTY
4,2630,2266,0,0,BHARATIYA JANATA PARTY
4,2630,2271,0,0,BHARATIYA JANATA PARTY
4,2630,2300,0,0,BHARATIYA JANATA PARTY
4,2630,2306,0,0,BHARATIYA JANATA PARTY
4,2630,2307,0,0,BHARATIYA JANATA PARTY
4,2630,2309,0,0,BHARATIYA JANATA PARTY
4,2630,2353,0,0,BHARATIYA JANATA PARTY
4,2630,2356,0,0,BHARATIYA JANATA PARTY
4,2630,2370,0,0,BHARATIYA JANATA PARTY
4,2630,2386,0,0,BHARATIYA JANATA PARTY
4,2630,2410,0,0,BHARATIYA JANATA PARTY
4,2630,2430,0,0,BHARATIYA JANATA PARTY
4,2630,2446,0,0,BHARATIYA JANATA PARTY
4,2630,2460,0,0,BHARATIYA JANATA PARTY
4,2630,2464,0,0,BHARATIYA JANATA PARTY
4,2630,2468,0,0,BHARATIYA JANATA PARTY
4,2630,2492,0,0,BHARATIYA JANATA PARTY
4,2630,2495,0,0,BHARATIYA JANATA PARTY
4,2630,2504,0,0,BHARATIYA JANATA PARTY
4,2630,2526,0,0,BHARATIYA JANATA PARTY
4,2630,2532,0,0,BHARATIYA JANATA PARTY
4,2630,2536,0,0,BHARATIYA JANATA PARTY
4,2630,2539,0,0,BHARATIYA JANATA PARTY
4,2630,2550,0,0,BHARATIYA JANATA PARTY
4,2630,2552,0,0,BHARATIYA JANATA PARTY
4,2630,2556,0,0,BHARATIYA JANATA PARTY
4,2630,2563,0,0,BHARATIYA JANATA PARTY
4,2630,2564,0,0,BHARATIYA JANATA PARTY
4,2630,2573,0,0,BHARATIYA JANATA PARTY
4,2630,2575,0,0,BHARATIYA JANATA PARTY
4,2630,2576,0,0,BHARATIYA JANATA PARTY
4,2630,2579,0,10000000,BHARATIYA JANATA PARTY
4,2630,2586,0,20000000,BHARATIYA JANATA PARTY
4,2630,2590,0,0,BHARATIYA JANATA PARTY
4,2630,2600,0,0,BHARATIYA JANATA PARTY
4,2630,2601,0,0,BHARATIYA JANATA PARTY
4,2630,2602,0,0,BHARATIYA JANATA PARTY
4,2630,2604,0,0,BHARATIYA JANATA PARTY
4,2630,2607,0,0,BHARATIYA JANATA PARTY
4,2630,2611,0,0,BHARATIYA JANATA PARTY
4,2630,2624,0,0,BHARATIYA JANATA PARTY
4,2630,2654,0,0,BHARATIYA JANATA PARTY
4,2630,2655,0,0,BHARATIYA JANATA PARTY
6,2630,1929,0,0,BHARATIYA JANATA PARTY
6,2630,1962,0,0,BHARATIYA JANATA PARTY
6,2630,1966,0,0,BHARATIYA JANATA PARTY
6,2630,1971,0,0,BHARATIYA JANATA PARTY
6,2630,1984,0,0,BHARATIYA JANATA PARTY
6,2630,1986,0,0,BHARATIYA JANATA PARTY
6,2630,2030,0,0,BHARATIYA JANATA PARTY
6,2630,2037,0,0,BHARATIYA JANATA PARTY
6,2630,2073,0,0,BHARATIYA JANATA PARTY
6,2630,2074,0,0,BHARATIYA JANATA PARTY
6,2630,2083,0,0,BHARATIYA JANATA PARTY
6,2630,2088,0,0,BHARATIYA JANATA PARTY
6,2630,2090,0,0,BHARATIYA JANATA PARTY
6,2630,2095,0,0,BHARATIYA JANATA PARTY
6,2630,2104,0,0,BHARATIYA JANATA PARTY
6,2630,2118,0,0,BHARATIYA JANATA PARTY
6,2630,2131,0,0,BHARATIYA JANATA PARTY
6,2630,2139,0,0,BHARATIYA JANATA PARTY
6,2630,2150,0,4000000,BHARATIYA JANATA PARTY
6,2630,2165,0,0,BHARATIYA JANATA PARTY
6,2630,2220,0,0,BHARATIYA JANATA PARTY
6,2630,2240,0,0,BHARATIYA JANATA PARTY
6,2630,2253,0,0,BHARATIYA JANATA PARTY
6,2630,2261,0,0,BHARATIYA JANATA PARTY
6,2630,2266,0,0,BHARATIYA JANATA PARTY
6,2630,2271,0,0,BHARATIYA JANATA PARTY
6,2630,2300,0,0,BHARATIYA JANATA PARTY
6,2630,2306,0,0,BHARATIYA JANATA PARTY
6,2630,2307,0,0,BHARATIYA JANATA PARTY
6,2630,2309,0,0,BHARATIYA JANATA PARTY
6,2630,2353,0,0,BHARATIYA JANATA PARTY
6,2630,2356,0,0,BHARATIYA JANATA PARTY
6,2630,2370,0,0,BHARATIYA JANATA PARTY
6,2630,2386,0,0,BHARATIYA JANATA PARTY
6,2630,2410,0,0,BHARATIYA JANATA PARTY
6,2630,2430,0,0,BHARATIYA JANATA PARTY
6,2630,2446,0,0,BHARATIYA JANATA PARTY
6,2630,2460,0,0,BHARATIYA JANATA PARTY
6,2630,2464,0,0,BHARATIYA JANATA PARTY
6,2630,2468,0,0,BHARATIYA JANATA PARTY
6,2630,2492,0,0,BHARATIYA JANATA PARTY
6,2630,2495,0,0,BHARATIYA JANATA PARTY
6,2630,2504,0,0,BHARATIYA JANATA PARTY
6,2630,2526,0,0,BHARATIYA JANATA PARTY
6,2630,2532,0,0,BHARATIYA JANATA PARTY
6,2630,2536,0,0,BHARATIYA JANATA PARTY
6,2630,2539,0,0,BHARATIYA JANATA PARTY
6,2630,2550,0,0,BHARATIYA JANATA PARTY
6,2630,2552,0,0,BHARATIYA JANATA PARTY
6,2630,2556,0,0,BHARATIYA JANATA PARTY
6,2630,2563,0,0,BHARATIYA JANATA PARTY
6,2630,2564,0,0,BHARATIYA JANATA PARTY
6,2630,2573,0,0,BHARATIYA JANATA PARTY
6,2630,2575,0,0,BHARATIYA JANATA PARTY
6,2630,2576,0,0,BHARATIYA JANATA PARTY
6,2630,2579,0,15000000,BHARATIYA JANATA PARTY
6,2630,2586,0,70000000,BHARATIYA JANATA PARTY
6,2630,2590,0,0,BHARATIYA JANATA PARTY
6,2630,2600,0,0,BHARATIYA JANATA PARTY
6,2630,2601,0,0,BHARATIYA JANATA PARTY
6,2630,2602,0,0,BHARATIYA JANATA PARTY
6,2630,2604,0,0,BHARATIYA JANATA PARTY
6,2630,2607,0,0,BHARATIYA JANATA PARTY
6,2630,2611,0,0,BHARATIYA JANATA PARTY
6,2630,2624,0,0,BHARATIYA JANATA PARTY
6,2630,2654,0,0,BHARATIYA JANATA PARTY
6,2630,2655,0,0,BHARATIYA JANATA PARTY
9,2630,1929,1,0,BHARATIYA JANATA PARTY
9,2630,1962,1,0,BHARATIYA JANATA PARTY
9,2630,1966,1,0,BHARATIYA JANATA PARTY
9,2630,1971,1,0,BHARATIYA JANATA PARTY
9,2630,1984,1,0,BHARATIYA JANATA PARTY
9,2630,1986,1,0,BHARATIYA JANATA PARTY
9,2630,2030,1,0,BHARATIYA JANATA PARTY
9,2630,2037,1,0,BHARATIYA JANATA PARTY
9,2630,2073,1,0,BHARATIYA JANATA PARTY
9,2630,2074,1,0,BHARATIYA JANATA PARTY
9,2630,2083,1,0,BHARATIYA JANATA PARTY
9,2630,2088,1,0,BHARATIYA JANATA PARTY
9,2630,2090,1,0,BHARATIYA JANATA PARTY
9,2630,2095,1,0,BHARATIYA JANATA PARTY
9,2630,2104,1,0,BHARATIYA JANATA PARTY
9,2630,2118,1,0,BHARATIYA JANATA PARTY
9,2630,2131,1,0,BHARATIYA JANATA PARTY
9,2630,2139,1,0,BHARATIYA JANATA PARTY
9,2630,2150,1,0,BHARATIYA JANATA PARTY
9,2630,2165,1,0,BHARATIYA JANATA PARTY
9,2630,2220,1,0,BHARATIYA JANATA PARTY
9,2630,2240,1,0,BHARATIYA JANATA PARTY
9,2630,2253,1,0,BHARATIYA JANATA PARTY
9,2630,2261,1,100000000,BHARATIYA JANATA PARTY
9,2630,2266,1,0,BHARATIYA JANATA PARTY
9,2630,2271,1,0,BHARATIYA JANATA PARTY
9,2630,2300,1,0,BHARATIYA JANATA PARTY
9,2630,2306,1,0,BHARATIYA JANATA PARTY
9,2630,2307,1,0,BHARATIYA JANATA PARTY
9,2630,2309,1,0,BHARATIYA JANATA PARTY
9,2630,2353,1,0,BHARATIYA JANATA PARTY
9,2630,2356,1,0,BHARATIYA JANATA PARTY
9,2630,2370,1,0,BHARATIYA JANATA PARTY
9,2630,2386,1,0,BHARATIYA JANATA PARTY
9,2630,2410,1,0,BHARATIYA JANATA PARTY
9,2630,2430,1,0,BHARATIYA JANATA PARTY
9,2630,2446,1,0,BHARATIYA JANATA PARTY
9,2630,2460,1,0,BHARATIYA JANATA PARTY
9,2630,2464,1,0,BHARATIYA JANATA PARTY
9,2630,2468,1,0,BHARATIYA JANATA PARTY
9,2630,2492,1,0,BHARATIYA JANATA PARTY
9,2630,2495,1,0,BHARATIYA JANATA PARTY
9,2630,2504,1,0,BHARATIYA JANATA PARTY
9,2630,2526,1,0,BHARATIYA JANATA PARTY
9,2630,2532,1,0,BHARATIYA JANATA PARTY
9,2630,2536,1,0,BHARATIYA JANATA PARTY
9,2630,2539,1,0,BHARATIYA JANATA PARTY
9,2630,2550,1,0,BHARATIYA JANATA PARTY
9,2630,2552,1,0,BHARATIYA JANATA PARTY
9,2630,2556,1,0,BHARATIYA JANATA PARTY
9,2630,2563,1,0,BHARATIYA JANATA PARTY
9,2630,2564,1,0,BHARATIYA JANATA PARTY
9,2630,2573,1,0,BHARATIYA JANATA PARTY
9,2630,2575,1,0,BHARATIYA JANATA PARTY
9,2630,2576,1,0,BHARATIYA JANATA PARTY
9,2630,2579,1,0,BHARATIYA JANATA PARTY
9,2630,2586,1,0,BHARATIYA JANATA PARTY
9,2630,2590,1,0,BHARATIYA JANATA PARTY
9,2630,2600,1,0,BHARATIYA JANATA PARTY
9,2630,2601,1,0,BHARATIYA JANATA PARTY
9,2630,2602,1,0,BHARATIYA JANATA PARTY
9,2630,2604,1,0,BHARATIYA JANATA PARTY
9,2630,2607,1,0,BHARATIYA JANATA PARTY
9,2630,2611,1,0,BHARATIYA JANATA PARTY
9,2630,2624,1,0,BHARATIYA JANATA PARTY
9,2630,2654,1,0,BHARATIYA JANATA PARTY
9,2630,2655,1,0,BHARATIYA JANATA PARTY
12,2630,1929,0,0,BHARATIYA JANATA PARTY
12,2630,1962,0,0,BHARATIYA JANATA PARTY
12,2630,1966,0,0,BHARATIYA JANATA PARTY
12,2630,1971,0,0,BHARATIYA JANATA PARTY
12,2630,1984,0,0,BHARATIYA JANATA PARTY
12,2630,1986,0,0,BHARATIYA JANATA PARTY
12,2630,2030,0,0,BHARATIYA JANATA PARTY
12,2630,2037,0,0,BHARATIYA JANATA PARTY
12,2630,2073,0,0,BHARATIYA JANATA PARTY
12,2630,2074,0,0,BHARATIYA JANATA PARTY
12,2630,2083,0,0,BHARATIYA JANATA PARTY
12,2630,2088,0,0,BHARATIYA JANATA PARTY
12,2630,2090,0,0,BHARATIYA JANATA PARTY
12,2630,2095,0,0,BHARATIYA JANATA PARTY
12,2630,2104,0,0,BHARATIYA JANATA PARTY
12,2630,2118,0,0,BHARATIYA JANATA PARTY
12,2630,2131,0,0,BHARATIYA JANATA PARTY
12,2630,2139,0,0,BHARATIYA JANATA PARTY
12,2630,2150,0,0,BHARATIYA JANATA PARTY
12,2630,2165,0,0,BHARATIYA JANATA PARTY
12,2630,2220,0,0,BHARATIYA JANATA PARTY
12,2630,2240,0,0,BHARATIYA JANATA PARTY
12,2630,2253,0,0,BHARATIYA JANATA PARTY
12,2630,2261,0,0,BHARATIYA JANATA PARTY
12,2630,2266,0,0,BHARATIYA JANATA PARTY
12,2630,2271,0,0,BHARATIYA JANATA PARTY
12,2630,2300,0,0,BHARATIYA JANATA PARTY
12,2630,2306,0,0,BHARATIYA JANATA PARTY
12,2630,2307,0,0,BHARATIYA JANATA PARTY
12,2630,2309,0,0,BHARATIYA JANATA PARTY
12,2630,2353,0,0,BHARATIYA JANATA PARTY
12,2630,2356,0,40000000,BHARATIYA JANATA PARTY
12,2630,2370,0,0,BHARATIYA JANATA PARTY
12,2630,2386,0,0,BHARATIYA JANATA PARTY
12,2630,2410,0,0,BHARATIYA JANATA PARTY
12,2630,2430,0,0,BHARATIYA JANATA PARTY
12,2630,2446,0,0,BHARATIYA JANATA PARTY
12,2630,2460,0,0,BHARATIYA JANATA PARTY
12,2630,2464,0,0,BHARATIYA JANATA PARTY
12,2630,2468,0,0,BHARATIYA JANATA PARTY
12,2630,2492,0,0,BHARATIYA JANATA PARTY
12,2630,2495,0,0,BHARATIYA JANATA PARTY
12,2630,2504,0,0,BHARATIYA JANATA PARTY
12,2630,2526,0,0,BHARATIYA JANATA PARTY
12,2630,2532,0,0,BHARATIYA JANATA PARTY
12,2630,2536,0,0,BHARATIYA JANATA PARTY
12,2630,2539,0,0,BHARATIYA JANATA PARTY
12,2630,2550,0,0,BHARATIYA JANATA PARTY
12,2630,2552,0,0,BHARATIYA JANATA PARTY
12,2630,2556,0,0,BHARATIYA JANATA PARTY
12,2630,2563,0,0,BHARATIYA JANATA PARTY
12,2630,2564,0,0,BHARATIYA JANATA PARTY
12,2630,2573,0,0,BHARATIYA JANATA PARTY
12,2630,2575,0,0,BHARATIYA JANATA PARTY
12,2630,2576,0,0,BHARATIYA JANATA PARTY
12,2630,2579,0,0,BHARATIYA JANATA PARTY
12,2630,2586,0,0,BHARATIYA JANATA PARTY
12,2630,2590,0,0,BHARATIYA JANATA PARTY
12,2630,2600,0,0,BHARATIYA JANATA PARTY
12,2630,2601,0,0,BHARATIYA JANATA PARTY
12,2630,2602,0,22000000,BHARATIYA JANATA PARTY
12,2630,2604,0,0,BHARATIYA JANATA PARTY
12,2630,2607,0,0,BHARATIYA JANATA PARTY
12,2630,2611,0,0,BHARATIYA JANATA PARTY
12,2630,2624,0,0,BHARATIYA JANATA PARTY
12,2630,2654,0,0,BHARATIYA JANATA PARTY
12,2630,2655,0,0,BHARATIYA JANATA PARTY
13,2630,1929,1,0,BHARATIYA JANATA PARTY
13,2630,1962,1,0,BHARATIYA JANATA PARTY
13,2630,1966,1,0,BHARATIYA JANATA PARTY
13,2630,1971,1,0,BHARATIYA JANATA PARTY
13,2630,1984,1,0,BHARATIYA JANATA PARTY
13,2630,1986,1,0,BHARATIYA JANATA PARTY
13,2630,2030,1,0,BHARATIYA JANATA PARTY
13,2630,2037,1,0,BHARATIYA JANATA PARTY
13,2630,2073,1,0,BHARATIYA JANATA PARTY
13,2630,2074,1,0,BHARATIYA JANATA PARTY
13,2630,2083,1,0,BHARATIYA JANATA PARTY
13,2630,2088,1,0,BHARATIYA JANATA PARTY
13,2630,2090,1,0,BHARATIYA JANATA PARTY
13,2630,2095,1,0,BHARATIYA JANATA PARTY
13,2630,2104,1,0,BHARATIYA JANATA PARTY
13,2630,2118,1,0,BHARATIYA JANATA PARTY
13,2630,2131,1,0,BHARATIYA JANATA PARTY
13,2630,2139,1,0,BHARATIYA JANATA PARTY
13,2630,2150,1,0,BHARATIYA JANATA PARTY
13,2630,2165,1,0,BHARATIYA JANATA PARTY
13,2630,2220,1,0,BHARATIYA JANATA PARTY
13,2630,2240,1,0,BHARATIYA JANATA PARTY
13,2630,2253,1,0,BHARATIYA JANATA PARTY
13,2630,2261,1,0,BHARATIYA JANATA PARTY
13,2630,2266,1,0,BHARATIYA JANATA PARTY
13,2630,2271,1,0,BHARATIYA JANATA PARTY
13,2630,2300,1,0,BHARATIYA JANATA PARTY
13,2630,2306,1,0,BHARATIYA JANATA PARTY
13,2630,2307,1,0,BHARATIYA JANATA PARTY
13,2630,2309,1,0,BHARATIYA JANATA PARTY
13,2630,2353,1,0,BHARATIYA JANATA PARTY
13,2630,2356,1,0,BHARATIYA JANATA PARTY
13,2630,2370,1,0,BHARATIYA JANATA PARTY
13,2630,2386,1,0,BHARATIYA JANATA PARTY
13,2630,2410,1,0,BHARATIYA JANATA PARTY
13,2630,2430,1,0,BHARATIYA JANATA PARTY
13,2630,2446,1,0,BHARATIYA JANATA PARTY
13,2630,2460,1,0,BHARATIYA JANATA PARTY
13,2630,2464,1,0,BHARATIYA JANATA PARTY
13,2630,2468,1,0,BHARATIYA JANATA PARTY
13,2630,2492,1,0,BHARATIYA JANATA PARTY
13,2630,2495,1,0,BHARATIYA JANATA PARTY
13,2630,2504,1,0,BHARATIYA JANATA PARTY
13,2630,2526,1,0,BHARATIYA JANATA PARTY
13,2630,2532,1,0,BHARATIYA JANATA PARTY
13,2630,2536,1,0,BHARATIYA JANATA PARTY
13,2630,2539,1,0,BHARATIYA JANATA PARTY
13,2630,2550,1,0,BHARATIYA JANATA PARTY
13,2630,2552,1,0,BHARATIYA JANATA PARTY
13,2630,2556,1,0,BHARATIYA JANATA PARTY
13,2630,2563,1,0,BHARATIYA JANATA PARTY
13,2630,2564,1,0,BHARATIYA JANATA PARTY
13,2630,2573,1,0,BHARATIYA JANATA PARTY
13,2630,2575,1,0,BHARATIYA JANATA PARTY
13,2630,2576,1,0,BHARATIYA JANATA PARTY
13,2630,2579,1,0,BHARATIYA JANATA PARTY
13,2630,2586,1,0,BHARATIYA JANATA PARTY
13,2630,2590,1,0,BHARATIYA JANATA PARTY
13,2630,2600,1,0,BHARATIYA JANATA PARTY
13,2630,2601,1,30000000,BHARATIYA JANATA PARTY
13,2630,2602,1,0,BHARATIYA JANATA PARTY
13,2630,2604,1,0,BHARATIYA JANATA PARTY
13,2630,2607,1,0,BHARATIYA JANATA PARTY
13,2630,2611,1,0,BHARATIYA JANATA PARTY
13,2630,2624,1,0,BHARATIYA JANATA PARTY
13,2630,2654,1,0,BHARATIYA JANATA PARTY
13,2630,2655,1,0,BHARATIYA JANATA PARTY
15,2630,1929,0,0,BHARATIYA JANATA PARTY
15,2630,1962,0,0,BHARATIYA JANATA PARTY
15,2630,1966,0,0,BHARATIYA JANATA PARTY
15,2630,1971,0,0,BHARATIYA JANATA PARTY
15,2630,1984,0,0,BHARATIYA JANATA PARTY
15,2630,1986,0,0,BHARATIYA JANATA PARTY
15,2630,2030,0,0,BHARATIYA JANATA PARTY
15,2630,2037,0,0,BHARATIYA JANATA PARTY
15,2630,2073,0,0,BHARATIYA JANATA PARTY
15,2630,2074,0,0,BHARATIYA JANATA PARTY
15,2630,2083,0,0,BHARATIYA JANATA PARTY
15,2630,2088,0,0,BHARATIYA JANATA PARTY
15,2630,2090,0,0,BHARATIYA JANATA PARTY
15,2630,2095,0,0,BHARATIYA JANATA PARTY
15,2630,2104,0,0,BHARATIYA JANATA PARTY
15,2630,2118,0,0,BHARATIYA JANATA PARTY
15,2630,2131,0,0,BHARATIYA JANATA PARTY
15,2630,2139,0,0,BHARATIYA JANATA PARTY
15,2630,2150,0,0,BHARATIYA JANATA PARTY
15,2630,2165,0,0,BHARATIYA JANATA PARTY
15,2630,2220,0,0,BHARATIYA JANATA PARTY
15,2630,2240,0,0,BHARATIYA JANATA PARTY
15,2630,2253,0,0,BHARATIYA JANATA PARTY
15,2630,2261,0,0,BHARATIYA JANATA PARTY
15,2630,2266,0,0,BHARATIYA JANATA PARTY
15,2630,2271,0,0,BHARATIYA JANATA PARTY
15,2630,2300,0,0,BHARATIYA JANATA PARTY
15,2630,2306,0,0,BHARATIYA JANATA PARTY
15,2630,2307,0,0,BHARATIYA JANATA PARTY
15,2630,2309,0,0,BHARATIYA JANATA PARTY
15,2630,2353,0,0,BHARATIYA JANATA PARTY
15,2630,2356,0,0,BHARATIYA JANATA PARTY
15,2630,2370,0,0,BHARATIYA JANATA PARTY
15,2630,2386,0,0,BHARATIYA JANATA PARTY
15,2630,2410,0,0,BHARATIYA JANATA PARTY
15,2630,2430,0,0,BHARATIYA JANATA PARTY
15,2630,2446,0,0,BHARATIYA JANATA PARTY
15,2630,2460,0,0,BHARATIYA JANATA PARTY
15,2630,2464,0,0,BHARATIYA JANATA PARTY
15,2630,2468,0,0,BHARATIYA JANATA PARTY
15,2630,2492,0,0,BHARATIYA JANATA PARTY
15,2630,2495,0,0,BHARATIYA JANATA PARTY
15,2630,2504,0,0,BHARATIYA JANATA PARTY
15,2630,2526,0,5000000,BHARATIYA JANATA PARTY
15,2630,2532,0,0,BHARATIYA JANATA PARTY
15,2630,2536,0,0,BHARATIYA JANATA PARTY
15,2630,2539,0,0,BHARATIYA JANATA PARTY
15,2630,2550,0,0,BHARATIYA JANATA PARTY
15,2630,2552,0,0,BHARATIYA JANATA PARTY
15,2630,2556,0,0,BHARATIYA JANATA PARTY
15,2630,2563,0,0,BHARATIYA JANATA PARTY
15,2630,2564,0,0,BHARATIYA JANATA PARTY
15,2630,2573,0,0,BHARATIYA JANATA PARTY
15,2630,2575,0,0,BHARATIYA JANATA PARTY
15,2630,2576,0,0,BHARATIYA JANATA PARTY
15,2630,2579,0,0,BHARATIYA JANATA PARTY
15,2630,2586,0,0,BHARATIYA JANATA PARTY
15,2630,2590,0,0,BHARATIYA JANATA PARTY
15,2630,2600,0,0,BHARATIYA JANATA PARTY
15,2630,2601,0,0,BHARATIYA JANATA PARTY
15,2630,2602,0,0,BHARATIYA JANATA PARTY
15,2630,2604,0,0,BHARATIYA JANATA PARTY
15,2630,2607,0,0,BHARATIYA JANATA PARTY
15,2630,2611,0,0,BHARATIYA JANATA PARTY
15,2630,2624,0,0,BHARATIYA JANATA PARTY
15,2630,2654,0,0,BHARATIYA JANATA PARTY
15,2630,2655,0,0,BHARATIYA JANATA PARTY
16,2630,1929,0,0,BHARATIYA JANATA PARTY
16,2630,1962,0,0,BHARATIYA JANATA PARTY
16,2630,1966,0,0,BHARATIYA JANATA PARTY
16,2630,1971,0,0,BHARATIYA JANATA PARTY
16,2630,1984,0,0,BHARATIYA JANATA PARTY
16,2630,1986,0,0,BHARATIYA JANATA PARTY
16,2630,2030,0,0,BHARATIYA JANATA PARTY
16,2630,2037,0,0,BHARATIYA JANATA PARTY
16,2630,2073,0,0,BHARATIYA JANATA PARTY
16,2630,2074,0,0,BHARATIYA JANATA PARTY
16,2630,2083,0,0,BHARATIYA JANATA PARTY
16,2630,2088,0,0,BHARATIYA JANATA PARTY
16,2630,2090,0,0,BHARATIYA JANATA PARTY
16,2630,2095,0,2484000,BHARATIYA JANATA PARTY
16,2630,2104,0,0,BHARATIYA JANATA PARTY
16,2630,2118,0,0,BHARATIYA JANATA PARTY
16,2630,2131,0,0,BHARATIYA JANATA PARTY
16,2630,2139,0,0,BHARATIYA JANATA PARTY
16,2630,2150,0,0,BHARATIYA JANATA PARTY
16,2630,2165,0,0,BHARATIYA JANATA PARTY
16,2630,2220,0,0,BHARATIYA JANATA PARTY
16,2630,2240,0,0,BHARATIYA JANATA PARTY
16,2630,2253,0,0,BHARATIYA JANATA PARTY
16,2630,2261,0,0,BHARATIYA JANATA PARTY
16,2630,2266,0,0,BHARATIYA JANATA PARTY
16,2630,2271,0,0,BHARATIYA JANATA PARTY
16,2630,2300,0,0,BHARATIYA JANATA PARTY
16,2630,2306,0,0,BHARATIYA JANATA PARTY
16,2630,2307,0,0,BHARATIYA JANATA PARTY
16,2630,2309,0,0,BHARATIYA JANATA PARTY
16,2630,2353,0,0,BHARATIYA JANATA PARTY
16,2630,2356,0,0,BHARATIYA JANATA PARTY
16,2630,2370,0,0,BHARATIYA JANATA PARTY
16,2630,2386,0,0,BHARATIYA JANATA PARTY
16,2630,2410,0,0,BHARATIYA JANATA PARTY
16,2630,2430,0,0,BHARATIYA JANATA PARTY
16,2630,2446,0,0,BHARATIYA JANATA PARTY
16,2630,2460,0,0,BHARATIYA JANATA PARTY
16,2630,2464,0,0,BHARATIYA JANATA PARTY
16,2630,2468,0,0,BHARATIYA JANATA PARTY
16,2630,2492,0,0,BHARATIYA JANATA PARTY
16,2630,2495,0,0,BHARATIYA JANATA PARTY
16,2630,2504,0,0,BHARATIYA JANATA PARTY
16,2630,2526,0,0,BHARATIYA JANATA PARTY
16,2630,2532,0,0,BHARATIYA JANATA PARTY
16,2630,2536,0,0,BHARATIYA JANATA PARTY
16,2630,2539,0,0,BHARATIYA JANATA PARTY
16,2630,2550,0,0,BHARATIYA JANATA PARTY
16,2630,2552,0,0,BHARATIYA JANATA PARTY
16,2630,2556,0,0,BHARATIYA JANATA PARTY
16,2630,2563,0,0,BHARATIYA JANATA PARTY
16,2630,2564,0,0,BHARATIYA JANATA PARTY
16,2630,2573,0,0,BHARATIYA JANATA PARTY
16,2630,2575,0,0,BHARATIYA JANATA PARTY
16,2630,2576,0,0,BHARATIYA JANATA PARTY
16,2630,2579,0,0,BHARATIYA JANATA PARTY
16,2630,2586,0,0,BHARATIYA JANATA PARTY
16,2630,2590,0,0,BHARATIYA JANATA PARTY
16,2630,2600,0,0,BHARATIYA JANATA PARTY
16,2630,2601,0,100000000,BHARATIYA JANATA PARTY
16,2630,2602,0,0,BHARATIYA JANATA PARTY
16,2630,2604,0,0,BHARATIYA JANATA PARTY
16,2630,2607,0,0,BHARATIYA JANATA PARTY
16,2630,2611,0,0,BHARATIYA JANATA PARTY
16,2630,2624,0,0,BHARATIYA JANATA PARTY
16,2630,2654,0,0,BHARATIYA JANATA PARTY
16,2630,2655,0,0,BHARATIYA JANATA PARTY
18,2630,1929,1,0,BHARATIYA JANATA PARTY
18,2630,1962,1,0,BHARATIYA JANATA PARTY
18,2630,1966,1,0,BHARATIYA JANATA PARTY
18,2630,1971,1,0,BHARATIYA JANATA PARTY
18,2630,1984,1,0,BHARATIYA JANATA PARTY
18,2630,1986,1,0,BHARATIYA JANATA PARTY
18,2630,2030,1,0,BHARATIYA JANATA PARTY
18,2630,2037,1,0,BHARATIYA JANATA PARTY
18,2630,2073,1,0,BHARATIYA JANATA PARTY
18,2630,2074,1,0,BHARATIYA JANATA PARTY
18,2630,2083,1,0,BHARATIYA JANATA PARTY
18,2630,2088,1,0,BHARATIYA JANATA PARTY
18,2630,2090,1,0,BHARATIYA JANATA PARTY
18,2630,2095,1,0,BHARATIYA JANATA PARTY
18,2630,2104,1,0,BHARATIYA JANATA PARTY
18,2630,2118,1,0,BHARATIYA JANATA PARTY
18,2630,2131,1,0,BHARATIYA JANATA PARTY
18,2630,2139,1,0,BHARATIYA JANATA PARTY
18,2630,2150,1,0,BHARATIYA JANATA PARTY
18,2630,2165,1,0,BHARATIYA JANATA PARTY
18,2630,2220,1,0,BHARATIYA JANATA PARTY
18,2630,2240,1,0,BHARATIYA JANATA PARTY
18,2630,2253,1,0,BHARATIYA JANATA PARTY
18,2630,2261,1,0,BHARATIYA JANATA PARTY
18,2630,2266,1,0,BHARATIYA JANATA PARTY
18,2630,2271,1,0,BHARATIYA JANATA PARTY
18,2630,2300,1,0,BHARATIYA JANATA PARTY
18,2630,2306,1,0,BHARATIYA JANATA PARTY
18,2630,2307,1,0,BHARATIYA JANATA PARTY
18,2630,2309,1,0,BHARATIYA JANATA PARTY
18,2630,2353,1,0,BHARATIYA JANATA PARTY
18,2630,2356,1,0,BHARATIYA JANATA PARTY
18,2630,2370,1,0,BHARATIYA JANATA PARTY
18,2630,2386,1,0,BHARATIYA JANATA PARTY
18,2630,2410,1,0,BHARATIYA JANATA PARTY
18,2630,2430,1,0,BHARATIYA JANATA PARTY
18,2630,2446,1,0,BHARATIYA JANATA PARTY
18,2630,2460,1,0,BHARATIYA JANATA PARTY
18,2630,2464,1,0,BHARATIYA JANATA PARTY
18,2630,2468,1,0,BHARATIYA JANATA PARTY
18,2630,2492,1,0,BHARATIYA JANATA PARTY
18,2630,2495,1,0,BHARATIYA JANATA PARTY
18,2630,2504,1,0,BHARATIYA JANATA PARTY
18,2630,2526,1,0,BHARATIYA JANATA PARTY
18,2630,2532,1,0,BHARATIYA JANATA PARTY
18,2630,2536,1,0,BHARATIYA JANATA PARTY
18,2630,2539,1,0,BHARATIYA JANATA PARTY
18,2630,2550,1,0,BHARATIYA JANATA PARTY
18,2630,2552,1,0,BHARATIYA JANATA PARTY
18,2630,2556,1,0,BHARATIYA JANATA PARTY
18,2630,2563,1,0,BHARATIYA JANATA PARTY
18,2630,2564,1,0,BHARATIYA JANATA PARTY
18,2630,2573,1,0,BHARATIYA JANATA PARTY
18,2630,2575,1,0,BHARATIYA JANATA PARTY
18,2630,2576,1,0,BHARATIYA JANATA PARTY
18,2630,2579,1,0,BHARATIYA JANATA PARTY
18,2630,2586,1,0,BHARATIYA JANATA PARTY
18,2630,2590,1,0,BHARATIYA JANATA PARTY
18,2630,2600,1,0,BHARATIYA JANATA PARTY
18,2630,2601,1,0,BHARATIYA JANATA PARTY
18,2630,2602,1,0,BHARATIYA JANATA PARTY
18,2630,2604,1,0,BHARATIYA JANATA PARTY
18,2630,2607,1,0,BHARATIYA JANATA PARTY
18,2630,2611,1,0,BHARATIYA JANATA PARTY
18,2630,2624,1,0,BHARATIYA JANATA PARTY
18,2630,2654,1,0,BHARATIYA JANATA PARTY
18,2630,2655,1,0,BHARATIYA JANATA PARTY
20,2630,1929,0,0,BHARATIYA JANATA PARTY
20,2630,1962,0,0,BHARATIYA JANATA PARTY
20,2630,1966,0,0,BHARATIYA JANATA PARTY
20,2630,1971,0,0,BHARATIYA JANATA PARTY
20,2630,1984,0,0,BHARATIYA JANATA PARTY
20,2630,1986,0,0,BHARATIYA JANATA PARTY
20,2630,2030,0,0,BHARATIYA JANATA PARTY
20,2630,2037,0,0,BHARATIYA JANATA PARTY
20,2630,2073,0,0,BHARATIYA JANATA PARTY
20,2630,2074,0,0,BHARATIYA JANATA PARTY
20,2630,2083,0,0,BHARATIYA JANATA PARTY
20,2630,2088,0,0,BHARATIYA JANATA PARTY
20,2630,2090,0,0,BHARATIYA JANATA PARTY
20,2630,2095,0,0,BHARATIYA JANATA PARTY
20,2630,2104,0,0,BHARATIYA JANATA PARTY
20,2630,2118,0,0,BHARATIYA JANATA PARTY
20,2630,2131,0,0,BHARATIYA JANATA PARTY
20,2630,2139,0,0,BHARATIYA JANATA PARTY
20,2630,2150,0,0,BHARATIYA JANATA PARTY
20,2630,2165,0,0,BHARATIYA JANATA PARTY
20,2630,2220,0,0,BHARATIYA JANATA PARTY
20,2630,2240,0,0,BHARATIYA JANATA PARTY
20,2630,2253,0,0,BHARATIYA JANATA PARTY
20,2630,2261,0,0,BHARATIYA JANATA PARTY
20,2630,2266,0,0,BHARATIYA JANATA PARTY
20,2630,2271,0,0,BHARATIYA JANATA PARTY
20,2630,2300,0,0,BHARATIYA JANATA PARTY
20,2630,2306,0,0,BHARATIYA JANATA PARTY
20,2630,2307,0,0,BHARATIYA JANATA PARTY
20,2630,2309,0,0,BHARATIYA JANATA PARTY
20,2630,2353,0,0,BHARATIYA JANATA PARTY
20,2630,2356,0,0,BHARATIYA JANATA PARTY
20,2630,2370,0,0,BHARATIYA JANATA PARTY
20,2630,2386,0,0,BHARATIYA JANATA PARTY
20,2630,2410,0,0,BHARATIYA JANATA PARTY
20,2630,2430,0,0,BHARATIYA JANATA PARTY
20,2630,2446,0,0,BHARATIYA JANATA PARTY
20,2630,2460,0,0,BHARATIYA JANATA PARTY
20,2630,2464,0,0,BHARATIYA JANATA PARTY
20,2630,2468,0,0,BHARATIYA JANATA PARTY
20,2630,2492,0,0,BHARATIYA JANATA PARTY
20,2630,2495,0,0,BHARATIYA JANATA PARTY
20,2630,2504,0,0,BHARATIYA JANATA PARTY
20,2630,2526,0,0,BHARATIYA JANATA PARTY
20,2630,2532,0,0,BHARATIYA JANATA PARTY
20,2630,2536,0,0,BHARATIYA JANATA PARTY
20,2630,2539,0,0,BHARATIYA JANATA PARTY
20,2630,2550,0,0,BHARATIYA JANATA PARTY
20,2630,2552,0,0,BHARATIYA JANATA PARTY
20,2630,2556,0,0,BHARATIYA JANATA PARTY
20,2630,2563,0,0,BHARATIYA JANATA PARTY
20,2630,2564,0,0,BHARATIYA JANATA PARTY
20,2630,2573,0,0,BHARATIYA JANATA PARTY
20,2630,2575,0,0,BHARATIYA JANATA PARTY
20,2630,2576,0,2000000,BHARATIYA JANATA PARTY
20,2630,2579,0,0,BHARATIYA JANATA PARTY
20,2630,2586,0,0,BHARATIYA JANATA PARTY
20,2630,2590,0,0,BHARATIYA JANATA PARTY
20,2630,2600,0,0,BHARATIYA JANATA PARTY
20,2630,2601,0,0,BHARATIYA JANATA PARTY
20,2630,2602,0,0,BHARATIYA JANATA PARTY
20,2630,2604,0,0,BHARATIYA JANATA PARTY
20,2630,2607,0,50000000,BHARATIYA JANATA PARTY
20,2630,2611,0,0,BHARATIYA JANATA PARTY
20,2630,2624,0,0,BHARATIYA JANATA PARTY
20,2630,2654,0,0,BHARATIYA JANATA PARTY
20,2630,2655,0,0,BHARATIYA JANATA PARTY
21,2630,1929,0,0,BHARATIYA JANATA PARTY
21,2630,1962,0,0,BHARATIYA JANATA PARTY
21,2630,1966,0,0,BHARATIYA JANATA PARTY
21,2630,1971,0,0,BHARATIYA JANATA PARTY
21,2630,1984,0,0,BHARATIYA JANATA PARTY
21,2630,1986,0,0,BHARATIYA JANATA PARTY
21,2630,2030,0,0,BHARATIYA JANATA PARTY
21,2630,2037,0,0,BHARATIYA JANATA PARTY
21,2630,2073,0,0,BHARATIYA JANATA PARTY
21,2630,2074,0,0,BHARATIYA JANATA PARTY
21,2630,2083,0,0,BHARATIYA JANATA PARTY
21,2630,2088,0,0,BHARATIYA JANATA PARTY
21,2630,2090,0,0,BHARATIYA JANATA PARTY
21,2630,2095,0,0,BHARATIYA JANATA PARTY
21,2630,2104,0,0,BHARATIYA JANATA PARTY
21,2630,2118,0,0,BHARATIYA JANATA PARTY
21,2630,2131,0,0,BHARATIYA JANATA PARTY
21,2630,2139,0,0,BHARATIYA JANATA PARTY
21,2630,2150,0,0,BHARATIYA JANATA PARTY
21,2630,2165,0,0,BHARATIYA JANATA PARTY
21,2630,2220,0,0,BHARATIYA JANATA PARTY
21,2630,2240,0,0,BHARATIYA JANATA PARTY
21,2630,2253,0,0,BHARATIYA JANATA PARTY
21,2630,2261,0,0,BHARATIYA JANATA PARTY
21,2630,2266,0,7500000,BHARATIYA JANATA PARTY
21,2630,2271,0,0,BHARATIYA JANATA PARTY
21,2630,2300,0,0,BHARATIYA JANATA PARTY
21,2630,2306,0,0,BHARATIYA JANATA PARTY
21,2630,2307,0,0,BHARATIYA JANATA PARTY
21,2630,2309,0,0,BHARATIYA JANATA PARTY
21,2630,2353,0,0,BHARATIYA JANATA PARTY
21,2630,2356,0,0,BHARATIYA JANATA PARTY
21,2630,2370,0,0,BHARATIYA JANATA PARTY
21,2630,2386,0,0,BHARATIYA JANATA PARTY
21,2630,2410,0,0,BHARATIYA JANATA PARTY
21,2630,2430,0,0,BHARATIYA JANATA PARTY
21,2630,2446,0,0,BHARATIYA JANATA PARTY
21,2630,2460,0,0,BHARATIYA JANATA PARTY
21,2630,2464,0,0,BHARATIYA JANATA PARTY
21,2630,2468,0,0,BHARATIYA JANATA PARTY
21,2630,2492,0,0,BHARATIYA JANATA PARTY
21,2630,2495,0,0,BHARATIYA JANATA PARTY
21,2630,2504,0,0,BHARATIYA JANATA PARTY
21,2630,2526,0,0,BHARATIYA JANATA PARTY
21,2630,2532,0,0,BHARATIYA JANATA PARTY
21,2630,2536,0,0,BHARATIYA JANATA PARTY
21,2630,2539,0,0,BHARATIYA JANATA PARTY
21,2630,2550,0,0,BHARATIYA JANATA PARTY
21,2630,2552,0,0,BHARATIYA JANATA PARTY
21,2630,2556,0,0,BHARATIYA JANATA PARTY
21,2630,2563,0,0,BHARATIYA JANATA PARTY
21,2630,2564,0,0,BHARATIYA JANATA PARTY
21,2630,2573,0,0,BHARATIYA JANATA PARTY
21,2630,2575,0,0,BHARATIYA JANATA PARTY
21,2630,2576,0,0,BHARATIYA JANATA PARTY
21,2630,2579,0,0,BHARATIYA JANATA PARTY
21,2630,2586,0,0,BHARATIYA JANATA PARTY
21,2630,2590,0,0,BHARATIYA JANATA PARTY
21,2630,2600,0,0,BHARATIYA JANATA PARTY
21,2630,2601,0,0,BHARATIYA JANATA PARTY
21,2630,2602,0,0,BHARATIYA JANATA PARTY
21,2630,2604,0,0,BHARATIYA JANATA PARTY
21,2630,2607,0,0,BHARATIYA JANATA PARTY
21,2630,2611,0,0,BHARATIYA JANATA PARTY
21,2630,2624,0,0,BHARATIYA JANATA PARTY
21,2630,2654,0,9600000,BHARATIYA JANATA PARTY
21,2630,2655,0,0,BHARATIYA JANATA PARTY
22,2630,1929,0,0,BHARATIYA JANATA PARTY
22,2630,1962,0,0,BHARATIYA JANATA PARTY
22,2630,1966,0,0,BHARATIYA JANATA PARTY
22,2630,1971,0,0,BHARATIYA JANATA PARTY
22,2630,1984,0,0,BHARATIYA JANATA PARTY
22,2630,1986,0,0,BHARATIYA JANATA PARTY
22,2630,2030,0,0,BHARATIYA JANATA PARTY
22,2630,2037,0,0,BHARATIYA JANATA PARTY
22,2630,2073,0,0,BHARATIYA JANATA PARTY
22,2630,2074,0,0,BHARATIYA JANATA PARTY
22,2630,2083,0,0,BHARATIYA JANATA PARTY
22,2630,2088,0,0,BHARATIYA JANATA PARTY
22,2630,2090,0,0,BHARATIYA JANATA PARTY
22,2630,2095,0,0,BHARATIYA JANATA PARTY
22,2630,2104,0,0,BHARATIYA JANATA PARTY
22,2630,2118,0,0,BHARATIYA JANATA PARTY
22,2630,2131,0,0,BHARATIYA JANATA PARTY
22,2630,2139,0,0,BHARATIYA JANATA PARTY
22,2630,2150,0,0,BHARATIYA JANATA PARTY
22,2630,2165,0,0,BHARATIYA JANATA PARTY
22,2630,2220,0,0,BHARATIYA JANATA PARTY
22,2630,2240,0,0,BHARATIYA JANATA PARTY
22,2630,2253,0,0,BHARATIYA JANATA PARTY
22,2630,2261,0,0,BHARATIYA JANATA PARTY
22,2630,2266,0,0,BHARATIYA JANATA PARTY
22,2630,2271,0,0,BHARATIYA JANATA PARTY
22,2630,2300,0,0,BHARATIYA JANATA PARTY
22,2630,2306,0,0,BHARATIYA JANATA PARTY
22,2630,2307,0,0,BHARATIYA JANATA PARTY
22,2630,2309,0,0,BHARATIYA JANATA PARTY
22,2630,2353,0,0,BHARATIYA JANATA PARTY
22,2630,2356,0,0,BHARATIYA JANATA PARTY
22,2630,2370,0,0,BHARATIYA JANATA PARTY
22,2630,2386,0,0,BHARATIYA JANATA PARTY
22,2630,2410,0,0,BHARATIYA JANATA PARTY
22,2630,2430,0,0,BHARATIYA JANATA PARTY
22,2630,2446,0,0,BHARATIYA JANATA PARTY
22,2630,2460,0,0,BHARATIYA JANATA PARTY
22,2630,2464,0,0,BHARATIYA JANATA PARTY
22,2630,2468,0,0,BHARATIYA JANATA PARTY
22,2630,2492,0,0,BHARATIYA JANATA PARTY
22,2630,2495,0,0,BHARATIYA JANATA PARTY
22,2630,2504,0,0,BHARATIYA JANATA PARTY
22,2630,2526,0,100000000,BHARATIYA JANATA PARTY
22,2630,2532,0,0,BHARATIYA JANATA PARTY
22,2630,2536,0,0,BHARATIYA JANATA PARTY
22,2630,2539,0,0,BHARATIYA JANATA PARTY
22,2630,2550,0,0,BHARATIYA JANATA PARTY
22,2630,2552,0,0,BHARATIYA JANATA PARTY
22,2630,2556,0,0,BHARATIYA JANATA PARTY
22,2630,2563,0,0,BHARATIYA JANATA PARTY
22,2630,2564,0,0,BHARATIYA JANATA PARTY
22,2630,2573,0,0,BHARATIYA JANATA PARTY
22,2630,2575,0,0,BHARATIYA JANATA PARTY
22,2630,2576,0,0,BHARATIYA JANATA PARTY
22,2630,2579,0,0,BHARATIYA JANATA PARTY
22,2630,2586,0,0,BHARATIYA JANATA PARTY
22,2630,2590,0,0,BHARATIYA JANATA PARTY
22,2630,2600,0,0,BHARATIYA JANATA PARTY
22,2630,2601,0,0,BHARATIYA JANATA PARTY
22,2630,2602,0,0,BHARATIYA JANATA PARTY
22,2630,2604,0,0,BHARATIYA JANATA PARTY
22,2630,2607,0,0,BHARATIYA JANATA PARTY
22,2630,2611,0,0,BHARATIYA JANATA PARTY
22,2630,2624,0,0,BHARATIYA JANATA PARTY
22,2630,2654,0,0,BHARATIYA JANATA PARTY
22,2630,2655,0,0,BHARATIYA JANATA PARTY
23,2630,1929,0,0,BHARATIYA JANATA PARTY
23,2630,1962,0,0,BHARATIYA JANATA PARTY
23,2630,1966,0,0,BHARATIYA JANATA PARTY
23,2630,1971,0,0,BHARATIYA JANATA PARTY
23,2630,1984,0,0,BHARATIYA JANATA PARTY
23,2630,1986,0,0,BHARATIYA JANATA PARTY
23,2630,2030,0,0,BHARATIYA JANATA PARTY
23,2630,2037,0,0,BHARATIYA JANATA PARTY
23,2630,2073,0,0,BHARATIYA JANATA PARTY
23,2630,2074,0,0,BHARATIYA JANATA PARTY
23,2630,2083,0,0,BHARATIYA JANATA PARTY
23,2630,2088,0,0,BHARATIYA JANATA PARTY
23,2630,2090,0,0,BHARATIYA JANATA PARTY
23,2630,2095,0,0,BHARATIYA JANATA PARTY
23,2630,2104,0,0,BHARATIYA JANATA PARTY
23,2630,2118,0,0,BHARATIYA JANATA PARTY
23,2630,2131,0,0,BHARATIYA JANATA PARTY
23,2630,2139,0,0,BHARATIYA JANATA PARTY
23,2630,2150,0,0,BHARATIYA JANATA PARTY
23,2630,2165,0,0,BHARATIYA JANATA PARTY
23,2630,2220,0,0,BHARATIYA JANATA PARTY
23,2630,2240,0,0,BHARATIYA JANATA PARTY
23,2630,2253,0,0,BHARATIYA JANATA PARTY
23,2630,2261,0,0,BHARATIYA JANATA PARTY
23,2630,2266,0,0,BHARATIYA JANATA PARTY
23,2630,2271,0,0,BHARATIYA JANATA PARTY
23,2630,2300,0,0,BHARATIYA JANATA PARTY
23,2630,2306,0,0,BHARATIYA JANATA PARTY
23,2630,2307,0,0,BHARATIYA JANATA PARTY
23,2630,2309,0,0,BHARATIYA JANATA PARTY
23,2630,2353,0,0,BHARATIYA JANATA PARTY
23,2630,2356,0,0,BHARATIYA JANATA PARTY
23,2630,2370,0,0,BHARATIYA JANATA PARTY
23,2630,2386,0,0,BHARATIYA JANATA PARTY
23,2630,2410,0,0,BHARATIYA JANATA PARTY
23,2630,2430,0,0,BHARATIYA JANATA PARTY
23,2630,2446,0,0,BHARATIYA JANATA PARTY
23,2630,2460,0,0,BHARATIYA JANATA PARTY
23,2630,2464,0,0,BHARATIYA JANATA PARTY
23,2630,2468,0,0,BHARATIYA JANATA PARTY
23,2630,2492,0,0,BHARATIYA JANATA PARTY
23,2630,2495,0,0,BHARATIYA JANATA PARTY
23,2630,2504,0,0,BHARATIYA JANATA PARTY
23,2630,2526,0,0,BHARATIYA JANATA PARTY
23,2630,2532,0,0,BHARATIYA JANATA PARTY
23,2630,2536,0,0,BHARATIYA JANATA PARTY
23,2630,2539,0,20000000,BHARATIYA JANATA PARTY
23,2630,2550,0,0,BHARATIYA JANATA PARTY
23,2630,2552,0,0,BHARATIYA JANATA PARTY
23,2630,2556,0,0,BHARATIYA JANATA PARTY
23,2630,2563,0,0,BHARATIYA JANATA PARTY
23,2630,2564,0,0,BHARATIYA JANATA PARTY
23,2630,2573,0,0,BHARATIYA JANATA PARTY
23,2630,2575,0,0,BHARATIYA JANATA PARTY
23,2630,2576,0,0,BHARATIYA JANATA PARTY
23,2630,2579,0,0,BHARATIYA JANATA PARTY
23,2630,2586,0,0,BHARATIYA JANATA PARTY
23,2630,2590,0,0,BHARATIYA JANATA PARTY
23,2630,2600,0,0,BHARATIYA JANATA PARTY
23,2630,2601,0,0,BHARATIYA JANATA PARTY
23,2630,2602,0,0,BHARATIYA JANATA PARTY
23,2630,2604,0,0,BHARATIYA JANATA PARTY
23,2630,2607,0,0,BHARATIYA JANATA PARTY
23,2630,2611,0,0,BHARATIYA JANATA PARTY
23,2630,2624,0,0,BHARATIYA JANATA PARTY
23,2630,2654,0,0,BHARATIYA JANATA PARTY
23,2630,2655,0,0,BHARATIYA JANATA PARTY
25,2630,1929,0,0,BHARATIYA JANATA PARTY
25,2630,1962,0,0,BHARATIYA JANATA PARTY
25,2630,1966,0,0,BHARATIYA JANATA PARTY
25,2630,1971,0,0,BHARATIYA JANATA PARTY
25,2630,1984,0,0,BHARATIYA JANATA PARTY
25,2630,1986,0,0,BHARATIYA JANATA PARTY
25,2630,2030,0,0,BHARATIYA JANATA PARTY
25,2630,2037,0,0,BHARATIYA JANATA PARTY
25,2630,2073,0,0,BHARATIYA JANATA PARTY
25,2630,2074,0,0,BHARATIYA JANATA PARTY
25,2630,2083,0,0,BHARATIYA JANATA PARTY
25,2630,2088,0,0,BHARATIYA JANATA PARTY
25,2630,2090,0,0,BHARATIYA JANATA PARTY
25,2630,2095,0,0,BHARATIYA JANATA PARTY
25,2630,2104,0,0,BHARATIYA JANATA PARTY
25,2630,2118,0,0,BHARATIYA JANATA PARTY
25,2630,2131,0,0,BHARATIYA JANATA PARTY
25,2630,2139,0,0,BHARATIYA JANATA PARTY
25,2630,2150,0,0,BHARATIYA JANATA PARTY
25,2630,2165,0,0,BHARATIYA JANATA PARTY
25,2630,2220,0,0,BHARATIYA JANATA PARTY
25,2630,2240,0,0,BHARATIYA JANATA PARTY
25,2630,2253,0,0,BHARATIYA JANATA PARTY
25,2630,2261,0,0,BHARATIYA JANATA PARTY
25,2630,2266,0,0,BHARATIYA JANATA PARTY
25,2630,2271,0,0,BHARATIYA JANATA PARTY
25,2630,2300,0,0,BHARATIYA JANATA PARTY
25,2630,2306,0,0,BHARATIYA JANATA PARTY
25,2630,2307,0,0,BHARATIYA JANATA PARTY
25,2630,2309,0,0,BHARATIYA JANATA PARTY
25,2630,2353,0,0,BHARATIYA JANATA PARTY
25,2630,2356,0,0,BHARATIYA JANATA PARTY
25,2630,2370,0,0,BHARATIYA JANATA PARTY
25,2630,2386,0,0,BHARATIYA JANATA PARTY
25,2630,2410,0,0,BHARATIYA JANATA PARTY
25,2630,2430,0,0,BHARATIYA JANATA PARTY
25,2630,2446,0,0,BHARATIYA JANATA PARTY
25,2630,2460,0,0,BHARATIYA JANATA PARTY
25,2630,2464,0,0,BHARATIYA JANATA PARTY
25,2630,2468,0,0,BHARATIYA JANATA PARTY
25,2630,2492,0,0,BHARATIYA JANATA PARTY
25,2630,2495,0,6000000,BHARATIYA JANATA PARTY
25,2630,2504,0,0,BHARATIYA JANATA PARTY
25,2630,2526,0,150000000,BHARATIYA JANATA PARTY
25,2630,2532,0,0,BHARATIYA JANATA PARTY
25,2630,2536,0,0,BHARATIYA JANATA PARTY
25,2630,2539,0,0,BHARATIYA JANATA PARTY
25,2630,2550,0,0,BHARATIYA JANATA PARTY
25,2630,2552,0,0,BHARATIYA JANATA PARTY
25,2630,2556,0,0,BHARATIYA JANATA PARTY
25,2630,2563,0,0,BHARATIYA JANATA PARTY
25,2630,2564,0,0,BHARATIYA JANATA PARTY
25,2630,2573,0,0,BHARATIYA JANATA PARTY
25,2630,2575,0,0,BHARATIYA JANATA PARTY
25,2630,2576,0,0,BHARATIYA JANATA PARTY
25,2630,2579,0,0,BHARATIYA JANATA PARTY
25,2630,2586,0,0,BHARATIYA JANATA PARTY
25,2630,2590,0,0,BHARATIYA JANATA PARTY
25,2630,2600,0,0,BHARATIYA JANATA PARTY
25,2630,2601,0,0,BHARATIYA JANATA PARTY
25,2630,2602,0,0,BHARATIYA JANATA PARTY
25,2630,2604,0,0,BHARATIYA JANATA PARTY
25,2630,2607,0,0,BHARATIYA JANATA PARTY
25,2630,2611,0,0,BHARATIYA JANATA PARTY
25,2630,2624,0,0,BHARATIYA JANATA PARTY
25,2630,2654,0,0,BHARATIYA JANATA PARTY
25,2630,2655,0,0,BHARATIYA JANATA PARTY
6,2630,1929,0,0,BIHAR PRADESH JANTA DAL(UNITED)
6,2630,1962,0,0,BIHAR PRADESH JANTA DAL(UNITED)
6,2630,1966,0,0,BIHAR PRADESH JANTA DAL(UNITED)
6,2630,1971,0,0,BIHAR PRADESH JANTA DAL(UNITED)
6,2630,1984,0,0,BIHAR PRADESH JANTA DAL(UNITED)
6,2630,1986,0,0,BIHAR PRADESH JANTA DAL(UNITED)
6,2630,2030,0,0,BIHAR PRADESH JANTA DAL(UNITED)
6,2630,2037,0,0,BIHAR PRADESH JANTA DAL(UNITED)
6,2630,2073,0,0,BIHAR PRADESH JANTA DAL(UNITED)
6,2630,2074,0,0,BIHAR PRADESH JANTA DAL(UNITED)
6,2630,2083,0,0,BIHAR PRADESH JANTA DAL(UNITED)
6,2630,2088,0,0,BIHAR PRADESH JANTA DAL(UNITED)
6,2630,2090,0,0,BIHAR PRADESH JANTA DAL(UNITED)
6,2630,2095,0,0,BIHAR PRADESH JANTA DAL(UNITED)
6,2630,2104,0,0,BIHAR PRADESH JANTA DAL(UNITED)
6,2630,2118,0,0,BIHAR PRADESH JANTA DAL(UNITED)
6,2630,2131,0,0,BIHAR PRADESH JANTA DAL(UNITED)
6,2630,2139,0,0,BIHAR PRADESH JANTA DAL(UNITED)
6,2630,2150,0,0,BIHAR PRADESH JANTA DAL(UNITED)
6,2630,2165,0,0,BIHAR PRADESH JANTA DAL(UNITED)
6,2630,2220,0,0,BIHAR PRADESH JANTA DAL(UNITED)
6,2630,2240,0,0,BIHAR PRADESH JANTA DAL(UNITED)
6,2630,2253,0,0,BIHAR PRADESH JANTA DAL(UNITED)
6,2630,2261,0,0,BIHAR PRADESH JANTA DAL(UNITED)
6,2630,2266,0,0,BIHAR PRADESH JANTA DAL(UNITED)
6,2630,2271,0,0,BIHAR PRADESH JANTA DAL(UNITED)
6,2630,2300,0,0,BIHAR PRADESH JANTA DAL(UNITED)
6,2630,2306,0,0,BIHAR PRADESH JANTA DAL(UNITED)
6,2630,2307,0,0,BIHAR PRADESH JANTA DAL(UNITED)
6,2630,2309,0,0,BIHAR PRADESH JANTA DAL(UNITED)
6,2630,2353,0,10000000,BIHAR PRADESH JANTA DAL(UNITED)
6,2630,2356,0,0,BIHAR PRADESH JANTA DAL(UNITED)
6,2630,2370,0,0,BIHAR PRADESH JANTA DAL(UNITED)
6,2630,2386,0,0,BIHAR PRADESH JANTA DAL(UNITED)
6,2630,2410,0,0,BIHAR PRADESH JANTA DAL(UNITED)
6,2630,2430,0,0,BIHAR PRADESH JANTA DAL(UNITED)
6,2630,2446,0,0,BIHAR PRADESH JANTA DAL(UNITED)
6,2630,2460,0,0,BIHAR PRADESH JANTA DAL(UNITED)
6,2630,2464,0,0,BIHAR PRADESH JANTA DAL(UNITED)
6,2630,2468,0,0,BIHAR PRADESH JANTA DAL(UNITED)
6,2630,2492,0,0,BIHAR PRADESH JANTA DAL(UNITED)
6,2630,2495,0,0,BIHAR PRADESH JANTA DAL(UNITED)
6,2630,2504,0,0,BIHAR PRADESH JANTA DAL(UNITED)
6,2630,2526,0,0,BIHAR PRADESH JANTA DAL(UNITED)
6,2630,2532,0,0,BIHAR PRADESH JANTA DAL(UNITED)
6,2630,2536,0,0,BIHAR PRADESH JANTA DAL(UNITED)
6,2630,2539,0,0,BIHAR PRADESH JANTA DAL(UNITED)
6,2630,2550,0,0,BIHAR PRADESH JANTA DAL(UNITED)
6,2630,2552,0,0,BIHAR PRADESH JANTA DAL(UNITED)
6,2630,2556,0,0,BIHAR PRADESH JANTA DAL(UNITED)
6,2630,2563,0,0,BIHAR PRADESH JANTA DAL(UNITED)
6,2630,2564,0,0,BIHAR PRADESH JANTA DAL(UNITED)
6,2630,2573,0,0,BIHAR PRADESH JANTA DAL(UNITED)
6,2630,2575,0,0,BIHAR PRADESH JANTA DAL(UNITED)
6,2630,2576,0,0,BIHAR PRADESH JANTA DAL(UNITED)
6,2630,2579,0,0,BIHAR PRADESH JANTA DAL(UNITED)
6,2630,2586,0,0,BIHAR PRADESH JANTA DAL(UNITED)
6,2630,2590,0,0,BIHAR PRADESH JANTA DAL(UNITED)
6,2630,2600,0,0,BIHAR PRADESH JANTA DAL(UNITED)
6,2630,2601,0,0,BIHAR PRADESH JANTA DAL(UNITED)
6,2630,2602,0,0,BIHAR PRADESH JANTA DAL(UNITED)
6,2630,2604,0,0,BIHAR PRADESH JANTA DAL(UNITED)
6,2630,2607,0,0,BIHAR PRADESH JANTA DAL(UNITED)
6,2630,2611,0,0,BIHAR PRADESH JANTA DAL(UNITED)
6,2630,2624,0,0,BIHAR PRADESH JANTA DAL(UNITED)
6,2630,2654,0,0,BIHAR PRADESH JANTA DAL(UNITED)
6,2630,2655,0,0,BIHAR PRADESH JANTA DAL(UNITED)
21,2630,1929,0,0,BIJU JANATA DAL
21,2630,1962,0,0,BIJU JANATA DAL
21,2630,1966,0,0,BIJU JANATA DAL
21,2630,1971,0,0,BIJU JANATA DAL
21,2630,1984,0,0,BIJU JANATA DAL
21,2630,1986,0,0,BIJU JANATA DAL
21,2630,2030,0,100000000,BIJU JANATA DAL
21,2630,2037,0,0,BIJU JANATA DAL
21,2630,2073,0,0,BIJU JANATA DAL
21,2630,2074,0,0,BIJU JANATA DAL
21,2630,2083,0,0,BIJU JANATA DAL
21,2630,2088,0,0,BIJU JANATA DAL
21,2630,2090,0,0,BIJU JANATA DAL
21,2630,2095,0,0,BIJU JANATA DAL
21,2630,2104,0,0,BIJU JANATA DAL
21,2630,2118,0,0,BIJU JANATA DAL
21,2630,2131,0,0,BIJU JANATA DAL
21,2630,2139,0,0,BIJU JANATA DAL
21,2630,2150,0,0,BIJU JANATA DAL
21,2630,2165,0,0,BIJU JANATA DAL
21,2630,2220,0,0,BIJU JANATA DAL
21,2630,2240,0,0,BIJU JANATA DAL
21,2630,2253,0,0,BIJU JANATA DAL
21,2630,2261,0,0,BIJU JANATA DAL
21,2630,2266,0,0,BIJU JANATA DAL
21,2630,2271,0,0,BIJU JANATA DAL
21,2630,2300,0,0,BIJU JANATA DAL
21,2630,2306,0,0,BIJU JANATA DAL
21,2630,2307,0,0,BIJU JANATA DAL
21,2630,2309,0,0,BIJU JANATA DAL
21,2630,2353,0,0,BIJU JANATA DAL
21,2630,2356,0,0,BIJU JANATA DAL
21,2630,2370,0,0,BIJU JANATA DAL
21,2630,2386,0,0,BIJU JANATA DAL
21,2630,2410,0,0,BIJU JANATA DAL
21,2630,2430,0,0,BIJU JANATA DAL
21,2630,2446,0,0,BIJU JANATA DAL
21,2630,2460,0,0,BIJU JANATA DAL
21,2630,2464,0,0,BIJU JANATA DAL
21,2630,2468,0,0,BIJU JANATA DAL
21,2630,2492,0,0,BIJU JANATA DAL
21,2630,2495,0,0,BIJU JANATA DAL
21,2630,2504,0,0,BIJU JANATA DAL
21,2630,2526,0,0,BIJU JANATA DAL
21,2630,2532,0,0,BIJU JANATA DAL
21,2630,2536,0,0,BIJU JANATA DAL
21,2630,2539,0,0,BIJU JANATA DAL
21,2630,2550,0,0,BIJU JANATA DAL
21,2630,2552,0,0,BIJU JANATA DAL
21,2630,2556,0,0,BIJU JANATA DAL
21,2630,2563,0,0,BIJU JANATA DAL
21,2630,2564,0,0,BIJU JANATA DAL
21,2630,2573,0,0,BIJU JANATA DAL
21,2630,2575,0,0,BIJU JANATA DAL
21,2630,2576,0,0,BIJU JANATA DAL
21,2630,2579,0,0,BIJU JANATA DAL
21,2630,2586,0,0,BIJU JANATA DAL
21,2630,2590,0,0,BIJU JANATA DAL
21,2630,2600,0,0,BIJU JANATA DAL
21,2630,2601,0,0,BIJU JANATA DAL
21,2630,2602,0,0,BIJU JANATA DAL
21,2630,2604,0,0,BIJU JANATA DAL
21,2630,2607,0,0,BIJU JANATA DAL
21,2630,2611,0,0,BIJU JANATA DAL
21,2630,2624,0,0,BIJU JANATA DAL
21,2630,2654,0,0,BIJU JANATA DAL
21,2630,2655,0,0,BIJU JANATA DAL
12,2630,1929,0,0,GOA FORWARD PARTY
12,2630,1962,0,0,GOA FORWARD PARTY
12,2630,1966,0,0,GOA FORWARD PARTY
12,2630,1971,0,0,GOA FORWARD PARTY
12,2630,1984,0,0,GOA FORWARD PARTY
12,2630,1986,0,0,GOA FORWARD PARTY
12,2630,2030,0,0,GOA FORWARD PARTY
12,2630,2037,0,0,GOA FORWARD PARTY
12,2630,2073,0,0,GOA FORWARD PARTY
12,2630,2074,0,0,GOA FORWARD PARTY
12,2630,2083,0,0,GOA FORWARD PARTY
12,2630,2088,0,0,GOA FORWARD PARTY
12,2630,2090,0,0,GOA FORWARD PARTY
12,2630,2095,0,0,GOA FORWARD PARTY
12,2630,2104,0,0,GOA FORWARD PARTY
12,2630,2118,0,0,GOA FORWARD PARTY
12,2630,2131,0,0,GOA FORWARD PARTY
12,2630,2139,0,0,GOA FORWARD PARTY
12,2630,2150,0,0,GOA FORWARD PARTY
12,2630,2165,0,0,GOA FORWARD PARTY
12,2630,2220,0,0,GOA FORWARD PARTY
12,2630,2240,0,0,GOA FORWARD PARTY
12,2630,2253,0,0,GOA FORWARD PARTY
12,2630,2261,0,0,GOA FORWARD PARTY
12,2630,2266,0,0,GOA FORWARD PARTY
12,2630,2271,0,0,GOA FORWARD PARTY
12,2630,2300,0,0,GOA FORWARD PARTY
12,2630,2306,0,0,GOA FORWARD PARTY
12,2630,2307,0,0,GOA FORWARD PARTY
12,2630,2309,0,0,GOA FORWARD PARTY
12,2630,2353,0,0,GOA FORWARD PARTY
12,2630,2356,0,0,GOA FORWARD PARTY
12,2630,2370,0,0,GOA FORWARD PARTY
12,2630,2386,0,0,GOA FORWARD PARTY
12,2630,2410,0,0,GOA FORWARD PARTY
12,2630,2430,0,0,GOA FORWARD PARTY
12,2630,2446,0,0,GOA FORWARD PARTY
12,2630,2460,0,0,GOA FORWARD PARTY
12,2630,2464,0,0,GOA FORWARD PARTY
12,2630,2468,0,0,GOA FORWARD PARTY
12,2630,2492,0,0,GOA FORWARD PARTY
12,2630,2495,0,0,GOA FORWARD PARTY
12,2630,2504,0,0,GOA FORWARD PARTY
12,2630,2526,0,0,GOA FORWARD PARTY
12,2630,2532,0,0,GOA FORWARD PARTY
12,2630,2536,0,0,GOA FORWARD PARTY
12,2630,2539,0,0,GOA FORWARD PARTY
12,2630,2550,0,0,GOA FORWARD PARTY
12,2630,2552,0,0,GOA FORWARD PARTY
12,2630,2556,0,0,GOA FORWARD PARTY
12,2630,2563,0,0,GOA FORWARD PARTY
12,2630,2564,0,0,GOA FORWARD PARTY
12,2630,2573,0,0,GOA FORWARD PARTY
12,2630,2575,0,0,GOA FORWARD PARTY
12,2630,2576,0,0,GOA FORWARD PARTY
12,2630,2579,0,0,GOA FORWARD PARTY
12,2630,2586,0,0,GOA FORWARD PARTY
12,2630,2590,0,0,GOA FORWARD PARTY
12,2630,2600,0,0,GOA FORWARD PARTY
12,2630,2601,0,0,GOA FORWARD PARTY
12,2630,2602,0,1500000,GOA FORWARD PARTY
12,2630,2604,0,0,GOA FORWARD PARTY
12,2630,2607,0,0,GOA FORWARD PARTY
12,2630,2611,0,0,GOA FORWARD PARTY
12,2630,2624,0,0,GOA FORWARD PARTY
12,2630,2654,0,0,GOA FORWARD PARTY
12,2630,2655,0,0,GOA FORWARD PARTY
22,2630,1929,0,0,JHARKHAND MUKTI MORCHA
22,2630,1962,0,0,JHARKHAND MUKTI MORCHA
22,2630,1966,0,0,JHARKHAND MUKTI MORCHA
22,2630,1971,0,0,JHARKHAND MUKTI MORCHA
22,2630,1984,0,0,JHARKHAND MUKTI MORCHA
22,2630,1986,0,0,JHARKHAND MUKTI MORCHA
22,2630,2030,0,0,JHARKHAND MUKTI MORCHA
22,2630,2037,0,0,JHARKHAND MUKTI MORCHA
22,2630,2073,0,0,JHARKHAND MUKTI MORCHA
22,2630,2074,0,0,JHARKHAND MUKTI MORCHA
22,2630,2083,0,0,JHARKHAND MUKTI MORCHA
22,2630,2088,0,0,JHARKHAND MUKTI MORCHA
22,2630,2090,0,0,JHARKHAND MUKTI MORCHA
22,2630,2095,0,0,JHARKHAND MUKTI MORCHA
22,2630,2104,0,0,JHARKHAND MUKTI MORCHA
22,2630,2118,0,0,JHARKHAND MUKTI MORCHA
22,2630,2131,0,0,JHARKHAND MUKTI MORCHA
22,2630,2139,0,0,JHARKHAND MUKTI MORCHA
22,2630,2150,0,0,JHARKHAND MUKTI MORCHA
22,2630,2165,0,0,JHARKHAND MUKTI MORCHA
22,2630,2220,0,0,JHARKHAND MUKTI MORCHA
22,2630,2240,0,0,JHARKHAND MUKTI MORCHA
22,2630,2253,0,0,JHARKHAND MUKTI MORCHA
22,2630,2261,0,0,JHARKHAND MUKTI MORCHA
22,2630,2266,0,0,JHARKHAND MUKTI MORCHA
22,2630,2271,0,0,JHARKHAND MUKTI MORCHA
22,2630,2300,0,0,JHARKHAND MUKTI MORCHA
22,2630,2306,0,0,JHARKHAND MUKTI MORCHA
22,2630,2307,0,0,JHARKHAND MUKTI MORCHA
22,2630,2309,0,0,JHARKHAND MUKTI MORCHA
22,2630,2353,0,0,JHARKHAND MUKTI MORCHA
22,2630,2356,0,0,JHARKHAND MUKTI MORCHA
22,2630,2370,0,0,JHARKHAND MUKTI MORCHA
22,2630,2386,0,0,JHARKHAND MUKTI MORCHA
22,2630,2410,0,0,JHARKHAND MUKTI MORCHA
22,2630,2430,0,0,JHARKHAND MUKTI MORCHA
22,2630,2446,0,0,JHARKHAND MUKTI MORCHA
22,2630,2460,0,0,JHARKHAND MUKTI MORCHA
22,2630,2464,0,0,JHARKHAND MUKTI MORCHA
22,2630,2468,0,0,JHARKHAND MUKTI MORCHA
22,2630,2492,0,0,JHARKHAND MUKTI MORCHA
22,2630,2495,0,0,JHARKHAND MUKTI MORCHA
22,2630,2504,0,0,JHARKHAND MUKTI MORCHA
22,2630,2526,0,0,JHARKHAND MUKTI MORCHA
22,2630,2532,0,0,JHARKHAND MUKTI MORCHA
22,2630,2536,0,0,JHARKHAND MUKTI MORCHA
22,2630,2539,0,0,JHARKHAND MUKTI MORCHA
22,2630,2550,0,0,JHARKHAND MUKTI MORCHA
22,2630,2552,0,0,JHARKHAND MUKTI MORCHA
22,2630,2556,0,0,JHARKHAND MUKTI MORCHA
22,2630,2563,0,0,JHARKHAND MUKTI MORCHA
22,2630,2564,0,0,JHARKHAND MUKTI MORCHA
22,2630,2573,0,0,JHARKHAND MUKTI MORCHA
22,2630,2575,0,0,JHARKHAND MUKTI MORCHA
22,2630,2576,0,0,JHARKHAND MUKTI MORCHA
22,2630,2579,0,0,JHARKHAND MUKTI MORCHA
22,2630,2586,0,0,JHARKHAND MUKTI MORCHA
22,2630,2590,0,0,JHARKHAND MUKTI MORCHA
22,2630,2600,0,30000000,JHARKHAND MUKTI MORCHA
22,2630,2601,0,0,JHARKHAND MUKTI MORCHA
22,2630,2602,0,0,JHARKHAND MUKTI MORCHA
22,2630,2604,0,0,JHARKHAND MUKTI MORCHA
22,2630,2607,0,0,JHARKHAND MUKTI MORCHA
22,2630,2611,0,0,JHARKHAND MUKTI MORCHA
22,2630,2624,0,0,JHARKHAND MUKTI MORCHA
22,2630,2654,0,0,JHARKHAND MUKTI MORCHA
22,2630,2655,0,0,JHARKHAND MUKTI MORCHA
12,2630,1929,0,0,MAHARASHTRAWADI GOMNTAK PARTY
12,2630,1962,0,0,MAHARASHTRAWADI GOMNTAK PARTY
12,2630,1966,0,0,MAHARASHTRAWADI GOMNTAK PARTY
12,2630,1971,0,0,MAHARASHTRAWADI GOMNTAK PARTY
12,2630,1984,0,0,MAHARASHTRAWADI GOMNTAK PARTY
12,2630,1986,0,0,MAHARASHTRAWADI GOMNTAK PARTY
12,2630,2030,0,0,MAHARASHTRAWADI GOMNTAK PARTY
12,2630,2037,0,0,MAHARASHTRAWADI GOMNTAK PARTY
12,2630,2073,0,0,MAHARASHTRAWADI GOMNTAK PARTY
12,2630,2074,0,0,MAHARASHTRAWADI GOMNTAK PARTY
12,2630,2083,0,0,MAHARASHTRAWADI GOMNTAK PARTY
12,2630,2088,0,0,MAHARASHTRAWADI GOMNTAK PARTY
12,2630,2090,0,0,MAHARASHTRAWADI GOMNTAK PARTY
12,2630,2095,0,0,MAHARASHTRAWADI GOMNTAK PARTY
12,2630,2104,0,0,MAHARASHTRAWADI GOMNTAK PARTY
12,2630,2118,0,0,MAHARASHTRAWADI GOMNTAK PARTY
12,2630,2131,0,0,MAHARASHTRAWADI GOMNTAK PARTY
12,2630,2139,0,0,MAHARASHTRAWADI GOMNTAK PARTY
12,2630,2150,0,0,MAHARASHTRAWADI GOMNTAK PARTY
12,2630,2165,0,0,MAHARASHTRAWADI GOMNTAK PARTY
12,2630,2220,0,0,MAHARASHTRAWADI GOMNTAK PARTY
12,2630,2240,0,0,MAHARASHTRAWADI GOMNTAK PARTY
12,2630,2253,0,0,MAHARASHTRAWADI GOMNTAK PARTY
12,2630,2261,0,0,MAHARASHTRAWADI GOMNTAK PARTY
12,2630,2266,0,0,MAHARASHTRAWADI GOMNTAK PARTY
12,2630,2271,0,0,MAHARASHTRAWADI GOMNTAK PARTY
12,2630,2300,0,0,MAHARASHTRAWADI GOMNTAK PARTY
12,2630,2306,0,0,MAHARASHTRAWADI GOMNTAK PARTY
12,2630,2307,0,0,MAHARASHTRAWADI GOMNTAK PARTY
12,2630,2309,0,0,MAHARASHTRAWADI GOMNTAK PARTY
12,2630,2353,0,0,MAHARASHTRAWADI GOMNTAK PARTY
12,2630,2356,0,0,MAHARASHTRAWADI GOMNTAK PARTY
12,2630,2370,0,0,MAHARASHTRAWADI GOMNTAK PARTY
12,2630,2386,0,0,MAHARASHTRAWADI GOMNTAK PARTY
12,2630,2410,0,0,MAHARASHTRAWADI GOMNTAK PARTY
12,2630,2430,0,0,MAHARASHTRAWADI GOMNTAK PARTY
12,2630,2446,0,0,MAHARASHTRAWADI GOMNTAK PARTY
12,2630,2460,0,0,MAHARASHTRAWADI GOMNTAK PARTY
12,2630,2464,0,0,MAHARASHTRAWADI GOMNTAK PARTY
12,2630,2468,0,0,MAHARASHTRAWADI GOMNTAK PARTY
12,2630,2492,0,0,MAHARASHTRAWADI GOMNTAK PARTY
12,2630,2495,0,0,MAHARASHTRAWADI GOMNTAK PARTY
12,2630,2504,0,0,MAHARASHTRAWADI GOMNTAK PARTY
12,2630,2526,0,0,MAHARASHTRAWADI GOMNTAK PARTY
12,2630,2532,0,0,MAHARASHTRAWADI GOMNTAK PARTY
12,2630,2536,0,0,MAHARASHTRAWADI GOMNTAK PARTY
12,2630,2539,0,0,MAHARASHTRAWADI GOMNTAK PARTY
12,2630,2550,0,0,MAHARASHTRAWADI GOMNTAK PARTY
12,2630,2552,0,0,MAHARASHTRAWADI GOMNTAK PARTY
12,2630,2556,0,0,MAHARASHTRAWADI GOMNTAK PARTY
12,2630,2563,0,0,MAHARASHTRAWADI GOMNTAK PARTY
12,2630,2564,0,0,MAHARASHTRAWADI GOMNTAK PARTY
12,2630,2573,0,0,MAHARASHTRAWADI GOMNTAK PARTY
12,2630,2575,0,0,MAHARASHTRAWADI GOMNTAK PARTY
12,2630,2576,0,0,MAHARASHTRAWADI GOMNTAK PARTY
12,2630,2579,0,0,MAHARASHTRAWADI GOMNTAK PARTY
12,2630,2586,0,0,MAHARASHTRAWADI GOMNTAK PARTY
12,2630,2590,0,0,MAHARASHTRAWADI GOMNTAK PARTY
12,2630,2600,0,0,MAHARASHTRAWADI GOMNTAK PARTY
12,2630,2601,0,0,MAHARASHTRAWADI GOMNTAK PARTY
12,2630,2602,0,3500000,MAHARASHTRAWADI GOMNTAK PARTY
12,2630,2604,0,0,MAHARASHTRAWADI GOMNTAK PARTY
12,2630,2607,0,0,MAHARASHTRAWADI GOMNTAK PARTY
12,2630,2611,0,0,MAHARASHTRAWADI GOMNTAK PARTY
12,2630,2624,0,0,MAHARASHTRAWADI GOMNTAK PARTY
12,2630,2654,0,0,MAHARASHTRAWADI GOMNTAK PARTY
12,2630,2655,0,0,MAHARASHTRAWADI GOMNTAK PARTY
12,2630,1929,0,0,NATIONALIST CONGRESS PARTY MAHARASHTRA PRADESH
12,2630,1962,0,0,NATIONALIST CONGRESS PARTY MAHARASHTRA PRADESH
12,2630,1966,0,0,NATIONALIST CONGRESS PARTY MAHARASHTRA PRADESH
12,2630,1971,0,0,NATIONALIST CONGRESS PARTY MAHARASHTRA PRADESH
12,2630,1984,0,0,NATIONALIST CONGRESS PARTY MAHARASHTRA PRADESH
12,2630,1986,0,0,NATIONALIST CONGRESS PARTY MAHARASHTRA PRADESH
12,2630,2030,0,0,NATIONALIST CONGRESS PARTY MAHARASHTRA PRADESH
12,2630,2037,0,0,NATIONALIST CONGRESS PARTY MAHARASHTRA PRADESH
12,2630,2073,0,0,NATIONALIST CONGRESS PARTY MAHARASHTRA PRADESH
12,2630,2074,0,0,NATIONALIST CONGRESS PARTY MAHARASHTRA PRADESH
12,2630,2083,0,0,NATIONALIST CONGRESS PARTY MAHARASHTRA PRADESH
12,2630,2088,0,0,NATIONALIST CONGRESS PARTY MAHARASHTRA PRADESH
12,2630,2090,0,0,NATIONALIST CONGRESS PARTY MAHARASHTRA PRADESH
12,2630,2095,0,0,NATIONALIST CONGRESS PARTY MAHARASHTRA PRADESH
12,2630,2104,0,0,NATIONALIST CONGRESS PARTY MAHARASHTRA PRADESH
12,2630,2118,0,0,NATIONALIST CONGRESS PARTY MAHARASHTRA PRADESH
12,2630,2131,0,0,NATIONALIST CONGRESS PARTY MAHARASHTRA PRADESH
12,2630,2139,0,0,NATIONALIST CONGRESS PARTY MAHARASHTRA PRADESH
12,2630,2150,0,0,NATIONALIST CONGRESS PARTY MAHARASHTRA PRADESH
12,2630,2165,0,0,NATIONALIST CONGRESS PARTY MAHARASHTRA PRADESH
12,2630,2220,0,0,NATIONALIST CONGRESS PARTY MAHARASHTRA PRADESH
12,2630,2240,0,0,NATIONALIST CONGRESS PARTY MAHARASHTRA PRADESH
12,2630,2253,0,0,NATIONALIST CONGRESS PARTY MAHARASHTRA PRADESH
12,2630,2261,0,0,NATIONALIST CONGRESS PARTY MAHARASHTRA PRADESH
12,2630,2266,0,0,NATIONALIST CONGRESS PARTY MAHARASHTRA PRADESH
12,2630,2271,0,0,NATIONALIST CONGRESS PARTY MAHARASHTRA PRADESH
12,2630,2300,0,0,NATIONALIST CONGRESS PARTY MAHARASHTRA PRADESH
12,2630,2306,0,0,NATIONALIST CONGRESS PARTY MAHARASHTRA PRADESH
12,2630,2307,0,0,NATIONALIST CONGRESS PARTY MAHARASHTRA PRADESH
12,2630,2309,0,0,NATIONALIST CONGRESS PARTY MAHARASHTRA PRADESH
12,2630,2353,0,0,NATIONALIST CONGRESS PARTY MAHARASHTRA PRADESH
12,2630,2356,0,0,NATIONALIST CONGRESS PARTY MAHARASHTRA PRADESH
12,2630,2370,0,0,NATIONALIST CONGRESS PARTY MAHARASHTRA PRADESH
12,2630,2386,0,0,NATIONALIST CONGRESS PARTY MAHARASHTRA PRADESH
12,2630,2410,0,0,NATIONALIST CONGRESS PARTY MAHARASHTRA PRADESH
12,2630,2430,0,0,NATIONALIST CONGRESS PARTY MAHARASHTRA PRADESH
12,2630,2446,0,0,NATIONALIST CONGRESS PARTY MAHARASHTRA PRADESH
12,2630,2460,0,0,NATIONALIST CONGRESS PARTY MAHARASHTRA PRADESH
12,2630,2464,0,0,NATIONALIST CONGRESS PARTY MAHARASHTRA PRADESH
12,2630,2468,0,0,NATIONALIST CONGRESS PARTY MAHARASHTRA PRADESH
12,2630,2492,0,0,NATIONALIST CONGRESS PARTY MAHARASHTRA PRADESH
12,2630,2495,0,0,NATIONALIST CONGRESS PARTY MAHARASHTRA PRADESH
12,2630,2504,0,0,NATIONALIST CONGRESS PARTY MAHARASHTRA PRADESH
12,2630,2526,0,0,NATIONALIST CONGRESS PARTY MAHARASHTRA PRADESH
12,2630,2532,0,0,NATIONALIST CONGRESS PARTY MAHARASHTRA PRADESH
12,2630,2536,0,0,NATIONALIST CONGRESS PARTY MAHARASHTRA PRADESH
12,2630,2539,0,0,NATIONALIST CONGRESS PARTY MAHARASHTRA PRADESH
12,2630,2550,0,0,NATIONALIST CONGRESS PARTY MAHARASHTRA PRADESH
12,2630,2552,0,0,NATIONALIST CONGRESS PARTY MAHARASHTRA PRADESH
12,2630,2556,0,0,NATIONALIST CONGRESS PARTY MAHARASHTRA PRADESH
12,2630,2563,0,0,NATIONALIST CONGRESS PARTY MAHARASHTRA PRADESH
12,2630,2564,0,0,NATIONALIST CONGRESS PARTY MAHARASHTRA PRADESH
12,2630,2573,0,0,NATIONALIST CONGRESS PARTY MAHARASHTRA PRADESH
12,2630,2575,0,0,NATIONALIST CONGRESS PARTY MAHARASHTRA PRADESH
12,2630,2576,0,0,NATIONALIST CONGRESS PARTY MAHARASHTRA PRADESH
12,2630,2579,0,0,NATIONALIST CONGRESS PARTY MAHARASHTRA PRADESH
12,2630,2586,0,0,NATIONALIST CONGRESS PARTY MAHARASHTRA PRADESH
12,2630,2590,0,0,NATIONALIST CONGRESS PARTY MAHARASHTRA PRADESH
12,2630,2600,0,0,NATIONALIST CONGRESS PARTY MAHARASHTRA PRADESH
12,2630,2601,0,0,NATIONALIST CONGRESS PARTY MAHARASHTRA PRADESH
12,2630,2602,0,1000000,NATIONALIST CONGRESS PARTY MAHARASHTRA PRADESH
12,2630,2604,0,0,NATIONALIST CONGRESS PARTY MAHARASHTRA PRADESH
12,2630,2607,0,0,NATIONALIST CONGRESS PARTY MAHARASHTRA PRADESH
12,2630,2611,0,0,NATIONALIST CONGRESS PARTY MAHARASHTRA PRADESH
12,2630,2624,0,0,NATIONALIST CONGRESS PARTY MAHARASHTRA PRADESH
12,2630,2654,0,0,NATIONALIST CONGRESS PARTY MAHARASHTRA PRADESH
12,2630,2655,0,0,NATIONALIST CONGRESS PARTY MAHARASHTRA PRADESH
0,2630,1929,0,0,"PRESIDENT, ALL INDIA CONGRESS COMMITTEE"
0,2630,1962,0,0,"PRESIDENT, ALL INDIA CONGRESS COMMITTEE"
0,2630,1966,0,0,"PRESIDENT, ALL INDIA CONGRESS COMMITTEE"
0,2630,1971,0,0,"PRESIDENT, ALL INDIA CONGRESS COMMITTEE"
0,2630,1984,0,0,"PRESIDENT, ALL INDIA CONGRESS COMMITTEE"
0,2630,1986,0,500000,"PRESIDENT, ALL INDIA CONGRESS COMMITTEE"
0,2630,2030,0,0,"PRESIDENT, ALL INDIA CONGRESS COMMITTEE"
0,2630,2037,0,0,"PRESIDENT, ALL INDIA CONGRESS COMMITTEE"
0,2630,2073,0,0,"PRESIDENT, ALL INDIA CONGRESS COMMITTEE"
0,2630,2074,0,0,"PRESIDENT, ALL INDIA CONGRESS COMMITTEE"
0,2630,2083,0,0,"PRESIDENT, ALL INDIA CONGRESS COMMITTEE"
0,2630,2088,0,0,"PRESIDENT, ALL INDIA CONGRESS COMMITTEE"
0,2630,2090,0,0,"PRESIDENT, ALL INDIA CONGRESS COMMITTEE"
0,2630,2095,0,0,"PRESIDENT, ALL INDIA CONGRESS COMMITTEE"
0,2630,2104,0,0,"PRESIDENT, ALL INDIA CONGRESS COMMITTEE"
0,2630,2118,0,0,"PRESIDENT, ALL INDIA CONGRESS COMMITTEE"
0,2630,2131,0,0,"PRESIDENT, ALL INDIA CONGRESS COMMITTEE"
0,2630,2139,0,0,"PRESIDENT, ALL INDIA CONGRESS COMMITTEE"
0,2630,2150,0,0,"PRESIDENT, ALL INDIA CONGRESS COMMITTEE"
0,2630,2165,0,0,"PRESIDENT, ALL INDIA CONGRESS COMMITTEE"
0,2630,2220,0,400000,"PRESIDENT, ALL INDIA CONGRESS COMMITTEE"
0,2630,2240,0,0,"PRESIDENT, ALL INDIA CONGRESS COMMITTEE"
0,2630,2253,0,50000000,"PRESIDENT, ALL INDIA CONGRESS COMMITTEE"
0,2630,2261,0,0,"PRESIDENT, ALL INDIA CONGRESS COMMITTEE"
0,2630,2266,0,0,"PRESIDENT, ALL INDIA CONGRESS COMMITTEE"
0,2630,2271,0,0,"PRESIDENT, ALL INDIA CONGRESS COMMITTEE"
0,2630,2300,0,0,"PRESIDENT, ALL INDIA CONGRESS COMMITTEE"
0,2630,2306,0,0,"PRESIDENT, ALL INDIA CONGRESS COMMITTEE"
0,2630,2307,0,0,"PRESIDENT, ALL INDIA CONGRESS COMMITTEE"
0,2630,2309,0,0,"PRESIDENT, ALL INDIA CONGRESS COMMITTEE"
0,2630,2353,0,0,"PRESIDENT, ALL INDIA CONGRESS COMMITTEE"
0,2630,2356,0,0,"PRESIDENT, ALL INDIA CONGRESS COMMITTEE"
0,2630,2370,0,0,"PRESIDENT, ALL INDIA CONGRESS COMMITTEE"
0,2630,2386,0,0,"PRESIDENT, ALL INDIA CONGRESS COMMITTEE"
0,2630,2410,0,0,"PRESIDENT, ALL INDIA CONGRESS COMMITTEE"
0,2630,2430,0,0,"PRESIDENT, ALL INDIA CONGRESS COMMITTEE"
0,2630,2446,0,0,"PRESIDENT, ALL INDIA CONGRESS COMMITTEE"
0,2630,2460,0,0,"PRESIDENT, ALL INDIA CONGRESS COMMITTEE"
0,2630,2464,0,0,"PRESIDENT, ALL INDIA CONGRESS COMMITTEE"
0,2630,2468,0,0,"PRESIDENT, ALL INDIA CONGRESS COMMITTEE"
0,2630,2492,0,0,"PRESIDENT, ALL INDIA CONGRESS COMMITTEE"
0,2630,2495,0,0,"PRESIDENT, ALL INDIA CONGRESS COMMITTEE"
0,2630,2504,0,0,"PRESIDENT, ALL INDIA CONGRESS COMMITTEE"
0,2630,2526,0,0,"PRESIDENT, ALL INDIA CONGRESS COMMITTEE"
0,2630,2532,0,0,"PRESIDENT, ALL INDIA CONGRESS COMMITTEE"
0,2630,2536,0,0,"PRESIDENT, ALL INDIA CONGRESS COMMITTEE"
0,2630,2539,0,0,"PRESIDENT, ALL INDIA CONGRESS COMMITTEE"
0,2630,2550,0,0,"PRESIDENT, ALL INDIA CONGRESS COMMITTEE"
0,2630,2552,0,0,"PRESIDENT, ALL INDIA CONGRESS COMMITTEE"
0,2630,2556,0,0,"PRESIDENT, ALL INDIA CONGRESS COMMITTEE"
0,2630,2563,0,0,"PRESIDENT, ALL INDIA CONGRESS COMMITTEE"
0,2630,2564,0,0,"PRESIDENT, ALL INDIA CONGRESS COMMITTEE"
0,2630,2573,0,0,"PRESIDENT, ALL INDIA CONGRESS COMMITTEE"
0,2630,2575,0,0,"PRESIDENT, ALL INDIA CONGRESS COMMITTEE"
0,2630,2576,0,0,"PRESIDENT, ALL INDIA CONGRESS COMMITTEE"
0,2630,2579,0,0,"PRESIDENT, ALL INDIA CONGRESS COMMITTEE"
0,2630,2586,0,0,"PRESIDENT, ALL INDIA CONGRESS COMMITTEE"
0,2630,2590,0,0,"PRESIDENT, ALL INDIA CONGRESS COMMITTEE"
0,2630,2600,0,0,"PRESIDENT, ALL INDIA CONGRESS COMMITTEE"
0,2630,2601,0,0,"PRESIDENT, ALL INDIA CONGRESS COMMITTEE"
0,2630,2602,0,0,"PRESIDENT, ALL INDIA CONGRESS COMMITTEE"
0,2630,2604,0,0,"PRESIDENT, ALL INDIA CONGRESS COMMITTEE"
0,2630,2607,0,0,"PRESIDENT, ALL INDIA CONGRESS COMMITTEE"
0,2630,2611,0,0,"PRESIDENT, ALL INDIA CONGRESS COMMITTEE"
0,2630,2624,0,0,"PRESIDENT, ALL INDIA CONGRESS COMMITTEE"
0,2630,2654,0,0,"PRESIDENT, ALL INDIA CONGRESS COMMITTEE"
0,2630,2655,0,0,"PRESIDENT, ALL INDIA CONGRESS COMMITTEE"
1,2630,1929,0,0,"PRESIDENT, ALL INDIA CONGRESS COMMITTEE"
1,2630,1962,0,0,"PRESIDENT, ALL INDIA CONGRESS COMMITTEE"
1,2630,1966,0,0,"PRESIDENT, ALL INDIA CONGRESS COMMITTEE"
1,2630,1971,0,0,"PRESIDENT, ALL INDIA CONGRESS COMMITTEE"
1,2630,1984,0,0,"PRESIDENT, ALL INDIA CONGRESS COMMITTEE"
1,2630,1986,0,0,"PRESIDENT, ALL INDIA CONGRESS COMMITTEE"
1,2630,2030,0,0,"PRESIDENT, ALL INDIA CONGRESS COMMITTEE"
1,2630,2037,0,0,"PRESIDENT, ALL INDIA CONGRESS COMMITTEE"
1,2630,2073,0,0,"PRESIDENT, ALL INDIA CONGRESS COMMITTEE"
1,2630,2074,0,0,"PRESIDENT, ALL INDIA CONGRESS COMMITTEE"
1,2630,2083,0,0,"PRESIDENT, ALL INDIA CONGRESS COMMITTEE"
1,2630,2088,0,0,"PRESIDENT, ALL INDIA CONGRESS COMMITTEE"
1,2630,2090,0,0,"PRESIDENT, ALL INDIA CONGRESS COMMITTEE"
1,2630,2095,0,0,"PRESIDENT, ALL INDIA CONGRESS COMMITTEE"
1,2630,2104,0,0,"PRESIDENT, ALL INDIA CONGRESS COMMITTEE"
1,2630,2118,0,0,"PRESIDENT, ALL INDIA CONGRESS COMMITTEE"
1,2630,2131,0,0,"PRESIDENT, ALL INDIA CONGRESS COMMITTEE"
1,2630,2139,0,0,"PRESIDENT, ALL INDIA CONGRESS COMMITTEE"
1,2630,2150,0,0,"PRESIDENT, ALL INDIA CONGRESS COMMITTEE"
1,2630,2165,0,0,"PRESIDENT, ALL INDIA CONGRESS COMMITTEE"
1,2630,2220,0,0,"PRESIDENT, ALL INDIA CONGRESS COMMITTEE"
1,2630,2240,0,0,"PRESIDENT, ALL INDIA CONGRESS COMMITTEE"
1,2630,2253,0,150000000,"PRESIDENT, ALL INDIA CONGRESS COMMITTEE"
1,2630,2261,0,0,"PRESIDENT, ALL INDIA CONGRESS COMMITTEE"
1,2630,2266,0,0,"PRESIDENT, ALL INDIA CONGRESS COMMITTEE"
1,2630,2271,0,0,"PRESIDENT, ALL INDIA CONGRESS COMMITTEE"
1,2630,2300,0,0,"PRESIDENT, ALL INDIA CONGRESS COMMITTEE"
1,2630,2306,0,0,"PRESIDENT, ALL INDIA CONGRESS COMMITTEE"
1,2630,2307,0,0,"PRESIDENT, ALL INDIA CONGRESS COMMITTEE"
1,2630,2309,0,0,"PRESIDENT, ALL INDIA CONGRESS COMMITTEE"
1,2630,2353,0,0,"PRESIDENT, ALL INDIA CONGRESS COMMITTEE"
1,2630,2356,0,0,"PRESIDENT, ALL INDIA CONGRESS COMMITTEE"
1,2630,2370,0,0,"PRESIDENT, ALL INDIA CONGRESS COMMITTEE"
1,2630,2386,0,0,"PRESIDENT, ALL INDIA CONGRESS COMMITTEE"
1,2630,2410,0,0,"PRESIDENT, ALL INDIA CONGRESS COMMITTEE"
1,2630,2430,0,0,"PRESIDENT, ALL INDIA CONGRESS COMMITTEE"
1,2630,2446,0,0,"PRESIDENT, ALL INDIA CONGRESS COMMITTEE"
1,2630,2460,0,0,"PRESIDENT, ALL INDIA CONGRESS COMMITTEE"
1,2630,2464,0,0,"PRESIDENT, ALL INDIA CONGRESS COMMITTEE"
1,2630,2468,0,0,"PRESIDENT, ALL INDIA CONGRESS COMMITTEE"
1,2630,2492,0,0,"PRESIDENT, ALL INDIA CONGRESS COMMITTEE"
1,2630,2495,0,0,"PRESIDENT, ALL INDIA CONGRESS COMMITTEE"
1,2630,2504,0,0,"PRESIDENT, ALL INDIA CONGRESS COMMITTEE"
1,2630,2526,0,0,"PRESIDENT, ALL INDIA CONGRESS COMMITTEE"
1,2630,2532,0,0,"PRESIDENT, ALL INDIA CONGRESS COMMITTEE"
1,2630,2536,0,0,"PRESIDENT, ALL INDIA CONGRESS COMMITTEE"
1,2630,2539,0,0,"PRESIDENT, ALL INDIA CONGRESS COMMITTEE"
1,2630,2550,0,0,"PRESIDENT, ALL INDIA CONGRESS COMMITTEE"
1,2630,2552,0,0,"PRESIDENT, ALL INDIA CONGRESS COMMITTEE"
1,2630,2556,0,0,"PRESIDENT, ALL INDIA CONGRESS COMMITTEE"
1,2630,2563,0,0,"PRESIDENT, ALL INDIA CONGRESS COMMITTEE"
1,2630,2564,0,0,"PRESIDENT, ALL INDIA CONGRESS COMMITTEE"
1,2630,2573,0,0,"PRESIDENT, ALL INDIA CONGRESS COMMITTEE"
1,2630,2575,0,100000000,"PRESIDENT, ALL INDIA CONGRESS COMMITTEE"
1,2630,2576,0,0,"PRESIDENT, ALL INDIA CONGRESS COMMITTEE"
1,2630,2579,0,0,"PRESIDENT, ALL INDIA CONGRESS COMMITTEE"
1,2630,2586,0,50000000,"PRESIDENT, ALL INDIA CONGRESS COMMITTEE"
1,2630,2590,0,0,"PRESIDENT, ALL INDIA CONGRESS COMMITTEE"
1,2630,2600,0,0,"PRESIDENT, ALL INDIA CONGRESS COMMITTEE"
1,2630,2601,0,0,"PRESIDENT, ALL INDIA CONGRESS COMMITTEE"
1,2630,2602,0,0,"PRESIDENT, ALL INDIA CONGRESS COMMITTEE"
1,2630,2604,0,0,"PRESIDENT, ALL INDIA CONGRESS COMMITTEE"
1,2630,2607,0,0,"PRESIDENT, ALL INDIA CONGRESS COMMITTEE"
1,2630,2611,0,0,"PRESIDENT, ALL INDIA CONGRESS COMMITTEE"
1,2630,2624,0,0,"PRESIDENT, ALL INDIA CONGRESS COMMITTEE"
1,2630,2654,0,0,"PRESIDENT, ALL INDIA CONGRESS COMMITTEE"
1,2630,2655,0,0,"PRESIDENT, ALL INDIA CONGRESS COMMITTEE"
4,2630,1929,0,0,"PRESIDENT, ALL INDIA CONGRESS COMMITTEE"
4,2630,1962,0,0,"PRESIDENT, ALL INDIA CONGRESS COMMITTEE"
4,2630,1966,0,0,"PRESIDENT, ALL INDIA CONGRESS COMMITTEE"
4,2630,1971,0,0,"PRESIDENT, ALL INDIA CONGRESS COMMITTEE"
4,2630,1984,0,0,"PRESIDENT, ALL INDIA CONGRESS COMMITTEE"
4,2630,1986,0,0,"PRESIDENT, ALL INDIA CONGRESS COMMITTEE"
4,2630,2030,0,0,"PRESIDENT, ALL INDIA CONGRESS COMMITTEE"
4,2630,2037,0,0,"PRESIDENT, ALL INDIA CONGRESS COMMITTEE"
4,2630,2073,0,0,"PRESIDENT, ALL INDIA CONGRESS COMMITTEE"
4,2630,2074,0,0,"PRESIDENT, ALL INDIA CONGRESS COMMITTEE"
4,2630,2083,0,0,"PRESIDENT, ALL INDIA CONGRESS COMMITTEE"
4,2630,2088,0,0,"PRESIDENT, ALL INDIA CONGRESS COMMITTEE"
4,2630,2090,0,0,"PRESIDENT, ALL INDIA CONGRESS COMMITTEE"
4,2630,2095,0,0,"PRESIDENT, ALL INDIA CONGRESS COMMITTEE"
4,2630,2104,0,0,"PRESIDENT, ALL INDIA CONGRESS COMMITTEE"
4,2630,2118,0,0,"PRESIDENT, ALL INDIA CONGRESS COMMITTEE"
4,2630,2131,0,0,"PRESIDENT, ALL INDIA CONGRESS COMMITTEE"
4,2630,2139,0,0,"PRESIDENT, ALL INDIA CONGRESS COMMITTEE"
4,2630,2150,0,0,"PRESIDENT, ALL INDIA CONGRESS COMMITTEE"
4,2630,2165,0,0,"PRESIDENT, ALL INDIA CONGRESS COMMITTEE"
4,2630,2220,0,0,"PRESIDENT, ALL INDIA CONGRESS COMMITTEE"
4,2630,2240,0,0,"PRESIDENT, ALL INDIA CONGRESS COMMITTEE"
4,2630,2253,0,0,"PRESIDENT, ALL INDIA CONGRESS COMMITTEE"
4,2630,2261,0,0,"PRESIDENT, ALL INDIA CONGRESS COMMITTEE"
4,2630,2266,0,0,"PRESIDENT, ALL INDIA CONGRESS COMMITTEE"
4,2630,2271,0,0,"PRESIDENT, ALL INDIA CONGRESS COMMITTEE"
4,2630,2300,0,0,"PRESIDENT, ALL INDIA CONGRESS COMMITTEE"
4,2630,2306,0,0,"PRESIDENT, ALL INDIA CONGRESS COMMITTEE"
4,2630,2307,0,0,"PRESIDENT, ALL INDIA CONGRESS COMMITTEE"
4,2630,2309,0,0,"PRESIDENT, ALL INDIA CONGRESS COMMITTEE"
4,2630,2353,0,40000000,"PRESIDENT, ALL INDIA CONGRESS COMMITTEE"
4,2630,2356,0,0,"PRESIDENT, ALL INDIA CONGRESS COMMITTEE"
4,2630,2370,0,0,"PRESIDENT, ALL INDIA CONGRESS COMMITTEE"
4,2630,2386,0,0,"PRESIDENT, ALL INDIA CONGRESS COMMITTEE"
4,2630,2410,0,0,"PRESIDENT, ALL INDIA CONGRESS COMMITTEE"
4,2630,2430,0,0,"PRESIDENT, ALL INDIA CONGRESS COMMITTEE"
4,2630,2446,0,0,"PRESIDENT, ALL INDIA CONGRESS COMMITTEE"
4,2630,2460,0,0,"PRESIDENT, ALL INDIA CONGRESS COMMITTEE"
4,2630,2464,0,0,"PRESIDENT, ALL INDIA CONGRESS COMMITTEE"
4,2630,2468,0,0,"PRESIDENT, ALL INDIA CONGRESS COMMITTEE"
4,2630,2492,0,0,"PRESIDENT, ALL INDIA CONGRESS COMMITTEE"
4,2630,2495,0,0,"PRESIDENT, ALL INDIA CONGRESS COMMITTEE"
4,2630,2504,0,0,"PRESIDENT, ALL INDIA CONGRESS COMMITTEE"
4,2630,2526,0,0,"PRESIDENT, ALL INDIA CONGRESS COMMITTEE"
4,2630,2532,0,0,"PRESIDENT, ALL INDIA CONGRESS COMMITTEE"
4,2630,2536,0,0,"PRESIDENT, ALL INDIA CONGRESS COMMITTEE"
4,2630,2539,0,0,"PRESIDENT, ALL INDIA CONGRESS COMMITTEE"
4,2630,2550,0,0,"PRESIDENT, ALL INDIA CONGRESS COMMITTEE"
4,2630,2552,0,0,"PRESIDENT, ALL INDIA CONGRESS COMMITTEE"
4,2630,2556,0,0,"PRESIDENT, ALL INDIA CONGRESS COMMITTEE"
4,2630,2563,0,0,"PRESIDENT, ALL INDIA CONGRESS COMMITTEE"
4,2630,2564,0,0,"PRESIDENT, ALL INDIA CONGRESS COMMITTEE"
4,2630,2573,0,0,"PRESIDENT, ALL INDIA CONGRESS COMMITTEE"
4,2630,2575,0,0,"PRESIDENT, ALL INDIA CONGRESS COMMITTEE"
4,2630,2576,0,0,"PRESIDENT, ALL INDIA CONGRESS COMMITTEE"
4,2630,2579,0,0,"PRESIDENT, ALL INDIA CONGRESS COMMITTEE"
4,2630,2586,0,0,"PRESIDENT, ALL INDIA CONGRESS COMMITTEE"
4,2630,2590,0,0,"PRESIDENT, ALL INDIA CONGRESS COMMITTEE"
4,2630,2600,0,0,"PRESIDENT, ALL INDIA CONGRESS COMMITTEE"
4,2630,2601,0,0,"PRESIDENT, ALL INDIA CONGRESS COMMITTEE"
4,2630,2602,0,0,"PRESIDENT, ALL INDIA CONGRESS COMMITTEE"
4,2630,2604,0,0,"PRESIDENT, ALL INDIA CONGRESS COMMITTEE"
4,2630,2607,0,0,"PRESIDENT, ALL INDIA CONGRESS COMMITTEE"
4,2630,2611,0,0,"PRESIDENT, ALL INDIA CONGRESS COMMITTEE"
4,2630,2624,0,0,"PRESIDENT, ALL INDIA CONGRESS COMMITTEE"
4,2630,2654,0,0,"PRESIDENT, ALL INDIA CONGRESS COMMITTEE"
4,2630,2655,0,0,"PRESIDENT, ALL INDIA CONGRESS COMMITTEE"
9,2630,1929,0,0,"PRESIDENT, ALL INDIA CONGRESS COMMITTEE"
9,2630,1962,0,0,"PRESIDENT, ALL INDIA CONGRESS COMMITTEE"
9,2630,1966,0,0,"PRESIDENT, ALL INDIA CONGRESS COMMITTEE"
9,2630,1971,0,0,"PRESIDENT, ALL INDIA CONGRESS COMMITTEE"
9,2630,1984,0,0,"PRESIDENT, ALL INDIA CONGRESS COMMITTEE"
9,2630,1986,0,0,"PRESIDENT, ALL INDIA CONGRESS COMMITTEE"
9,2630,2030,0,0,"PRESIDENT, ALL INDIA CONGRESS COMMITTEE"
9,2630,2037,0,0,"PRESIDENT, ALL INDIA CONGRESS COMMITTEE"
9,2630,2073,0,0,"PRESIDENT, ALL INDIA CONGRESS COMMITTEE"
9,2630,2074,0,0,"PRESIDENT, ALL INDIA CONGRESS COMMITTEE"
9,2630,2083,0,0,"PRESIDENT, ALL INDIA CONGRESS COMMITTEE"
9,2630,2088,0,0,"PRESIDENT, ALL INDIA CONGRESS COMMITTEE"
9,2630,2090,0,0,"PRESIDENT, ALL INDIA CONGRESS COMMITTEE"
9,2630,2095,0,0,"PRESIDENT, ALL INDIA CONGRESS COMMITTEE"
9,2630,2104,0,0,"PRESIDENT, ALL INDIA CONGRESS COMMITTEE"
9,2630,2118,0,0,"PRESIDENT, ALL INDIA CONGRESS COMMITTEE"
9,2630,2131,0,0,"PRESIDENT, ALL INDIA CONGRESS COMMITTEE"
9,2630,2139,0,0,"PRESIDENT, ALL INDIA CONGRESS COMMITTEE"
9,2630,2150,0,0,"PRESIDENT, ALL INDIA CONGRESS COMMITTEE"
9,2630,2165,0,0,"PRESIDENT, ALL INDIA CONGRESS COMMITTEE"
9,2630,2220,0,0,"PRESIDENT, ALL INDIA CONGRESS COMMITTEE"
9,2630,2240,0,0,"PRESIDENT, ALL INDIA CONGRESS COMMITTEE"
9,2630,2253,0,0,"PRESIDENT, ALL INDIA CONGRESS COMMITTEE"
9,2630,2261,0,0,"PRESIDENT, ALL INDIA CONGRESS COMMITTEE"
9,2630,2266,0,0,"PRESIDENT, ALL INDIA CONGRESS COMMITTEE"
9,2630,2271,0,0,"PRESIDENT, ALL INDIA CONGRESS COMMITTEE"
9,2630,2300,0,0,"PRESIDENT, ALL INDIA CONGRESS COMMITTEE"
9,2630,2306,0,0,"PRESIDENT, ALL INDIA CONGRESS COMMITTEE"
9,2630,2307,0,0,"PRESIDENT, ALL INDIA CONGRESS COMMITTEE"
9,2630,2309,0,0,"PRESIDENT, ALL INDIA CONGRESS COMMITTEE"
9,2630,2353,0,0,"PRESIDENT, ALL INDIA CONGRESS COMMITTEE"
9,2630,2356,0,0,"PRESIDENT, ALL INDIA CONGRESS COMMITTEE"
9,2630,2370,0,0,"PRESIDENT, ALL INDIA CONGRESS COMMITTEE"
9,2630,2386,0,0,"PRESIDENT, ALL INDIA CONGRESS COMMITTEE"
9,2630,2410,0,0,"PRESIDENT, ALL INDIA CONGRESS COMMITTEE"
9,2630,2430,0,0,"PRESIDENT, ALL INDIA CONGRESS COMMITTEE"
9,2630,2446,0,0,"PRESIDENT, ALL INDIA CONGRESS COMMITTEE"
9,2630,2460,0,0,"PRESIDENT, ALL INDIA CONGRESS COMMITTEE"
9,2630,2464,0,0,"PRESIDENT, ALL INDIA CONGRESS COMMITTEE"
9,2630,2468,0,3000000,"PRESIDENT, ALL INDIA CONGRESS COMMITTEE"
9,2630,2492,0,0,"PRESIDENT, ALL INDIA CONGRESS COMMITTEE"
9,2630,2495,0,0,"PRESIDENT, ALL INDIA CONGRESS COMMITTEE"
9,2630,2504,0,0,"PRESIDENT, ALL INDIA CONGRESS COMMITTEE"
9,2630,2526,0,0,"PRESIDENT, ALL INDIA CONGRESS COMMITTEE"
9,2630,2532,0,0,"PRESIDENT, ALL INDIA CONGRESS COMMITTEE"
9,2630,2536,0,0,"PRESIDENT, ALL INDIA CONGRESS COMMITTEE"
9,2630,2539,0,0,"PRESIDENT, ALL INDIA CONGRESS COMMITTEE"
9,2630,2550,0,0,"PRESIDENT, ALL INDIA CONGRESS COMMITTEE"
9,2630,2552,0,0,"PRESIDENT, ALL INDIA CONGRESS COMMITTEE"
9,2630,2556,0,0,"PRESIDENT, ALL INDIA CONGRESS COMMITTEE"
9,2630,2563,0,0,"PRESIDENT, ALL INDIA CONGRESS COMMITTEE"
9,2630,2564,0,0,"PRESIDENT, ALL INDIA CONGRESS COMMITTEE"
9,2630,2573,0,0,"PRESIDENT, ALL INDIA CONGRESS COMMITTEE"
9,2630,2575,0,0,"PRESIDENT, ALL INDIA CONGRESS COMMITTEE"
9,2630,2576,0,0,"PRESIDENT, ALL INDIA CONGRESS COMMITTEE"
9,2630,2579,0,0,"PRESIDENT, ALL INDIA CONGRESS COMMITTEE"
9,2630,2586,0,0,"PRESIDENT, ALL INDIA CONGRESS COMMITTEE"
9,2630,2590,0,0,"PRESIDENT, ALL INDIA CONGRESS COMMITTEE"
9,2630,2600,0,0,"PRESIDENT, ALL INDIA CONGRESS COMMITTEE"
9,2630,2601,0,0,"PRESIDENT, ALL INDIA CONGRESS COMMITTEE"
9,2630,2602,0,0,"PRESIDENT, ALL INDIA CONGRESS COMMITTEE"
9,2630,2604,0,0,"PRESIDENT, ALL INDIA CONGRESS COMMITTEE"
9,2630,2607,0,0,"PRESIDENT, ALL INDIA CONGRESS COMMITTEE"
9,2630,2611,0,0,"PRESIDENT, ALL INDIA CONGRESS COMMITTEE"
9,2630,2624,0,0,"PRESIDENT, ALL INDIA CONGRESS COMMITTEE"
9,2630,2654,0,0,"PRESIDENT, ALL INDIA CONGRESS COMMITTEE"
9,2630,2655,0,0,"PRESIDENT, ALL INDIA CONGRESS COMMITTEE"
10,2630,1929,1,0,"PRESIDENT, ALL INDIA CONGRESS COMMITTEE"
10,2630,1962,1,0,"PRESIDENT, ALL INDIA CONGRESS COMMITTEE"
10,2630,1966,1,0,"PRESIDENT, ALL INDIA CONGRESS COMMITTEE"
10,2630,1971,1,0,"PRESIDENT, ALL INDIA CONGRESS COMMITTEE"
10,2630,1984,1,0,"PRESIDENT, ALL INDIA CONGRESS COMMITTEE"
10,2630,1986,1,0,"PRESIDENT, ALL INDIA CONGRESS COMMITTEE"
10,2630,2030,1,0,"PRESIDENT, ALL INDIA CONGRESS COMMITTEE"
10,2630,2037,1,0,"PRESIDENT, ALL INDIA CONGRESS COMMITTEE"
10,2630,2073,1,0,"PRESIDENT, ALL INDIA CONGRESS COMMITTEE"
10,2630,2074,1,0,"PRESIDENT, ALL INDIA CONGRESS COMMITTEE"
10,2630,2083,1,0,"PRESIDENT, ALL INDIA CONGRESS COMMITTEE"
10,2630,2088,1,0,"PRESIDENT, ALL INDIA CONGRESS COMMITTEE"
10,2630,2090,1,0,"PRESIDENT, ALL INDIA CONGRESS COMMITTEE"
10,2630,2095,1,0,"PRESIDENT, ALL INDIA CONGRESS COMMITTEE"
10,2630,2104,1,0,"PRESIDENT, ALL INDIA CONGRESS COMMITTEE"
10,2630,2118,1,0,"PRESIDENT, ALL INDIA CONGRESS COMMITTEE"
10,2630,2131,1,0,"PRESIDENT, ALL INDIA CONGRESS COMMITTEE"
10,2630,2139,1,0,"PRESIDENT, ALL INDIA CONGRESS COMMITTEE"
10,2630,2150,1,0,"PRESIDENT, ALL INDIA CONGRESS COMMITTEE"
10,2630,2165,1,0,"PRESIDENT, ALL INDIA CONGRESS COMMITTEE"
10,2630,2220,1,0,"PRESIDENT, ALL INDIA CONGRESS COMMITTEE"
10,2630,2240,1,0,"PRESIDENT, ALL INDIA CONGRESS COMMITTEE"
10,2630,2253,1,0,"PRESIDENT, ALL INDIA CONGRESS COMMITTEE"
10,2630,2261,1,0,"PRESIDENT, ALL INDIA CONGRESS COMMITTEE"
10,2630,2266,1,0,"PRESIDENT, ALL INDIA CONGRESS COMMITTEE"
10,2630,2271,1,0,"PRESIDENT, ALL INDIA CONGRESS COMMITTEE"
10,2630,2300,1,0,"PRESIDENT, ALL INDIA CONGRESS COMMITTEE"
10,2630,2306,1,0,"PRESIDENT, ALL INDIA CONGRESS COMMITTEE"
10,2630,2307,1,0,"PRESIDENT, ALL INDIA CONGRESS COMMITTEE"
10,2630,2309,1,0,"PRESIDENT, ALL INDIA CONGRESS COMMITTEE"
10,2630,2353,1,0,"PRESIDENT, ALL INDIA CONGRESS COMMITTEE"
10,2630,2356,1,0,"PRESIDENT, ALL INDIA CONGRESS COMMITTEE"
10,2630,2370,1,0,"PRESIDENT, ALL INDIA CONGRESS COMMITTEE"
10,2630,2386,1,0,"PRESIDENT, ALL INDIA CONGRESS COMMITTEE"
10,2630,2410,1,1000000,"PRESIDENT, ALL INDIA CONGRESS COMMITTEE"
10,2630,2430,1,0,"PRESIDENT, ALL INDIA CONGRESS COMMITTEE"
10,2630,2446,1,0,"PRESIDENT, ALL INDIA CONGRESS COMMITTEE"
10,2630,2460,1,0,"PRESIDENT, ALL INDIA CONGRESS COMMITTEE"
10,2630,2464,1,0,"PRESIDENT, ALL INDIA CONGRESS COMMITTEE"
10,2630,2468,1,0,"PRESIDENT, ALL INDIA CONGRESS COMMITTEE"
10,2630,2492,1,0,"PRESIDENT, ALL INDIA CONGRESS COMMITTEE"
10,2630,2495,1,0,"PRESIDENT, ALL INDIA CONGRESS COMMITTEE"
10,2630,2504,1,0,"PRESIDENT, ALL INDIA CONGRESS COMMITTEE"
10,2630,2526,1,0,"PRESIDENT, ALL INDIA CONGRESS COMMITTEE"
10,2630,2532,1,0,"PRESIDENT, ALL INDIA CONGRESS COMMITTEE"
10,2630,2536,1,0,"PRESIDENT, ALL INDIA CONGRESS COMMITTEE"
10,2630,2539,1,0,"PRESIDENT, ALL INDIA CONGRESS COMMITTEE"
10,2630,2550,1,0,"PRESIDENT, ALL INDIA CONGRESS COMMITTEE"
10,2630,2552,1,0,"PRESIDENT, ALL INDIA CONGRESS COMMITTEE"
10,2630,2556,1,0,"PRESIDENT, ALL INDIA CONGRESS COMMITTEE"
10,2630,2563,1,0,"PRESIDENT, ALL INDIA CONGRESS COMMITTEE"
10,2630,2564,1,0,"PRESIDENT, ALL INDIA CONGRESS COMMITTEE"
10,2630,2573,1,0,"PRESIDENT, ALL INDIA CONGRESS COMMITTEE"
10,2630,2575,1,0,"PRESIDENT, ALL INDIA CONGRESS COMMITTEE"
10,2630,2576,1,0,"PRESIDENT, ALL INDIA CONGRESS COMMITTEE"
10,2630,2579,1,0,"PRESIDENT, ALL INDIA CONGRESS COMMITTEE"
10,2630,2586,1,0,"PRESIDENT, ALL INDIA CONGRESS COMMITTEE"
10,2630,2590,1,0,"PRESIDENT, ALL INDIA CONGRESS COMMITTEE"
10,2630,2600,1,0,"PRESIDENT, ALL INDIA CONGRESS COMMITTEE"
10,2630,2601,1,0,"PRESIDENT, ALL INDIA CONGRESS COMMITTEE"
10,2630,2602,1,0,"PRESIDENT, ALL INDIA CONGRESS COMMITTEE"
10,2630,2604,1,0,"PRESIDENT, ALL INDIA CONGRESS COMMITTEE"
10,2630,2607,1,0,"PRESIDENT, ALL INDIA CONGRESS COMMITTEE"
10,2630,2611,1,0,"PRESIDENT, ALL INDIA CONGRESS COMMITTEE"
10,2630,2624,1,0,"PRESIDENT, ALL INDIA CONGRESS COMMITTEE"
10,2630,2654,1,0,"PRESIDENT, ALL INDIA CONGRESS COMMITTEE"
10,2630,2655,1,0,"PRESIDENT, ALL INDIA CONGRESS COMMITTEE"
11,2630,1929,0,0,"PRESIDENT, ALL INDIA CONGRESS COMMITTEE"
11,2630,1962,0,0,"PRESIDENT, ALL INDIA CONGRESS COMMITTEE"
11,2630,1966,0,0,"PRESIDENT, ALL INDIA CONGRESS COMMITTEE"
11,2630,1971,0,0,"PRESIDENT, ALL INDIA CONGRESS COMMITTEE"
11,2630,1984,0,0,"PRESIDENT, ALL INDIA CONGRESS COMMITTEE"
11,2630,1986,0,0,"PRESIDENT, ALL INDIA CONGRESS COMMITTEE"
11,2630,2030,0,0,"PRESIDENT, ALL INDIA CONGRESS COMMITTEE"
11,2630,2037,0,0,"PRESIDENT, ALL INDIA CONGRESS COMMITTEE"
11,2630,2073,0,0,"PRESIDENT, ALL INDIA CONGRESS COMMITTEE"
11,2630,2074,0,0,"PRESIDENT, ALL INDIA CONGRESS COMMITTEE"
11,2630,2083,0,0,"PRESIDENT, ALL INDIA CONGRESS COMMITTEE"
11,2630,2088,0,0,"PRESIDENT, ALL INDIA CONGRESS COMMITTEE"
11,2630,2090,0,0,"PRESIDENT, ALL INDIA CONGRESS COMMITTEE"
11,2630,2095,0,0,"PRESIDENT, ALL INDIA CONGRESS COMMITTEE"
11,2630,2104,0,0,"PRESIDENT, ALL INDIA CONGRESS COMMITTEE"
11,2630,2118,0,0,"PRESIDENT, ALL INDIA CONGRESS COMMITTEE"
11,2630,2131,0,0,"PRESIDENT, ALL INDIA CONGRESS COMMITTEE"
11,2630,2139,0,0,"PRESIDENT, ALL INDIA CONGRESS COMMITTEE"
11,2630,2150,0,0,"PRESIDENT, ALL INDIA CONGRESS COMMITTEE"
11,2630,2165,0,0,"PRESIDENT, ALL INDIA CONGRESS COMMITTEE"
11,2630,2220,0,0,"PRESIDENT, ALL INDIA CONGRESS COMMITTEE"
11,2630,2240,0,0,"PRESIDENT, ALL INDIA CONGRESS COMMITTEE"
11,2630,2253,0,0,"PRESIDENT, ALL INDIA CONGRESS COMMITTEE"
11,2630,2261,0,0,"PRESIDENT, ALL INDIA CONGRESS COMMITTEE"
11,2630,2266,0,0,"PRESIDENT, ALL INDIA CONGRESS COMMITTEE"
11,2630,2271,0,0,"PRESIDENT, ALL INDIA CONGRESS COMMITTEE"
11,2630,2300,0,0,"PRESIDENT, ALL INDIA CONGRESS COMMITTEE"
11,2630,2306,0,0,"PRESIDENT, ALL INDIA CONGRESS COMMITTEE"
11,2630,2307,0,0,"PRESIDENT, ALL INDIA CONGRESS COMMITTEE"
11,2630,2309,0,0,"PRESIDENT, ALL INDIA CONGRESS COMMITTEE"
11,2630,2353,0,0,"PRESIDENT, ALL INDIA CONGRESS COMMITTEE"
11,2630,2356,0,0,"PRESIDENT, ALL INDIA CONGRESS COMMITTEE"
11,2630,2370,0,0,"PRESIDENT, ALL INDIA CONGRESS COMMITTEE"
11,2630,2386,0,500000,"PRESIDENT, ALL INDIA CONGRESS COMMITTEE"
11,2630,2410,0,0,"PRESIDENT, ALL INDIA CONGRESS COMMITTEE"
11,2630,2430,0,0,"PRESIDENT, ALL INDIA CONGRESS COMMITTEE"
11,2630,2446,0,0,"PRESIDENT, ALL INDIA CONGRESS COMMITTEE"
11,2630,2460,0,0,"PRESIDENT, ALL INDIA CONGRESS COMMITTEE"
11,2630,2464,0,0,"PRESIDENT, ALL INDIA CONGRESS COMMITTEE"
11,2630,2468,0,0,"PRESIDENT, ALL INDIA CONGRESS COMMITTEE"
11,2630,2492,0,0,"PRESIDENT, ALL INDIA CONGRESS COMMITTEE"
11,2630,2495,0,0,"PRESIDENT, ALL INDIA CONGRESS COMMITTEE"
11,2630,2504,0,0,"PRESIDENT, ALL INDIA CONGRESS COMMITTEE"
11,2630,2526,0,0,"PRESIDENT, ALL INDIA CONGRESS COMMITTEE"
11,2630,2532,0,0,"PRESIDENT, ALL INDIA CONGRESS COMMITTEE"
11,2630,2536,0,0,"PRESIDENT, ALL INDIA CONGRESS COMMITTEE"
11,2630,2539,0,0,"PRESIDENT, ALL INDIA CONGRESS COMMITTEE"
11,2630,2550,0,0,"PRESIDENT, ALL INDIA CONGRESS COMMITTEE"
11,2630,2552,0,0,"PRESIDENT, ALL INDIA CONGRESS COMMITTEE"
11,2630,2556,0,0,"PRESIDENT, ALL INDIA CONGRESS COMMITTEE"
11,2630,2563,0,0,"PRESIDENT, ALL INDIA CONGRESS COMMITTEE"
11,2630,2564,0,250000,"PRESIDENT, ALL INDIA CONGRESS COMMITTEE"
11,2630,2573,0,0,"PRESIDENT, ALL INDIA CONGRESS COMMITTEE"
11,2630,2575,0,0,"PRESIDENT, ALL INDIA CONGRESS COMMITTEE"
11,2630,2576,0,0,"PRESIDENT, ALL INDIA CONGRESS COMMITTEE"
11,2630,2579,0,0,"PRESIDENT, ALL INDIA CONGRESS COMMITTEE"
11,2630,2586,0,0,"PRESIDENT, ALL INDIA CONGRESS COMMITTEE"
11,2630,2590,0,0,"PRESIDENT, ALL INDIA CONGRESS COMMITTEE"
11,2630,2600,0,0,"PRESIDENT, ALL INDIA CONGRESS COMMITTEE"
11,2630,2601,0,0,"PRESIDENT, ALL INDIA CONGRESS COMMITTEE"
11,2630,2602,0,0,"PRESIDENT, ALL INDIA CONGRESS COMMITTEE"
11,2630,2604,0,0,"PRESIDENT, ALL INDIA CONGRESS COMMITTEE"
11,2630,2607,0,0,"PRESIDENT, ALL INDIA CONGRESS COMMITTEE"
11,2630,2611,0,0,"PRESIDENT, ALL INDIA CONGRESS COMMITTEE"
11,2630,2624,0,0,"PRESIDENT, ALL INDIA CONGRESS COMMITTEE"
11,2630,2654,0,0,"PRESIDENT, ALL INDIA CONGRESS COMMITTEE"
11,2630,2655,0,0,"PRESIDENT, ALL INDIA CONGRESS COMMITTEE"
12,2630,1929,0,0,"PRESIDENT, ALL INDIA CONGRESS COMMITTEE"
12,2630,1962,0,0,"PRESIDENT, ALL INDIA CONGRESS COMMITTEE"
12,2630,1966,0,0,"PRESIDENT, ALL INDIA CONGRESS COMMITTEE"
12,2630,1971,0,0,"PRESIDENT, ALL INDIA CONGRESS COMMITTEE"
12,2630,1984,0,0,"PRESIDENT, ALL INDIA CONGRESS COMMITTEE"
12,2630,1986,0,0,"PRESIDENT, ALL INDIA CONGRESS COMMITTEE"
12,2630,2030,0,0,"PRESIDENT, ALL INDIA CONGRESS COMMITTEE"
12,2630,2037,0,0,"PRESIDENT, ALL INDIA CONGRESS COMMITTEE"
12,2630,2073,0,0,"PRESIDENT, ALL INDIA CONGRESS COMMITTEE"
12,2630,2074,0,0,"PRESIDENT, ALL INDIA CONGRESS COMMITTEE"
12,2630,2083,0,0,"PRESIDENT, ALL INDIA CONGRESS COMMITTEE"
12,2630,2088,0,0,"PRESIDENT, ALL INDIA CONGRESS COMMITTEE"
12,2630,2090,0,0,"PRESIDENT, ALL INDIA CONGRESS COMMITTEE"
12,2630,2095,0,0,"PRESIDENT, ALL INDIA CONGRESS COMMITTEE"
12,2630,2104,0,0,"PRESIDENT, ALL INDIA CONGRESS COMMITTEE"
12,2630,2118,0,0,"PRESIDENT, ALL INDIA CONGRESS COMMITTEE"
12,2630,2131,0,0,"PRESIDENT, ALL INDIA CONGRESS COMMITTEE"
12,2630,2139,0,0,"PRESIDENT, ALL INDIA CONGRESS COMMITTEE"
12,2630,2150,0,0,"PRESIDENT, ALL INDIA CONGRESS COMMITTEE"
12,2630,2165,0,0,"PRESIDENT, ALL INDIA CONGRESS COMMITTEE"
12,2630,2220,0,0,"PRESIDENT, ALL INDIA CONGRESS COMMITTEE"
12,2630,2240,0,0,"PRESIDENT, ALL INDIA CONGRESS COMMITTEE"
12,2630,2253,0,0,"PRESIDENT, ALL INDIA CONGRESS COMMITTEE"
12,2630,2261,0,0,"PRESIDENT, ALL INDIA CONGRESS COMMITTEE"
12,2630,2266,0,0,"PRESIDENT, ALL INDIA CONGRESS COMMITTEE"
12,2630,2271,0,0,"PRESIDENT, ALL INDIA CONGRESS COMMITTEE"
12,2630,2300,0,1000000,"PRESIDENT, ALL INDIA CONGRESS COMMITTEE"
12,2630,2306,0,0,"PRESIDENT, ALL INDIA CONGRESS COMMITTEE"
12,2630,2307,0,0,"PRESIDENT, ALL INDIA CONGRESS COMMITTEE"
12,2630,2309,0,0,"PRESIDENT, ALL INDIA CONGRESS COMMITTEE"
12,2630,2353,0,0,"PRESIDENT, ALL INDIA CONGRESS COMMITTEE"
12,2630,2356,0,0,"PRESIDENT, ALL INDIA CONGRESS COMMITTEE"
12,2630,2370,0,0,"PRESIDENT, ALL INDIA CONGRESS COMMITTEE"
12,2630,2386,0,0,"PRESIDENT, ALL INDIA CONGRESS COMMITTEE"
12,2630,2410,0,2000000,"PRESIDENT, ALL INDIA CONGRESS COMMITTEE"
12,2630,2430,0,0,"PRESIDENT, ALL INDIA CONGRESS COMMITTEE"
12,2630,2446,0,0,"PRESIDENT, ALL INDIA CONGRESS COMMITTEE"
12,2630,2460,0,0,"PRESIDENT, ALL INDIA CONGRESS COMMITTEE"
12,2630,2464,0,0,"PRESIDENT, ALL INDIA CONGRESS COMMITTEE"
12,2630,2468,0,0,"PRESIDENT, ALL INDIA CONGRESS COMMITTEE"
12,2630,2492,0,0,"PRESIDENT, ALL INDIA CONGRESS COMMITTEE"
12,2630,2495,0,0,"PRESIDENT, ALL INDIA CONGRESS COMMITTEE"
12,2630,2504,0,32500000,"PRESIDENT, ALL INDIA CONGRESS COMMITTEE"
12,2630,2526,0,0,"PRESIDENT, ALL INDIA CONGRESS COMMITTEE"
12,2630,2532,0,0,"PRESIDENT, ALL INDIA CONGRESS COMMITTEE"
12,2630,2536,0,0,"PRESIDENT, ALL INDIA CONGRESS COMMITTEE"
12,2630,2539,0,0,"PRESIDENT, ALL INDIA CONGRESS COMMITTEE"
12,2630,2550,0,0,"PRESIDENT, ALL INDIA CONGRESS COMMITTEE"
12,2630,2552,0,0,"PRESIDENT, ALL INDIA CONGRESS COMMITTEE"
12,2630,2556,0,0,"PRESIDENT, ALL INDIA CONGRESS COMMITTEE"
12,2630,2563,0,0,"PRESIDENT, ALL INDIA CONGRESS COMMITTEE"
12,2630,2564,0,0,"PRESIDENT, ALL INDIA CONGRESS COMMITTEE"
12,2630,2573,0,0,"PRESIDENT, ALL INDIA CONGRESS COMMITTEE"
12,2630,2575,0,0,"PRESIDENT, ALL INDIA CONGRESS COMMITTEE"
12,2630,2576,0,0,"PRESIDENT, ALL INDIA CONGRESS COMMITTEE"
12,2630,2579,0,0,"PRESIDENT, ALL INDIA CONGRESS COMMITTEE"
12,2630,2586,0,0,"PRESIDENT, ALL INDIA CONGRESS COMMITTEE"
12,2630,2590,0,0,"PRESIDENT, ALL INDIA CONGRESS COMMITTEE"
12,2630,2600,0,0,"PRESIDENT, ALL INDIA CONGRESS COMMITTEE"
12,2630,2601,0,0,"PRESIDENT, ALL INDIA CONGRESS COMMITTEE"
12,2630,2602,0,8000000,"PRESIDENT, ALL INDIA CONGRESS COMMITTEE"
12,2630,2604,0,0,"PRESIDENT, ALL INDIA CONGRESS COMMITTEE"
12,2630,2607,0,0,"PRESIDENT, ALL INDIA CONGRESS COMMITTEE"
12,2630,2611,0,0,"PRESIDENT, ALL INDIA CONGRESS COMMITTEE"
12,2630,2624,0,0,"PRESIDENT, ALL INDIA CONGRESS COMMITTEE"
12,2630,2654,0,0,"PRESIDENT, ALL INDIA CONGRESS COMMITTEE"
12,2630,2655,0,0,"PRESIDENT, ALL INDIA CONGRESS COMMITTEE"
13,2630,1929,0,0,"PRESIDENT, ALL INDIA CONGRESS COMMITTEE"
13,2630,1962,0,0,"PRESIDENT, ALL INDIA CONGRESS COMMITTEE"
13,2630,1966,0,0,"PRESIDENT, ALL INDIA CONGRESS COMMITTEE"
13,2630,1971,0,0,"PRESIDENT, ALL INDIA CONGRESS COMMITTEE"
13,2630,1984,0,0,"PRESIDENT, ALL INDIA CONGRESS COMMITTEE"
13,2630,1986,0,0,"PRESIDENT, ALL INDIA CONGRESS COMMITTEE"
13,2630,2030,0,0,"PRESIDENT, ALL INDIA CONGRESS COMMITTEE"
13,2630,2037,0,0,"PRESIDENT, ALL INDIA CONGRESS COMMITTEE"
13,2630,2073,0,0,"PRESIDENT, ALL INDIA CONGRESS COMMITTEE"
13,2630,2074,0,0,"PRESIDENT, ALL INDIA CONGRESS COMMITTEE"
13,2630,2083,0,0,"PRESIDENT, ALL INDIA CONGRESS COMMITTEE"
13,2630,2088,0,0,"PRESIDENT, ALL INDIA CONGRESS COMMITTEE"
13,2630,2090,0,0,"PRESIDENT, ALL INDIA CONGRESS COMMITTEE"
13,2630,2095,0,0,"PRESIDENT, ALL INDIA CONGRESS COMMITTEE"
13,2630,2104,0,0,"PRESIDENT, ALL INDIA CONGRESS COMMITTEE"
13,2630,2118,0,0,"PRESIDENT, ALL INDIA CONGRESS COMMITTEE"
13,2630,2131,0,0,"PRESIDENT, ALL INDIA CONGRESS COMMITTEE"
13,2630,2139,0,0,"PRESIDENT, ALL INDIA CONGRESS COMMITTEE"
13,2630,2150,0,0,"PRESIDENT, ALL INDIA CONGRESS COMMITTEE"
13,2630,2165,0,0,"PRESIDENT, ALL INDIA CONGRESS COMMITTEE"
13,2630,2220,0,0,"PRESIDENT, ALL INDIA CONGRESS COMMITTEE"
13,2630,2240,0,0,"PRESIDENT, ALL INDIA CONGRESS COMMITTEE"
13,2630,2253,0,0,"PRESIDENT, ALL INDIA CONGRESS COMMITTEE"
13,2630,2261,0,0,"PRESIDENT, ALL INDIA CONGRESS COMMITTEE"
13,2630,2266,0,0,"PRESIDENT, ALL INDIA CONGRESS COMMITTEE"
13,2630,2271,0,0,"PRESIDENT, ALL INDIA CONGRESS COMMITTEE"
13,2630,2300,0,0,"PRESIDENT, ALL INDIA CONGRESS COMMITTEE"
13,2630,2306,0,0,"PRESIDENT, ALL INDIA CONGRESS COMMITTEE"
13,2630,2307,0,0,"PRESIDENT, ALL INDIA CONGRESS COMMITTEE"
13,2630,2309,0,0,"PRESIDENT, ALL INDIA CONGRESS COMMITTEE"
13,2630,2353,0,0,"PRESIDENT, ALL INDIA CONGRESS COMMITTEE"
13,2630,2356,0,0,"PRESIDENT, ALL INDIA CONGRESS COMMITTEE"
13,2630,2370,0,0,"PRESIDENT, ALL INDIA CONGRESS COMMITTEE"
13,2630,2386,0,0,"PRESIDENT, ALL INDIA CONGRESS COMMITTEE"
13,2630,2410,0,0,"PRESIDENT, ALL INDIA CONGRESS COMMITTEE"
13,2630,2430,0,0,"PRESIDENT, ALL INDIA CONGRESS COMMITTEE"
13,2630,2446,0,0,"PRESIDENT, ALL INDIA CONGRESS COMMITTEE"
13,2630,2460,0,0,"PRESIDENT, ALL INDIA CONGRESS COMMITTEE"
13,2630,2464,0,0,"PRESIDENT, ALL INDIA CONGRESS COMMITTEE"
13,2630,2468,0,0,"PRESIDENT, ALL INDIA CONGRESS COMMITTEE"
13,2630,2492,0,0,"PRESIDENT, ALL INDIA CONGRESS COMMITTEE"
13,2630,2495,0,0,"PRESIDENT, ALL INDIA CONGRESS COMMITTEE"
13,2630,2504,0,0,"PRESIDENT, ALL INDIA CONGRESS COMMITTEE"
13,2630,2526,0,0,"PRESIDENT, ALL INDIA CONGRESS COMMITTEE"
13,2630,2532,0,0,"PRESIDENT, ALL INDIA CONGRESS COMMITTEE"
13,2630,2536,0,0,"PRESIDENT, ALL INDIA CONGRESS COMMITTEE"
13,2630,2539,0,0,"PRESIDENT, ALL INDIA CONGRESS COMMITTEE"
13,2630,2550,0,0,"PRESIDENT, ALL INDIA CONGRESS COMMITTEE"
13,2630,2552,0,0,"PRESIDENT, ALL INDIA CONGRESS COMMITTEE"
13,2630,2556,0,5000000,"PRESIDENT, ALL INDIA CONGRESS COMMITTEE"
13,2630,2563,0,0,"PRESIDENT, ALL INDIA CONGRESS COMMITTEE"
13,2630,2564,0,0,"PRESIDENT, ALL INDIA CONGRESS COMMITTEE"
13,2630,2573,0,0,"PRESIDENT, ALL INDIA CONGRESS COMMITTEE"
13,2630,2575,0,0,"PRESIDENT, ALL INDIA CONGRESS COMMITTEE"
13,2630,2576,0,0,"PRESIDENT, ALL INDIA CONGRESS COMMITTEE"
13,2630,2579,0,0,"PRESIDENT, ALL INDIA CONGRESS COMMITTEE"
13,2630,2586,0,0,"PRESIDENT, ALL INDIA CONGRESS COMMITTEE"
13,2630,2590,0,0,"PRESIDENT, ALL INDIA CONGRESS COMMITTEE"
13,2630,2600,0,0,"PRESIDENT, ALL INDIA CONGRESS COMMITTEE"
13,2630,2601,0,0,"PRESIDENT, ALL INDIA CONGRESS COMMITTEE"
13,2630,2602,0,0,"PRESIDENT, ALL INDIA CONGRESS COMMITTEE"
13,2630,2604,0,0,"PRESIDENT, ALL INDIA CONGRESS COMMITTEE"
13,2630,2607,0,0,"PRESIDENT, ALL INDIA CONGRESS COMMITTEE"
13,2630,2611,0,0,"PRESIDENT, ALL INDIA CONGRESS COMMITTEE"
13,2630,2624,0,0,"PRESIDENT, ALL INDIA CONGRESS COMMITTEE"
13,2630,2654,0,0,"PRESIDENT, ALL INDIA CONGRESS COMMITTEE"
13,2630,2655,0,0,"PRESIDENT, ALL INDIA CONGRESS COMMITTEE"
16,2630,1929,0,0,"PRESIDENT, ALL INDIA CONGRESS COMMITTEE"
16,2630,1962,0,0,"PRESIDENT, ALL INDIA CONGRESS COMMITTEE"
16,2630,1966,0,0,"PRESIDENT, ALL INDIA CONGRESS COMMITTEE"
16,2630,1971,0,0,"PRESIDENT, ALL INDIA CONGRESS COMMITTEE"
16,2630,1984,0,0,"PRESIDENT, ALL INDIA CONGRESS COMMITTEE"
16,2630,1986,0,0,"PRESIDENT, ALL INDIA CONGRESS COMMITTEE"
16,2630,2030,0,0,"PRESIDENT, ALL INDIA CONGRESS COMMITTEE"
16,2630,2037,0,0,"PRESIDENT, ALL INDIA CONGRESS COMMITTEE"
16,2630,2073,0,0,"PRESIDENT, ALL INDIA CONGRESS COMMITTEE"
16,2630,2074,0,0,"PRESIDENT, ALL INDIA CONGRESS COMMITTEE"
16,2630,2083,0,0,"PRESIDENT, ALL INDIA CONGRESS COMMITTEE"
16,2630,2088,0,0,"PRESIDENT, ALL INDIA CONGRESS COMMITTEE"
16,2630,2090,0,0,"PRESIDENT, ALL INDIA CONGRESS COMMITTEE"
16,2630,2095,0,0,"PRESIDENT, ALL INDIA CONGRESS COMMITTEE"
16,2630,2104,0,0,"PRESIDENT, ALL INDIA CONGRESS COMMITTEE"
16,2630,2118,0,0,"PRESIDENT, ALL INDIA CONGRESS COMMITTEE"
16,2630,2131,0,0,"PRESIDENT, ALL INDIA CONGRESS COMMITTEE"
16,2630,2139,0,0,"PRESIDENT, ALL INDIA CONGRESS COMMITTEE"
16,2630,2150,0,0,"PRESIDENT, ALL INDIA CONGRESS COMMITTEE"
16,2630,2165,0,0,"PRESIDENT, ALL INDIA CONGRESS COMMITTEE"
16,2630,2220,0,0,"PRESIDENT, ALL INDIA CONGRESS COMMITTEE"
16,2630,2240,0,0,"PRESIDENT, ALL INDIA CONGRESS COMMITTEE"
16,2630,2253,0,0,"PRESIDENT, ALL INDIA CONGRESS COMMITTEE"
16,2630,2261,0,0,"PRESIDENT, ALL INDIA CONGRESS COMMITTEE"
16,2630,2266,0,0,"PRESIDENT, ALL INDIA CONGRESS COMMITTEE"
16,2630,2271,0,0,"PRESIDENT, ALL INDIA CONGRESS COMMITTEE"
16,2630,2300,0,0,"PRESIDENT, ALL INDIA CONGRESS COMMITTEE"
16,2630,2306,0,0,"PRESIDENT, ALL INDIA CONGRESS COMMITTEE"
16,2630,2307,0,0,"PRESIDENT, ALL INDIA CONGRESS COMMITTEE"
16,2630,2309,0,0,"PRESIDENT, ALL INDIA CONGRESS COMMITTEE"
16,2630,2353,0,0,"PRESIDENT, ALL INDIA CONGRESS COMMITTEE"
16,2630,2356,0,0,"PRESIDENT, ALL INDIA CONGRESS COMMITTEE"
16,2630,2370,0,0,"PRESIDENT, ALL INDIA CONGRESS COMMITTEE"
16,2630,2386,0,0,"PRESIDENT, ALL INDIA CONGRESS COMMITTEE"
16,2630,2410,0,0,"PRESIDENT, ALL INDIA CONGRESS COMMITTEE"
16,2630,2430,0,0,"PRESIDENT, ALL INDIA CONGRESS COMMITTEE"
16,2630,2446,0,0,"PRESIDENT, ALL INDIA CONGRESS COMMITTEE"
16,2630,2460,0,0,"PRESIDENT, ALL INDIA CONGRESS COMMITTEE"
16,2630,2464,0,0,"PRESIDENT, ALL INDIA CONGRESS COMMITTEE"
16,2630,2468,0,0,"PRESIDENT, ALL INDIA CONGRESS COMMITTEE"
16,2630,2492,0,0,"PRESIDENT, ALL INDIA CONGRESS COMMITTEE"
16,2630,2495,0,0,"PRESIDENT, ALL INDIA CONGRESS COMMITTEE"
16,2630,2504,0,0,"PRESIDENT, ALL INDIA CONGRESS COMMITTEE"
16,2630,2526,0,20000000,"PRESIDENT, ALL INDIA CONGRESS COMMITTEE"
16,2630,2532,0,0,"PRESIDENT, ALL INDIA CONGRESS COMMITTEE"
16,2630,2536,0,0,"PRESIDENT, ALL INDIA CONGRESS COMMITTEE"
16,2630,2539,0,0,"PRESIDENT, ALL INDIA CONGRESS COMMITTEE"
16,2630,2550,0,0,"PRESIDENT, ALL INDIA CONGRESS COMMITTEE"
16,2630,2552,0,0,"PRESIDENT, ALL INDIA CONGRESS COMMITTEE"
16,2630,2556,0,0,"PRESIDENT, ALL INDIA CONGRESS COMMITTEE"
16,2630,2563,0,0,"PRESIDENT, ALL INDIA CONGRESS COMMITTEE"
16,2630,2564,0,0,"PRESIDENT, ALL INDIA CONGRESS COMMITTEE"
16,2630,2573,0,0,"PRESIDENT, ALL INDIA CONGRESS COMMITTEE"
16,2630,2575,0,0,"PRESIDENT, ALL INDIA CONGRESS COMMITTEE"
16,2630,2576,0,0,"PRESIDENT, ALL INDIA CONGRESS COMMITTEE"
16,2630,2579,0,0,"PRESIDENT, ALL INDIA CONGRESS COMMITTEE"
16,2630,2586,0,0,"PRESIDENT, ALL INDIA CONGRESS COMMITTEE"
16,2630,2590,0,0,"PRESIDENT, ALL INDIA CONGRESS COMMITTEE"
16,2630,2600,0,0,"PRESIDENT, ALL INDIA CONGRESS COMMITTEE"
16,2630,2601,0,0,"PRESIDENT, ALL INDIA CONGRESS COMMITTEE"
16,2630,2602,0,0,"PRESIDENT, ALL INDIA CONGRESS COMMITTEE"
16,2630,2604,0,0,"PRESIDENT, ALL INDIA CONGRESS COMMITTEE"
16,2630,2607,0,0,"PRESIDENT, ALL INDIA CONGRESS COMMITTEE"
16,2630,2611,0,0,"PRESIDENT, ALL INDIA CONGRESS COMMITTEE"
16,2630,2624,0,0,"PRESIDENT, ALL INDIA CONGRESS COMMITTEE"
16,2630,2654,0,0,"PRESIDENT, ALL INDIA CONGRESS COMMITTEE"
16,2630,2655,0,0,"PRESIDENT, ALL INDIA CONGRESS COMMITTEE"
20,2630,1929,0,0,"PRESIDENT, ALL INDIA CONGRESS COMMITTEE"
20,2630,1962,0,0,"PRESIDENT, ALL INDIA CONGRESS COMMITTEE"
20,2630,1966,0,0,"PRESIDENT, ALL INDIA CONGRESS COMMITTEE"
20,2630,1971,0,0,"PRESIDENT, ALL INDIA CONGRESS COMMITTEE"
20,2630,1984,0,0,"PRESIDENT, ALL INDIA CONGRESS COMMITTEE"
20,2630,1986,0,0,"PRESIDENT, ALL INDIA CONGRESS COMMITTEE"
20,2630,2030,0,0,"PRESIDENT, ALL INDIA CONGRESS COMMITTEE"
20,2630,2037,0,0,"PRESIDENT, ALL INDIA CONGRESS COMMITTEE"
20,2630,2073,0,0,"PRESIDENT, ALL INDIA CONGRESS COMMITTEE"
20,2630,2074,0,0,"PRESIDENT, ALL INDIA CONGRESS COMMITTEE"
20,2630,2083,0,0,"PRESIDENT, ALL INDIA CONGRESS COMMITTEE"
20,2630,2088,0,0,"PRESIDENT, ALL INDIA CONGRESS COMMITTEE"
20,2630,2090,0,0,"PRESIDENT, ALL INDIA CONGRESS COMMITTEE"
20,2630,2095,0,0,"PRESIDENT, ALL INDIA CONGRESS COMMITTEE"
20,2630,2104,0,0,"PRESIDENT, ALL INDIA CONGRESS COMMITTEE"
20,2630,2118,0,0,"PRESIDENT, ALL INDIA CONGRESS COMMITTEE"
20,2630,2131,0,0,"PRESIDENT, ALL INDIA CONGRESS COMMITTEE"
20,2630,2139,0,0,"PRESIDENT, ALL INDIA CONGRESS COMMITTEE"
20,2630,2150,0,0,"PRESIDENT, ALL INDIA CONGRESS COMMITTEE"
20,2630,2165,0,0,"PRESIDENT, ALL INDIA CONGRESS COMMITTEE"
20,2630,2220,0,0,"PRESIDENT, ALL INDIA CONGRESS COMMITTEE"
20,2630,2240,0,0,"PRESIDENT, ALL INDIA CONGRESS COMMITTEE"
20,2630,2253,0,0,"PRESIDENT, ALL INDIA CONGRESS COMMITTEE"
20,2630,2261,0,0,"PRESIDENT, ALL INDIA CONGRESS COMMITTEE"
20,2630,2266,0,0,"PRESIDENT, ALL INDIA CONGRESS COMMITTEE"
20,2630,2271,0,0,"PRESIDENT, ALL INDIA CONGRESS COMMITTEE"
20,2630,2300,0,0,"PRESIDENT, ALL INDIA CONGRESS COMMITTEE"
20,2630,2306,0,0,"PRESIDENT, ALL INDIA CONGRESS COMMITTEE"
20,2630,2307,0,0,"PRESIDENT, ALL INDIA CONGRESS COMMITTEE"
20,2630,2309,0,0,"PRESIDENT, ALL INDIA CONGRESS COMMITTEE"
20,2630,2353,0,0,"PRESIDENT, ALL INDIA CONGRESS COMMITTEE"
20,2630,2356,0,0,"PRESIDENT, ALL INDIA CONGRESS COMMITTEE"
20,2630,2370,0,0,"PRESIDENT, ALL INDIA CONGRESS COMMITTEE"
20,2630,2386,0,0,"PRESIDENT, ALL INDIA CONGRESS COMMITTEE"
20,2630,2410,0,0,"PRESIDENT, ALL INDIA CONGRESS COMMITTEE"
20,2630,2430,0,0,"PRESIDENT, ALL INDIA CONGRESS COMMITTEE"
20,2630,2446,0,0,"PRESIDENT, ALL INDIA CONGRESS COMMITTEE"
20,2630,2460,0,0,"PRESIDENT, ALL INDIA CONGRESS COMMITTEE"
20,2630,2464,0,0,"PRESIDENT, ALL INDIA CONGRESS COMMITTEE"
20,2630,2468,0,0,"PRESIDENT, ALL INDIA CONGRESS COMMITTEE"
20,2630,2492,0,0,"PRESIDENT, ALL INDIA CONGRESS COMMITTEE"
20,2630,2495,0,0,"PRESIDENT, ALL INDIA CONGRESS COMMITTEE"
20,2630,2504,0,0,"PRESIDENT, ALL INDIA CONGRESS COMMITTEE"
20,2630,2526,0,30000000,"PRESIDENT, ALL INDIA CONGRESS COMMITTEE"
20,2630,2532,0,10000000,"PRESIDENT, ALL INDIA CONGRESS COMMITTEE"
20,2630,2536,0,0,"PRESIDENT, ALL INDIA CONGRESS COMMITTEE"
20,2630,2539,0,0,"PRESIDENT, ALL INDIA CONGRESS COMMITTEE"
20,2630,2550,0,0,"PRESIDENT, ALL INDIA CONGRESS COMMITTEE"
20,2630,2552,0,0,"PRESIDENT, ALL INDIA CONGRESS COMMITTEE"
20,2630,2556,0,0,"PRESIDENT, ALL INDIA CONGRESS COMMITTEE"
20,2630,2563,0,0,"PRESIDENT, ALL INDIA CONGRESS COMMITTEE"
20,2630,2564,0,0,"PRESIDENT, ALL INDIA CONGRESS COMMITTEE"
20,2630,2573,0,0,"PRESIDENT, ALL INDIA CONGRESS COMMITTEE"
20,2630,2575,0,0,"PRESIDENT, ALL INDIA CONGRESS COMMITTEE"
20,2630,2576,0,0,"PRESIDENT, ALL INDIA CONGRESS COMMITTEE"
20,2630,2579,0,0,"PRESIDENT, ALL INDIA CONGRESS COMMITTEE"
20,2630,2586,0,0,"PRESIDENT, ALL INDIA CONGRESS COMMITTEE"
20,2630,2590,0,0,"PRESIDENT, ALL INDIA CONGRESS COMMITTEE"
20,2630,2600,0,0,"PRESIDENT, ALL INDIA CONGRESS COMMITTEE"
20,2630,2601,0,0,"PRESIDENT, ALL INDIA CONGRESS COMMITTEE"
20,2630,2602,0,0,"PRESIDENT, ALL INDIA CONGRESS COMMITTEE"
20,2630,2604,0,0,"PRESIDENT, ALL INDIA CONGRESS COMMITTEE"
20,2630,2607,0,0,"PRESIDENT, ALL INDIA CONGRESS COMMITTEE"
20,2630,2611,0,0,"PRESIDENT, ALL INDIA CONGRESS COMMITTEE"
20,2630,2624,0,0,"PRESIDENT, ALL INDIA CONGRESS COMMITTEE"
20,2630,2654,0,0,"PRESIDENT, ALL INDIA CONGRESS COMMITTEE"
20,2630,2655,0,0,"PRESIDENT, ALL INDIA CONGRESS COMMITTEE"
22,2630,1929,0,0,"PRESIDENT, ALL INDIA CONGRESS COMMITTEE"
22,2630,1962,0,0,"PRESIDENT, ALL INDIA CONGRESS COMMITTEE"
22,2630,1966,0,0,"PRESIDENT, ALL INDIA CONGRESS COMMITTEE"
22,2630,1971,0,0,"PRESIDENT, ALL INDIA CONGRESS COMMITTEE"
22,2630,1984,0,0,"PRESIDENT, ALL INDIA CONGRESS COMMITTEE"
22,2630,1986,0,0,"PRESIDENT, ALL INDIA CONGRESS COMMITTEE"
22,2630,2030,0,0,"PRESIDENT, ALL INDIA CONGRESS COMMITTEE"
22,2630,2037,0,0,"PRESIDENT, ALL INDIA CONGRESS COMMITTEE"
22,2630,2073,0,0,"PRESIDENT, ALL INDIA CONGRESS COMMITTEE"
22,2630,2074,0,0,"PRESIDENT, ALL INDIA CONGRESS COMMITTEE"
22,2630,2083,0,0,"PRESIDENT, ALL INDIA CONGRESS COMMITTEE"
22,2630,2088,0,0,"PRESIDENT, ALL INDIA CONGRESS COMMITTEE"
22,2630,2090,0,0,"PRESIDENT, ALL INDIA CONGRESS COMMITTEE"
22,2630,2095,0,0,"PRESIDENT, ALL INDIA CONGRESS COMMITTEE"
22,2630,2104,0,0,"PRESIDENT, ALL INDIA CONGRESS COMMITTEE"
22,2630,2118,0,0,"PRESIDENT, ALL INDIA CONGRESS COMMITTEE"
22,2630,2131,0,0,"PRESIDENT, ALL INDIA CONGRESS COMMITTEE"
22,2630,2139,0,0,"PRESIDENT, ALL INDIA CONGRESS COMMITTEE"
22,2630,2150,0,0,"PRESIDENT, ALL INDIA CONGRESS COMMITTEE"
22,2630,2165,0,0,"PRESIDENT, ALL INDIA CONGRESS COMMITTEE"
22,2630,2220,0,0,"PRESIDENT, ALL INDIA CONGRESS COMMITTEE"
22,2630,2240,0,0,"PRESIDENT, ALL INDIA CONGRESS COMMITTEE"
22,2630,2253,0,0,"PRESIDENT, ALL INDIA CONGRESS COMMITTEE"
22,2630,2261,0,0,"PRESIDENT, ALL INDIA CONGRESS COMMITTEE"
22,2630,2266,0,0,"PRESIDENT, ALL INDIA CONGRESS COMMITTEE"
22,2630,2271,0,100000,"PRESIDENT, ALL INDIA CONGRESS COMMITTEE"
22,2630,2300,0,0,"PRESIDENT, ALL INDIA CONGRESS COMMITTEE"
22,2630,2306,0,55000000,"PRESIDENT, ALL INDIA CONGRESS COMMITTEE"
22,2630,2307,0,0,"PRESIDENT, ALL INDIA CONGRESS COMMITTEE"
22,2630,2309,0,0,"PRESIDENT, ALL INDIA CONGRESS COMMITTEE"
22,2630,2353,0,0,"PRESIDENT, ALL INDIA CONGRESS COMMITTEE"
22,2630,2356,0,0,"PRESIDENT, ALL INDIA CONGRESS COMMITTEE"
22,2630,2370,0,0,"PRESIDENT, ALL INDIA CONGRESS COMMITTEE"
22,2630,2386,0,0,"PRESIDENT, ALL INDIA CONGRESS COMMITTEE"
22,2630,2410,0,0,"PRESIDENT, ALL INDIA CONGRESS COMMITTEE"
22,2630,2430,0,0,"PRESIDENT, ALL INDIA CONGRESS COMMITTEE"
22,2630,2446,0,0,"PRESIDENT, ALL INDIA CONGRESS COMMITTEE"
22,2630,2460,0,0,"PRESIDENT, ALL INDIA CONGRESS COMMITTEE"
22,2630,2464,0,0,"PRESIDENT, ALL INDIA CONGRESS COMMITTEE"
22,2630,2468,0,0,"PRESIDENT, ALL INDIA CONGRESS COMMITTEE"
22,2630,2492,0,0,"PRESIDENT, ALL INDIA CONGRESS COMMITTEE"
22,2630,2495,0,0,"PRESIDENT, ALL INDIA CONGRESS COMMITTEE"
22,2630,2504,0,0,"PRESIDENT, ALL INDIA CONGRESS COMMITTEE"
22,2630,2526,0,0,"PRESIDENT, ALL INDIA CONGRESS COMMITTEE"
22,2630,2532,0,0,"PRESIDENT, ALL INDIA CONGRESS COMMITTEE"
22,2630,2536,0,0,"PRESIDENT, ALL INDIA CONGRESS COMMITTEE"
22,2630,2539,0,0,"PRESIDENT, ALL INDIA CONGRESS COMMITTEE"
22,2630,2550,0,0,"PRESIDENT, ALL INDIA CONGRESS COMMITTEE"
22,2630,2552,0,0,"PRESIDENT, ALL INDIA CONGRESS COMMITTEE"
22,2630,2556,0,0,"PRESIDENT, ALL INDIA CONGRESS COMMITTEE"
22,2630,2563,0,0,"PRESIDENT, ALL INDIA CONGRESS COMMITTEE"
22,2630,2564,0,0,"PRESIDENT, ALL INDIA CONGRESS COMMITTEE"
22,2630,2573,0,0,"PRESIDENT, ALL INDIA CONGRESS COMMITTEE"
22,2630,2575,0,0,"PRESIDENT, ALL INDIA CONGRESS COMMITTEE"
22,2630,2576,0,0,"PRESIDENT, ALL INDIA CONGRESS COMMITTEE"
22,2630,2579,0,0,"PRESIDENT, ALL INDIA CONGRESS COMMITTEE"
22,2630,2586,0,0,"PRESIDENT, ALL INDIA CONGRESS COMMITTEE"
22,2630,2590,0,0,"PRESIDENT, ALL INDIA CONGRESS COMMITTEE"
22,2630,2600,0,0,"PRESIDENT, ALL INDIA CONGRESS COMMITTEE"
22,2630,2601,0,0,"PRESIDENT, ALL INDIA CONGRESS COMMITTEE"
22,2630,2602,0,0,"PRESIDENT, ALL INDIA CONGRESS COMMITTEE"
22,2630,2604,0,0,"PRESIDENT, ALL INDIA CONGRESS COMMITTEE"
22,2630,2607,0,0,"PRESIDENT, ALL INDIA CONGRESS COMMITTEE"
22,2630,2611,0,0,"PRESIDENT, ALL INDIA CONGRESS COMMITTEE"
22,2630,2624,0,0,"PRESIDENT, ALL INDIA CONGRESS COMMITTEE"
22,2630,2654,0,0,"PRESIDENT, ALL INDIA CONGRESS COMMITTEE"
22,2630,2655,0,0,"PRESIDENT, ALL INDIA CONGRESS COMMITTEE"
23,2630,1929,0,10000000,"PRESIDENT, ALL INDIA CONGRESS COMMITTEE"
23,2630,1962,0,0,"PRESIDENT, ALL INDIA CONGRESS COMMITTEE"
23,2630,1966,0,0,"PRESIDENT, ALL INDIA CONGRESS COMMITTEE"
23,2630,1971,0,0,"PRESIDENT, ALL INDIA CONGRESS COMMITTEE"
23,2630,1984,0,0,"PRESIDENT, ALL INDIA CONGRESS COMMITTEE"
23,2630,1986,0,0,"PRESIDENT, ALL INDIA CONGRESS COMMITTEE"
23,2630,2030,0,0,"PRESIDENT, ALL INDIA CONGRESS COMMITTEE"
23,2630,2037,0,0,"PRESIDENT, ALL INDIA CONGRESS COMMITTEE"
23,2630,2073,0,0,"PRESIDENT, ALL INDIA CONGRESS COMMITTEE"
23,2630,2074,0,0,"PRESIDENT, ALL INDIA CONGRESS COMMITTEE"
23,2630,2083,0,0,"PRESIDENT, ALL INDIA CONGRESS COMMITTEE"
23,2630,2088,0,0,"PRESIDENT, ALL INDIA CONGRESS COMMITTEE"
23,2630,2090,0,0,"PRESIDENT, ALL INDIA CONGRESS COMMITTEE"
23,2630,2095,0,0,"PRESIDENT, ALL INDIA CONGRESS COMMITTEE"
23,2630,2104,0,0,"PRESIDENT, ALL INDIA CONGRESS COMMITTEE"
23,2630,2118,0,0,"PRESIDENT, ALL INDIA CONGRESS COMMITTEE"
23,2630,2131,0,0,"PRESIDENT, ALL INDIA CONGRESS COMMITTEE"
23,2630,2139,0,0,"PRESIDENT, ALL INDIA CONGRESS COMMITTEE"
23,2630,2150,0,0,"PRESIDENT, ALL INDIA CONGRESS COMMITTEE"
23,2630,2165,0,0,"PRESIDENT, ALL INDIA CONGRESS COMMITTEE"
23,2630,2220,0,0,"PRESIDENT, ALL INDIA CONGRESS COMMITTEE"
23,2630,2240,0,55000000,"PRESIDENT, ALL INDIA CONGRESS COMMITTEE"
23,2630,2253,0,0,"PRESIDENT, ALL INDIA CONGRESS COMMITTEE"
23,2630,2261,0,0,"PRESIDENT, ALL INDIA CONGRESS COMMITTEE"
23,2630,2266,0,0,"PRESIDENT, ALL INDIA CONGRESS COMMITTEE"
23,2630,2271,0,0,"PRESIDENT, ALL INDIA CONGRESS COMMITTEE"
23,2630,2300,0,0,"PRESIDENT, ALL INDIA CONGRESS COMMITTEE"
23,2630,2306,0,0,"PRESIDENT, ALL INDIA CONGRESS COMMITTEE"
23,2630,2307,0,0,"PRESIDENT, ALL INDIA CONGRESS COMMITTEE"
23,2630,2309,0,0,"PRESIDENT, ALL INDIA CONGRESS COMMITTEE"
23,2630,2353,0,0,"PRESIDENT, ALL INDIA CONGRESS COMMITTEE"
23,2630,2356,0,0,"PRESIDENT, ALL INDIA CONGRESS COMMITTEE"
23,2630,2370,0,0,"PRESIDENT, ALL INDIA CONGRESS COMMITTEE"
23,2630,2386,0,0,"PRESIDENT, ALL INDIA CONGRESS COMMITTEE"
23,2630,2410,0,0,"PRESIDENT, ALL INDIA CONGRESS COMMITTEE"
23,2630,2430,0,0,"PRESIDENT, ALL INDIA CONGRESS COMMITTEE"
23,2630,2446,0,0,"PRESIDENT, ALL INDIA CONGRESS COMMITTEE"
23,2630,2460,0,0,"PRESIDENT, ALL INDIA CONGRESS COMMITTEE"
23,2630,2464,0,0,"PRESIDENT, ALL INDIA CONGRESS COMMITTEE"
23,2630,2468,0,0,"PRESIDENT, ALL INDIA CONGRESS COMMITTEE"
23,2630,2492,0,0,"PRESIDENT, ALL INDIA CONGRESS COMMITTEE"
23,2630,2495,0,0,"PRESIDENT, ALL INDIA CONGRESS COMMITTEE"
23,2630,2504,0,0,"PRESIDENT, ALL INDIA CONGRESS COMMITTEE"
23,2630,2526,0,0,"PRESIDENT, ALL INDIA CONGRESS COMMITTEE"
23,2630,2532,0,0,"PRESIDENT, ALL INDIA CONGRESS COMMITTEE"
23,2630,2536,0,0,"PRESIDENT, ALL INDIA CONGRESS COMMITTEE"
23,2630,2539,0,0,"PRESIDENT, ALL INDIA CONGRESS COMMITTEE"
23,2630,2550,0,0,"PRESIDENT, ALL INDIA CONGRESS COMMITTEE"
23,2630,2552,0,0,"PRESIDENT, ALL INDIA CONGRESS COMMITTEE"
23,2630,2556,0,0,"PRESIDENT, ALL INDIA CONGRESS COMMITTEE"
23,2630,2563,0,0,"PRESIDENT, ALL INDIA CONGRESS COMMITTEE"
23,2630,2564,0,0,"PRESIDENT, ALL INDIA CONGRESS COMMITTEE"
23,2630,2573,0,0,"PRESIDENT, ALL INDIA CONGRESS COMMITTEE"
23,2630,2575,0,0,"PRESIDENT, ALL INDIA CONGRESS COMMITTEE"
23,2630,2576,0,0,"PRESIDENT, ALL INDIA CONGRESS COMMITTEE"
23,2630,2579,0,0,"PRESIDENT, ALL INDIA CONGRESS COMMITTEE"
23,2630,2586,0,0,"PRESIDENT, ALL INDIA CONGRESS COMMITTEE"
23,2630,2590,0,0,"PRESIDENT, ALL INDIA CONGRESS COMMITTEE"
23,2630,2600,0,0,"PRESIDENT, ALL INDIA CONGRESS COMMITTEE"
23,2630,2601,0,0,"PRESIDENT, ALL INDIA CONGRESS COMMITTEE"
23,2630,2602,0,0,"PRESIDENT, ALL INDIA CONGRESS COMMITTEE"
23,2630,2604,0,0,"PRESIDENT, ALL INDIA CONGRESS COMMITTEE"
23,2630,2607,0,0,"PRESIDENT, ALL INDIA CONGRESS COMMITTEE"
23,2630,2611,0,0,"PRESIDENT, ALL INDIA CONGRESS COMMITTEE"
23,2630,2624,0,0,"PRESIDENT, ALL INDIA CONGRESS COMMITTEE"
23,2630,2654,0,0,"PRESIDENT, ALL INDIA CONGRESS COMMITTEE"
23,2630,2655,0,0,"PRESIDENT, ALL INDIA CONGRESS COMMITTEE"
25,2630,1929,0,0,"PRESIDENT, ALL INDIA CONGRESS COMMITTEE"
25,2630,1962,0,0,"PRESIDENT, ALL INDIA CONGRESS COMMITTEE"
25,2630,1966,0,0,"PRESIDENT, ALL INDIA CONGRESS COMMITTEE"
25,2630,1971,0,1500000,"PRESIDENT, ALL INDIA CONGRESS COMMITTEE"
25,2630,1984,0,0,"PRESIDENT, ALL INDIA CONGRESS COMMITTEE"
25,2630,1986,0,0,"PRESIDENT, ALL INDIA CONGRESS COMMITTEE"
25,2630,2030,0,0,"PRESIDENT, ALL INDIA CONGRESS COMMITTEE"
25,2630,2037,0,0,"PRESIDENT, ALL INDIA CONGRESS COMMITTEE"
25,2630,2073,0,0,"PRESIDENT, ALL INDIA CONGRESS COMMITTEE"
25,2630,2074,0,0,"PRESIDENT, ALL INDIA CONGRESS COMMITTEE"
25,2630,2083,0,0,"PRESIDENT, ALL INDIA CONGRESS COMMITTEE"
25,2630,2088,0,0,"PRESIDENT, ALL INDIA CONGRESS COMMITTEE"
25,2630,2090,0,0,"PRESIDENT, ALL INDIA CONGRESS COMMITTEE"
25,2630,2095,0,0,"PRESIDENT, ALL INDIA CONGRESS COMMITTEE"
25,2630,2104,0,0,"PRESIDENT, ALL INDIA CONGRESS COMMITTEE"
25,2630,2118,0,0,"PRESIDENT, ALL INDIA CONGRESS COMMITTEE"
25,2630,2131,0,0,"PRESIDENT, ALL INDIA CONGRESS COMMITTEE"
25,2630,2139,0,0,"PRESIDENT, ALL INDIA CONGRESS COMMITTEE"
25,2630,2150,0,0,"PRESIDENT, ALL INDIA CONGRESS COMMITTEE"
25,2630,2165,0,0,"PRESIDENT, ALL INDIA CONGRESS COMMITTEE"
25,2630,2220,0,0,"PRESIDENT, ALL INDIA CONGRESS COMMITTEE"
25,2630,2240,0,0,"PRESIDENT, ALL INDIA CONGRESS COMMITTEE"
25,2630,2253,0,0,"PRESIDENT, ALL INDIA CONGRESS COMMITTEE"
25,2630,2261,0,0,"PRESIDENT, ALL INDIA CONGRESS COMMITTEE"
25,2630,2266,0,0,"PRESIDENT, ALL INDIA CONGRESS COMMITTEE"
25,2630,2271,0,0,"PRESIDENT, ALL INDIA CONGRESS COMMITTEE"
25,2630,2300,0,0,"PRESIDENT, ALL INDIA CONGRESS COMMITTEE"
25,2630,2306,0,0,"PRESIDENT, ALL INDIA CONGRESS COMMITTEE"
25,2630,2307,0,0,"PRESIDENT, ALL INDIA CONGRESS COMMITTEE"
25,2630,2309,0,0,"PRESIDENT, ALL INDIA CONGRESS COMMITTEE"
25,2630,2353,0,0,"PRESIDENT, ALL INDIA CONGRESS COMMITTEE"
25,2630,2356,0,0,"PRESIDENT, ALL INDIA CONGRESS COMMITTEE"
25,2630,2370,0,0,"PRESIDENT, ALL INDIA CONGRESS COMMITTEE"
25,2630,2386,0,0,"PRESIDENT, ALL INDIA CONGRESS COMMITTEE"
25,2630,2410,0,0,"PRESIDENT, ALL INDIA CONGRESS COMMITTEE"
25,2630,2430,0,0,"PRESIDENT, ALL INDIA CONGRESS COMMITTEE"
25,2630,2446,0,0,"PRESIDENT, ALL INDIA CONGRESS COMMITTEE"
25,2630,2460,0,0,"PRESIDENT, ALL INDIA CONGRESS COMMITTEE"
25,2630,2464,0,0,"PRESIDENT, ALL INDIA CONGRESS COMMITTEE"
25,2630,2468,0,0,"PRESIDENT, ALL INDIA CONGRESS COMMITTEE"
25,2630,2492,0,0,"PRESIDENT, ALL INDIA CONGRESS COMMITTEE"
25,2630,2495,0,0,"PRESIDENT, ALL INDIA CONGRESS COMMITTEE"
25,2630,2504,0,0,"PRESIDENT, ALL INDIA CONGRESS COMMITTEE"
25,2630,2526,0,0,"PRESIDENT, ALL INDIA CONGRESS COMMITTEE"
25,2630,2532,0,0,"PRESIDENT, ALL INDIA CONGRESS COMMITTEE"
25,2630,2536,0,0,"PRESIDENT, ALL INDIA CONGRESS COMMITTEE"
25,2630,2539,0,0,"PRESIDENT, ALL INDIA CONGRESS COMMITTEE"
25,2630,2550,0,0,"PRESIDENT, ALL INDIA CONGRESS COMMITTEE"
25,2630,2552,0,0,"PRESIDENT, ALL INDIA CONGRESS COMMITTEE"
25,2630,2556,0,0,"PRESIDENT, ALL INDIA CONGRESS COMMITTEE"
25,2630,2563,0,0,"PRESIDENT, ALL INDIA CONGRESS COMMITTEE"
25,2630,2564,0,0,"PRESIDENT, ALL INDIA CONGRESS COMMITTEE"
25,2630,2573,0,0,"PRESIDENT, ALL INDIA CONGRESS COMMITTEE"
25,2630,2575,0,0,"PRESIDENT, ALL INDIA CONGRESS COMMITTEE"
25,2630,2576,0,0,"PRESIDENT, ALL INDIA CONGRESS COMMITTEE"
25,2630,2579,0,0,"PRESIDENT, ALL INDIA CONGRESS COMMITTEE"
25,2630,2586,0,0,"PRESIDENT, ALL INDIA CONGRESS COMMITTEE"
25,2630,2590,0,0,"PRESIDENT, ALL INDIA CONGRESS COMMITTEE"
25,2630,2600,0,0,"PRESIDENT, ALL INDIA CONGRESS COMMITTEE"
25,2630,2601,0,0,"PRESIDENT, ALL INDIA CONGRESS COMMITTEE"
25,2630,2602,0,0,"PRESIDENT, ALL INDIA CONGRESS COMMITTEE"
25,2630,2604,0,0,"PRESIDENT, ALL INDIA CONGRESS COMMITTEE"
25,2630,2607,0,0,"PRESIDENT, ALL INDIA CONGRESS COMMITTEE"
25,2630,2611,0,0,"PRESIDENT, ALL INDIA CONGRESS COMMITTEE"
25,2630,2624,0,0,"PRESIDENT, ALL INDIA CONGRESS COMMITTEE"
25,2630,2654,0,0,"PRESIDENT, ALL INDIA CONGRESS COMMITTEE"
25,2630,2655,0,0,"PRESIDENT, ALL INDIA CONGRESS COMMITTEE"
0,2630,1929,0,0,RASHTRIYA JANTA DAL
0,2630,1962,0,0,RASHTRIYA JANTA DAL
0,2630,1966,0,0,RASHTRIYA JANTA DAL
0,2630,1971,0,0,RASHTRIYA JANTA DAL
0,2630,1984,0,0,RASHTRIYA JANTA DAL
0,2630,1986,0,0,RASHTRIYA JANTA DAL
0,2630,2030,0,0,RASHTRIYA JANTA DAL
0,2630,2037,0,0,RASHTRIYA JANTA DAL
0,2630,2073,0,0,RASHTRIYA JANTA DAL
0,2630,2074,0,0,RASHTRIYA JANTA DAL
0,2630,2083,0,0,RASHTRIYA JANTA DAL
0,2630,2088,0,0,RASHTRIYA JANTA DAL
0,2630,2090,0,0,RASHTRIYA JANTA DAL
0,2630,2095,0,0,RASHTRIYA JANTA DAL
0,2630,2104,0,0,RASHTRIYA JANTA DAL
0,2630,2118,0,0,RASHTRIYA JANTA DAL
0,2630,2131,0,0,RASHTRIYA JANTA DAL
0,2630,2139,0,0,RASHTRIYA JANTA DAL
0,2630,2150,0,0,RASHTRIYA JANTA DAL
0,2630,2165,0,0,RASHTRIYA JANTA DAL
0,2630,2220,0,0,RASHTRIYA JANTA DAL
0,2630,2240,0,0,RASHTRIYA JANTA DAL
0,2630,2253,0,0,RASHTRIYA JANTA DAL
0,2630,2261,0,0,RASHTRIYA JANTA DAL
0,2630,2266,0,0,RASHTRIYA JANTA DAL
0,2630,2271,0,0,RASHTRIYA JANTA DAL
0,2630,2300,0,0,RASHTRIYA JANTA DAL
0,2630,2306,0,0,RASHTRIYA JANTA DAL
0,2630,2307,0,0,RASHTRIYA JANTA DAL
0,2630,2309,0,0,RASHTRIYA JANTA DAL
0,2630,2353,0,0,RASHTRIYA JANTA DAL
0,2630,2356,0,0,RASHTRIYA JANTA DAL
0,2630,2370,0,0,RASHTRIYA JANTA DAL
0,2630,2386,0,0,RASHTRIYA JANTA DAL
0,2630,2410,0,0,RASHTRIYA JANTA DAL
0,2630,2430,0,0,RASHTRIYA JANTA DAL
0,2630,2446,0,0,RASHTRIYA JANTA DAL
0,2630,2460,0,0,RASHTRIYA JANTA DAL
0,2630,2464,0,0,RASHTRIYA JANTA DAL
0,2630,2468,0,0,RASHTRIYA JANTA DAL
0,2630,2492,0,0,RASHTRIYA JANTA DAL
0,2630,2495,0,0,RASHTRIYA JANTA DAL
0,2630,2504,0,0,RASHTRIYA JANTA DAL
0,2630,2526,0,0,RASHTRIYA JANTA DAL
0,2630,2532,0,0,RASHTRIYA JANTA DAL
0,2630,2536,0,0,RASHTRIYA JANTA DAL
0,2630,2539,0,0,RASHTRIYA JANTA DAL
0,2630,2550,0,0,RASHTRIYA JANTA DAL
0,2630,2552,0,0,RASHTRIYA JANTA DAL
0,2630,2556,0,0,RASHTRIYA JANTA DAL
0,2630,2563,0,1000000,RASHTRIYA JANTA DAL
0,2630,2564,0,0,RASHTRIYA JANTA DAL
0,2630,2573,0,0,RASHTRIYA JANTA DAL
0,2630,2575,0,0,RASHTRIYA JANTA DAL
0,2630,2576,0,0,RASHTRIYA JANTA DAL
0,2630,2579,0,0,RASHTRIYA JANTA DAL
0,2630,2586,0,0,RASHTRIYA JANTA DAL
0,2630,2590,0,0,RASHTRIYA JANTA DAL
0,2630,2600,0,0,RASHTRIYA JANTA DAL
0,2630,2601,0,0,RASHTRIYA JANTA DAL
0,2630,2602,0,0,RASHTRIYA JANTA DAL
0,2630,2604,0,0,RASHTRIYA JANTA DAL
0,2630,2607,0,0,RASHTRIYA JANTA DAL
0,2630,2611,0,0,RASHTRIYA JANTA DAL
0,2630,2624,0,0,RASHTRIYA JANTA DAL
0,2630,2654,0,0,RASHTRIYA JANTA DAL
0,2630,2655,0,0,RASHTRIYA JANTA DAL
6,2630,1929,0,0,RASHTRIYA JANTA DAL
6,2630,1962,0,0,RASHTRIYA JANTA DAL
6,2630,1966,0,0,RASHTRIYA JANTA DAL
6,2630,1971,0,0,RASHTRIYA JANTA DAL
6,2630,1984,0,0,RASHTRIYA JANTA DAL
6,2630,1986,0,0,RASHTRIYA JANTA DAL
6,2630,2030,0,0,RASHTRIYA JANTA DAL
6,2630,2037,0,0,RASHTRIYA JANTA DAL
6,2630,2073,0,0,RASHTRIYA JANTA DAL
6,2630,2074,0,0,RASHTRIYA JANTA DAL
6,2630,2083,0,0,RASHTRIYA JANTA DAL
6,2630,2088,0,0,RASHTRIYA JANTA DAL
6,2630,2090,0,0,RASHTRIYA JANTA DAL
6,2630,2095,0,0,RASHTRIYA JANTA DAL
6,2630,2104,0,0,RASHTRIYA JANTA DAL
6,2630,2118,0,0,RASHTRIYA JANTA DAL
6,2630,2131,0,0,RASHTRIYA JANTA DAL
6,2630,2139,0,0,RASHTRIYA JANTA DAL
6,2630,2150,0,0,RASHTRIYA JANTA DAL
6,2630,2165,0,0,RASHTRIYA JANTA DAL
6,2630,2220,0,0,RASHTRIYA JANTA DAL
6,2630,2240,0,0,RASHTRIYA JANTA DAL
6,2630,2253,0,0,RASHTRIYA JANTA DAL
6,2630,2261,0,0,RASHTRIYA JANTA DAL
6,2630,2266,0,0,RASHTRIYA JANTA DAL
6,2630,2271,0,0,RASHTRIYA JANTA DAL
6,2630,2300,0,0,RASHTRIYA JANTA DAL
6,2630,2306,0,0,RASHTRIYA JANTA DAL
6,2630,2307,0,0,RASHTRIYA JANTA DAL
6,2630,2309,0,0,RASHTRIYA JANTA DAL
6,2630,2353,0,10000000,RASHTRIYA JANTA DAL
6,2630,2356,0,0,RASHTRIYA JANTA DAL
6,2630,2370,0,0,RASHTRIYA JANTA DAL
6,2630,2386,0,0,RASHTRIYA JANTA DAL
6,2630,2410,0,0,RASHTRIYA JANTA DAL
6,2630,2430,0,0,RASHTRIYA JANTA DAL
6,2630,2446,0,0,RASHTRIYA JANTA DAL
6,2630,2460,0,0,RASHTRIYA JANTA DAL
6,2630,2464,0,0,RASHTRIYA JANTA DAL
6,2630,2468,0,0,RASHTRIYA JANTA DAL
6,2630,2492,0,0,RASHTRIYA JANTA DAL
6,2630,2495,0,0,RASHTRIYA JANTA DAL
6,2630,2504,0,0,RASHTRIYA JANTA DAL
6,2630,2526,0,0,RASHTRIYA JANTA DAL
6,2630,2532,0,0,RASHTRIYA JANTA DAL
6,2630,2536,0,0,RASHTRIYA JANTA DAL
6,2630,2539,0,0,RASHTRIYA JANTA DAL
6,2630,2550,0,0,RASHTRIYA JANTA DAL
6,2630,2552,0,0,RASHTRIYA JANTA DAL
6,2630,2556,0,0,RASHTRIYA JANTA DAL
6,2630,2563,0,0,RASHTRIYA JANTA DAL
6,2630,2564,0,0,RASHTRIYA JANTA DAL
6,2630,2573,0,0,RASHTRIYA JANTA DAL
6,2630,2575,0,0,RASHTRIYA JANTA DAL
6,2630,2576,0,0,RASHTRIYA JANTA DAL
6,2630,2579,0,0,RASHTRIYA JANTA DAL
6,2630,2586,0,0,RASHTRIYA JANTA DAL
6,2630,2590,0,0,RASHTRIYA JANTA DAL
6,2630,2600,0,0,RASHTRIYA JANTA DAL
6,2630,2601,0,0,RASHTRIYA JANTA DAL
6,2630,2602,0,0,RASHTRIYA JANTA DAL
6,2630,2604,0,0,RASHTRIYA JANTA DAL
6,2630,2607,0,0,RASHTRIYA JANTA DAL
6,2630,2611,0,0,RASHTRIYA JANTA DAL
6,2630,2624,0,0,RASHTRIYA JANTA DAL
6,2630,2654,0,0,RASHTRIYA JANTA DAL
6,2630,2655,0,0,RASHTRIYA JANTA DAL
22,2630,1929,0,0,RASHTRIYA JANTA DAL
22,2630,1962,0,0,RASHTRIYA JANTA DAL
22,2630,1966,0,0,RASHTRIYA JANTA DAL
22,2630,1971,0,0,RASHTRIYA JANTA DAL
22,2630,1984,0,0,RASHTRIYA JANTA DAL
22,2630,1986,0,0,RASHTRIYA JANTA DAL
22,2630,2030,0,0,RASHTRIYA JANTA DAL
22,2630,2037,0,0,RASHTRIYA JANTA DAL
22,2630,2073,0,0,RASHTRIYA JANTA DAL
22,2630,2074,0,0,RASHTRIYA JANTA DAL
22,2630,2083,0,0,RASHTRIYA JANTA DAL
22,2630,2088,0,0,RASHTRIYA JANTA DAL
22,2630,2090,0,0,RASHTRIYA JANTA DAL
22,2630,2095,0,0,RASHTRIYA JANTA DAL
22,2630,2104,0,0,RASHTRIYA JANTA DAL
22,2630,2118,0,0,RASHTRIYA JANTA DAL
22,2630,2131,0,0,RASHTRIYA JANTA DAL
22,2630,2139,0,0,RASHTRIYA JANTA DAL
22,2630,2150,0,0,RASHTRIYA JANTA DAL
22,2630,2165,0,0,RASHTRIYA JANTA DAL
22,2630,2220,0,0,RASHTRIYA JANTA DAL
22,2630,2240,0,0,RASHTRIYA JANTA DAL
22,2630,2253,0,0,RASHTRIYA JANTA DAL
22,2630,2261,0,0,RASHTRIYA JANTA DAL
22,2630,2266,0,0,RASHTRIYA JANTA DAL
22,2630,2271,0,0,RASHTRIYA JANTA DAL
22,2630,2300,0,0,RASHTRIYA JANTA DAL
22,2630,2306,0,0,RASHTRIYA JANTA DAL
22,2630,2307,0,0,RASHTRIYA JANTA DAL
22,2630,2309,0,0,RASHTRIYA JANTA DAL
22,2630,2353,0,0,RASHTRIYA JANTA DAL
22,2630,2356,0,0,RASHTRIYA JANTA DAL
22,2630,2370,0,0,RASHTRIYA JANTA DAL
22,2630,2386,0,0,RASHTRIYA JANTA DAL
22,2630,2410,0,0,RASHTRIYA JANTA DAL
22,2630,2430,0,0,RASHTRIYA JANTA DAL
22,2630,2446,0,0,RASHTRIYA JANTA DAL
22,2630,2460,0,0,RASHTRIYA JANTA DAL
22,2630,2464,0,0,RASHTRIYA JANTA DAL
22,2630,2468,0,0,RASHTRIYA JANTA DAL
22,2630,2492,0,0,RASHTRIYA JANTA DAL
22,2630,2495,0,0,RASHTRIYA JANTA DAL
22,2630,2504,0,0,RASHTRIYA JANTA DAL
22,2630,2526,0,0,RASHTRIYA JANTA DAL
22,2630,2532,0,0,RASHTRIYA JANTA DAL
22,2630,2536,0,0,RASHTRIYA JANTA DAL
22,2630,2539,0,0,RASHTRIYA JANTA DAL
22,2630,2550,0,0,RASHTRIYA JANTA DAL
22,2630,2552,0,0,RASHTRIYA JANTA DAL
22,2630,2556,0,0,RASHTRIYA JANTA DAL
22,2630,2563,0,0,RASHTRIYA JANTA DAL
22,2630,2564,0,0,RASHTRIYA JANTA DAL
22,2630,2573,0,0,RASHTRIYA JANTA DAL
22,2630,2575,0,0,RASHTRIYA JANTA DAL
22,2630,2576,0,0,RASHTRIYA JANTA DAL
22,2630,2579,0,0,RASHTRIYA JANTA DAL
22,2630,2586,0,0,RASHTRIYA JANTA DAL
22,2630,2590,0,0,RASHTRIYA JANTA DAL
22,2630,2600,0,0,RASHTRIYA JANTA DAL
22,2630,2601,0,0,RASHTRIYA JANTA DAL
22,2630,2602,0,0,RASHTRIYA JANTA DAL
22,2630,2604,0,0,RASHTRIYA JANTA DAL
22,2630,2607,0,0,RASHTRIYA JANTA DAL
22,2630,2611,0,0,RASHTRIYA JANTA DAL
22,2630,2624,0,12000000,RASHTRIYA JANTA DAL
22,2630,2654,0,0,RASHTRIYA JANTA DAL
22,2630,2655,0,0,RASHTRIYA JANTA DAL
1,2630,1929,0,0,SHIROMANI AKALI DAL
1,2630,1962,0,0,SHIROMANI AKALI DAL
1,2630,1966,0,0,SHIROMANI AKALI DAL
1,2630,1971,0,0,SHIROMANI AKALI DAL
1,2630,1984,0,0,SHIROMANI AKALI DAL
1,2630,1986,0,0,SHIROMANI AKALI DAL
1,2630,2030,0,0,SHIROMANI AKALI DAL
1,2630,2037,0,0,SHIROMANI AKALI DAL
1,2630,2073,0,0,SHIROMANI AKALI DAL
1,2630,2074,0,0,SHIROMANI AKALI DAL
1,2630,2083,0,0,SHIROMANI AKALI DAL
1,2630,2088,0,0,SHIROMANI AKALI DAL
1,2630,2090,0,0,SHIROMANI AKALI DAL
1,2630,2095,0,0,SHIROMANI AKALI DAL
1,2630,2104,0,0,SHIROMANI AKALI DAL
1,2630,2118,0,0,SHIROMANI AKALI DAL
1,2630,2131,0,0,SHIROMANI AKALI DAL
1,2630,2139,0,0,SHIROMANI AKALI DAL
1,2630,2150,0,0,SHIROMANI AKALI DAL
1,2630,2165,0,0,SHIROMANI AKALI DAL
1,2630,2220,0,0,SHIROMANI AKALI DAL
1,2630,2240,0,0,SHIROMANI AKALI DAL
1,2630,2253,0,5000000,SHIROMANI AKALI DAL
1,2630,2261,0,0,SHIROMANI AKALI DAL
1,2630,2266,0,0,SHIROMANI AKALI DAL
1,2630,2271,0,0,SHIROMANI AKALI DAL
1,2630,2300,0,0,SHIROMANI AKALI DAL
1,2630,2306,0,0,SHIROMANI AKALI DAL
1,2630,2307,0,0,SHIROMANI AKALI DAL
1,2630,2309,0,0,SHIROMANI AKALI DAL
1,2630,2353,0,0,SHIROMANI AKALI DAL
1,2630,2356,0,0,SHIROMANI AKALI DAL
1,2630,2370,0,0,SHIROMANI AKALI DAL
1,2630,2386,0,0,SHIROMANI AKALI DAL
1,2630,2410,0,0,SHIROMANI AKALI DAL
1,2630,2430,0,0,SHIROMANI AKALI DAL
1,2630,2446,0,0,SHIROMANI AKALI DAL
1,2630,2460,0,0,SHIROMANI AKALI DAL
1,2630,2464,0,0,SHIROMANI AKALI DAL
1,2630,2468,0,0,SHIROMANI AKALI DAL
1,2630,2492,0,0,SHIROMANI AKALI DAL
1,2630,2495,0,0,SHIROMANI AKALI DAL
1,2630,2504,0,0,SHIROMANI AKALI DAL
1,2630,2526,0,0,SHIROMANI AKALI DAL
1,2630,2532,0,0,SHIROMANI AKALI DAL
1,2630,2536,0,0,SHIROMANI AKALI DAL
1,2630,2539,0,0,SHIROMANI AKALI DAL
1,2630,2550,0,0,SHIROMANI AKALI DAL
1,2630,2552,0,0,SHIROMANI AKALI DAL
1,2630,2556,0,0,SHIROMANI AKALI DAL
1,2630,2563,0,0,SHIROMANI AKALI DAL
1,2630,2564,0,0,SHIROMANI AKALI DAL
1,2630,2573,0,0,SHIROMANI AKALI DAL
1,2630,2575,0,0,SHIROMANI AKALI DAL
1,2630,2576,0,0,SHIROMANI AKALI DAL
1,2630,2579,0,0,SHIROMANI AKALI DAL
1,2630,2586,0,0,SHIROMANI AKALI DAL
1,2630,2590,0,0,SHIROMANI AKALI DAL
1,2630,2600,0,0,SHIROMANI AKALI DAL
1,2630,2601,0,0,SHIROMANI AKALI DAL
1,2630,2602,0,0,SHIROMANI AKALI DAL
1,2630,2604,0,0,SHIROMANI AKALI DAL
1,2630,2607,0,0,SHIROMANI AKALI DAL
1,2630,2611,0,0,SHIROMANI AKALI DAL
1,2630,2624,0,0,SHIROMANI AKALI DAL
1,2630,2654,0,0,SHIROMANI AKALI DAL
1,2630,2655,0,0,SHIROMANI AKALI DAL
22,2630,1929,0,0,TELUGU DESAM PARTY
22,2630,1962,0,0,TELUGU DESAM PARTY
22,2630,1966,0,0,TELUGU DESAM PARTY
22,2630,1971,0,0,TELUGU DESAM PARTY
22,2630,1984,0,0,TELUGU DESAM PARTY
22,2630,1986,0,0,TELUGU DESAM PARTY
22,2630,2030,0,0,TELUGU DESAM PARTY
22,2630,2037,0,0,TELUGU DESAM PARTY
22,2630,2073,0,0,TELUGU DESAM PARTY
22,2630,2074,0,0,TELUGU DESAM PARTY
22,2630,2083,0,2500000,TELUGU DESAM PARTY
22,2630,2088,0,0,TELUGU DESAM PARTY
22,2630,2090,0,0,TELUGU DESAM PARTY
22,2630,2095,0,0,TELUGU DESAM PARTY
22,2630,2104,0,0,TELUGU DESAM PARTY
22,2630,2118,0,0,TELUGU DESAM PARTY
22,2630,2131,0,0,TELUGU DESAM PARTY
22,2630,2139,0,0,TELUGU DESAM PARTY
22,2630,2150,0,0,TELUGU DESAM PARTY
22,2630,2165,0,0,TELUGU DESAM PARTY
22,2630,2220,0,0,TELUGU DESAM PARTY
22,2630,2240,0,0,TELUGU DESAM PARTY
22,2630,2253,0,0,TELUGU DESAM PARTY
22,2630,2261,0,0,TELUGU DESAM PARTY
22,2630,2266,0,0,TELUGU DESAM PARTY
22,2630,2271,0,0,TELUGU DESAM PARTY
22,2630,2300,0,0,TELUGU DESAM PARTY
22,2630,2306,0,0,TELUGU DESAM PARTY
22,2630,2307,0,0,TELUGU DESAM PARTY
22,2630,2309,0,0,TELUGU DESAM PARTY
22,2630,2353,0,0,TELUGU DESAM PARTY
22,2630,2356,0,0,TELUGU DESAM PARTY
22,2630,2370,0,0,TELUGU DESAM PARTY
22,2630,2386,0,0,TELUGU DESAM PARTY
22,2630,2410,0,0,TELUGU DESAM PARTY
22,2630,2430,0,0,TELUGU DESAM PARTY
22,2630,2446,0,0,TELUGU DESAM PARTY
22,2630,2460,0,0,TELUGU DESAM PARTY
22,2630,2464,0,0,TELUGU DESAM PARTY
22,2630,2468,0,0,TELUGU DESAM PARTY
22,2630,2492,0,0,TELUGU DESAM PARTY
22,2630,2495,0,0,TELUGU DESAM PARTY
22,2630,2504,0,0,TELUGU DESAM PARTY
22,2630,2526,0,0,TELUGU DESAM PARTY
22,2630,2532,0,0,TELUGU DESAM PARTY
22,2630,2536,0,0,TELUGU DESAM PARTY
22,2630,2539,0,0,TELUGU DESAM PARTY
22,2630,2550,0,0,TELUGU DESAM PARTY
22,2630,2552,0,0,TELUGU DESAM PARTY
22,2630,2556,0,0,TELUGU DESAM PARTY
22,2630,2563,0,0,TELUGU DESAM PARTY
22,2630,2564,0,0,TELUGU DESAM PARTY
22,2630,2573,0,0,TELUGU DESAM PARTY
22,2630,2575,0,0,TELUGU DESAM PARTY
22,2630,2576,0,0,TELUGU DESAM PARTY
22,2630,2579,0,0,TELUGU DESAM PARTY
22,2630,2586,0,0,TELUGU DESAM PARTY
22,2630,2590,0,0,TELUGU DESAM PARTY
22,2630,2600,0,0,TELUGU DESAM PARTY
22,2630,2601,0,0,TELUGU DESAM PARTY
22,2630,2602,0,0,TELUGU DESAM PARTY
22,2630,2604,0,0,TELUGU DESAM PARTY
22,2630,2607,0,0,TELUGU DESAM PARTY
22,2630,2611,0,0,TELUGU DESAM PARTY
22,2630,2624,0,0,TELUGU DESAM PARTY
22,2630,2654,0,0,TELUGU DESAM PARTY
22,2630,2655,0,0,TELUGU DESAM PARTY
25,2630,1929,0,0,TELUGU DESAM PARTY
25,2630,1962,0,0,TELUGU DESAM PARTY
25,2630,1966,0,0,TELUGU DESAM PARTY
25,2630,1971,0,0,TELUGU DESAM PARTY
25,2630,1984,0,0,TELUGU DESAM PARTY
25,2630,1986,0,0,TELUGU DESAM PARTY
25,2630,2030,0,0,TELUGU DESAM PARTY
25,2630,2037,0,0,TELUGU DESAM PARTY
25,2630,2073,0,0,TELUGU DESAM PARTY
25,2630,2074,0,0,TELUGU DESAM PARTY
25,2630,2083,0,2000000,TELUGU DESAM PARTY
25,2630,2088,0,0,TELUGU DESAM PARTY
25,2630,2090,0,0,TELUGU DESAM PARTY
25,2630,2095,0,0,TELUGU DESAM PARTY
25,2630,2104,0,0,TELUGU DESAM PARTY
25,2630,2118,0,0,TELUGU DESAM PARTY
25,2630,2131,0,0,TELUGU DESAM PARTY
25,2630,2139,0,0,TELUGU DESAM PARTY
25,2630,2150,0,0,TELUGU DESAM PARTY
25,2630,2165,0,0,TELUGU DESAM PARTY
25,2630,2220,0,0,TELUGU DESAM PARTY
25,2630,2240,0,0,TELUGU DESAM PARTY
25,2630,2253,0,0,TELUGU DESAM PARTY
25,2630,2261,0,0,TELUGU DESAM PARTY
25,2630,2266,0,0,TELUGU DESAM PARTY
25,2630,2271,0,0,TELUGU DESAM PARTY
25,2630,2300,0,0,TELUGU DESAM PARTY
25,2630,2306,0,0,TELUGU DESAM PARTY
25,2630,2307,0,0,TELUGU DESAM PARTY
25,2630,2309,0,0,TELUGU DESAM PARTY
25,2630,2353,0,0,TELUGU DESAM PARTY
25,2630,2356,0,0,TELUGU DESAM PARTY
25,2630,2370,0,0,TELUGU DESAM PARTY
25,2630,2386,0,0,TELUGU DESAM PARTY
25,2630,2410,0,0,TELUGU DESAM PARTY
25,2630,2430,0,0,TELUGU DESAM PARTY
25,2630,2446,0,0,TELUGU DESAM PARTY
25,2630,2460,0,0,TELUGU DESAM PARTY
25,2630,2464,0,0,TELUGU DESAM PARTY
25,2630,2468,0,0,TELUGU DESAM PARTY
25,2630,2492,0,0,TELUGU DESAM PARTY
25,2630,2495,0,0,TELUGU DESAM PARTY
25,2630,2504,0,0,TELUGU DESAM PARTY
25,2630,2526,0,0,TELUGU DESAM PARTY
25,2630,2532,0,0,TELUGU DESAM PARTY
25,2630,2536,0,0,TELUGU DESAM PARTY
25,2630,2539,0,0,TELUGU DESAM PARTY
25,2630,2550,0,0,TELUGU DESAM PARTY
25,2630,2552,0,0,TELUGU DESAM PARTY
25,2630,2556,0,0,TELUGU DESAM PARTY
25,2630,2563,0,0,TELUGU DESAM PARTY
25,2630,2564,0,0,TELUGU DESAM PARTY
25,2630,2573,0,0,TELUGU DESAM PARTY
25,2630,2575,0,0,TELUGU DESAM PARTY
25,2630,2576,0,0,TELUGU DESAM PARTY
25,2630,2579,0,0,TELUGU DESAM PARTY
25,2630,2586,0,0,TELUGU DESAM PARTY
25,2630,2590,0,0,TELUGU DESAM PARTY
25,2630,2600,0,0,TELUGU DESAM PARTY
25,2630,2601,0,0,TELUGU DESAM PARTY
25,2630,2602,0,0,TELUGU DESAM PARTY
25,2630,2604,0,0,TELUGU DESAM PARTY
25,2630,2607,0,0,TELUGU DESAM PARTY
25,2630,2611,0,0,TELUGU DESAM PARTY
25,2630,2624,0,0,TELUGU DESAM PARTY
25,2630,2654,0,0,TELUGU DESAM PARTY
25,2630,2655,0,0,TELUGU DESAM PARTY
