Name of the Political Party,Prefix,Denominations,Journal Date,¶ÔÓ¦µÄlocal_node_id,Round
ALL INDIA TRINAMOOL CONGRESS,TL,1000000.0,2019-04-12,2970,0
ALL INDIA TRINAMOOL CONGRESS,TL,1000000.0,2019-04-12,2970,0
ALL INDIA TRINAMOOL CONGRESS,TL,1000000.0,2019-04-12,2342,0
ALL INDIA TRINAMOOL CONGRESS,TL,1000000.0,2019-04-12,2342,0
ALL INDIA TRINAMOOL CONGRESS,TL,1000000.0,2019-04-12,1012,0
ALL INDIA TRINAMOOL CONGRESS,TL,1000000.0,2019-04-12,1012,0
ALL INDIA TRINAMOOL CONGRESS,OL,100000.0,2019-04-12,2970,0
ALL INDIA TRINAMOOL CONGRESS,OL,100000.0,2019-04-12,2970,0
ALL INDIA TRINAMOOL CONGRESS,OL,100000.0,2019-04-12,2970,0
ALL INDIA TRINAMOOL CONGRESS,OL,100000.0,2019-04-12,2970,0
ALL INDIA TRINAMOOL CONGRESS,OL,100000.0,2019-04-12,2970,0
ALL INDIA TRINAMOOL CONGRESS,OL,100000.0,2019-04-12,2342,0
ALL INDIA TRINAMOOL CONGRESS,OL,100000.0,2019-04-12,2342,0
ALL INDIA TRINAMOOL CONGRESS,OL,100000.0,2019-04-12,2342,0
ALL INDIA TRINAMOOL CONGRESS,OL,100000.0,2019-04-12,2342,0
ALL INDIA TRINAMOOL CONGRESS,OL,100000.0,2019-04-12,2342,0
ALL INDIA TRINAMOOL CONGRESS,OL,100000.0,2019-04-12,1012,0
ALL INDIA TRINAMOOL CONGRESS,OL,100000.0,2019-04-12,1012,0
ALL INDIA TRINAMOOL CONGRESS,OL,100000.0,2019-04-12,1012,0
ALL INDIA TRINAMOOL CONGRESS,OL,100000.0,2019-04-12,1012,0
ALL INDIA TRINAMOOL CONGRESS,OL,100000.0,2019-04-12,1012,0
ALL INDIA TRINAMOOL CONGRESS,OC,10000000.0,2019-05-07,2253,1
ALL INDIA TRINAMOOL CONGRESS,OC,10000000.0,2019-05-07,2253,1
ALL INDIA TRINAMOOL CONGRESS,OC,10000000.0,2019-05-07,2253,1
ALL INDIA TRINAMOOL CONGRESS,OC,10000000.0,2019-05-07,2253,1
ALL INDIA TRINAMOOL CONGRESS,OC,10000000.0,2019-05-07,2253,1
ALL INDIA TRINAMOOL CONGRESS,OC,10000000.0,2019-05-07,950,1
ALL INDIA TRINAMOOL CONGRESS,OC,10000000.0,2019-05-07,950,1
ALL INDIA TRINAMOOL CONGRESS,OC,10000000.0,2019-05-07,950,1
ALL INDIA TRINAMOOL CONGRESS,OC,10000000.0,2019-05-07,950,1
ALL INDIA TRINAMOOL CONGRESS,OC,10000000.0,2019-05-07,2253,1
ALL INDIA TRINAMOOL CONGRESS,OC,10000000.0,2019-05-07,2253,1
ALL INDIA TRINAMOOL CONGRESS,OC,10000000.0,2019-05-07,2253,1
ALL INDIA TRINAMOOL CONGRESS,OC,10000000.0,2019-05-07,2253,1
ALL INDIA TRINAMOOL CONGRESS,OC,10000000.0,2019-05-07,2253,1
ALL INDIA TRINAMOOL CONGRESS,OC,10000000.0,2019-05-08,3,1
ALL INDIA TRINAMOOL CONGRESS,OC,10000000.0,2019-05-08,3,1
ALL INDIA TRINAMOOL CONGRESS,OC,10000000.0,2019-05-08,3,1
ALL INDIA TRINAMOOL CONGRESS,OC,10000000.0,2019-05-08,3,1
ALL INDIA TRINAMOOL CONGRESS,OC,10000000.0,2019-05-08,2253,1
ALL INDIA TRINAMOOL CONGRESS,OC,10000000.0,2019-05-08,2253,1
ALL INDIA TRINAMOOL CONGRESS,OC,10000000.0,2019-05-08,2253,1
ALL INDIA TRINAMOOL CONGRESS,OC,10000000.0,2019-05-08,2253,1
ALL INDIA TRINAMOOL CONGRESS,OC,10000000.0,2019-05-08,2253,1
ALL INDIA TRINAMOOL CONGRESS,OC,10000000.0,2019-05-08,2253,1
ALL INDIA TRINAMOOL CONGRESS,OC,10000000.0,2019-05-08,2253,1
ALL INDIA TRINAMOOL CONGRESS,OC,10000000.0,2019-05-08,2253,1
ALL INDIA TRINAMOOL CONGRESS,OC,10000000.0,2019-05-08,2253,1
ALL INDIA TRINAMOOL CONGRESS,OC,10000000.0,2019-05-08,2253,1
ALL INDIA TRINAMOOL CONGRESS,OC,10000000.0,2019-05-10,3810,1
ALL INDIA TRINAMOOL CONGRESS,TL,1000000.0,2019-05-07,950,1
ALL INDIA TRINAMOOL CONGRESS,TL,1000000.0,2019-05-07,950,1
ALL INDIA TRINAMOOL CONGRESS,TL,1000000.0,2019-05-07,950,1
ALL INDIA TRINAMOOL CONGRESS,TL,1000000.0,2019-05-07,950,1
ALL INDIA TRINAMOOL CONGRESS,TL,1000000.0,2019-05-07,950,1
ALL INDIA TRINAMOOL CONGRESS,TL,1000000.0,2019-05-07,950,1
ALL INDIA TRINAMOOL CONGRESS,TL,1000000.0,2019-05-07,950,1
ALL INDIA TRINAMOOL CONGRESS,TL,1000000.0,2019-05-07,950,1
ALL INDIA TRINAMOOL CONGRESS,TL,1000000.0,2019-05-07,950,1
ALL INDIA TRINAMOOL CONGRESS,TL,1000000.0,2019-05-07,950,1
ALL INDIA TRINAMOOL CONGRESS,TL,1000000.0,2019-05-07,3634,1
ALL INDIA TRINAMOOL CONGRESS,TL,1000000.0,2019-05-07,3634,1
ALL INDIA TRINAMOOL CONGRESS,TL,1000000.0,2019-05-07,3634,1
ALL INDIA TRINAMOOL CONGRESS,TL,1000000.0,2019-05-07,3634,1
ALL INDIA TRINAMOOL CONGRESS,TL,1000000.0,2019-05-07,3634,1
ALL INDIA TRINAMOOL CONGRESS,TL,1000000.0,2019-05-07,3634,1
ALL INDIA TRINAMOOL CONGRESS,TL,1000000.0,2019-05-07,3634,1
ALL INDIA TRINAMOOL CONGRESS,TL,1000000.0,2019-05-07,3634,1
ALL INDIA TRINAMOOL CONGRESS,TL,1000000.0,2019-05-07,3634,1
ALL INDIA TRINAMOOL CONGRESS,TL,1000000.0,2019-05-07,3634,1
ALL INDIA TRINAMOOL CONGRESS,TL,1000000.0,2019-05-07,723,1
ALL INDIA TRINAMOOL CONGRESS,TL,1000000.0,2019-05-07,723,1
ALL INDIA TRINAMOOL CONGRESS,TL,1000000.0,2019-05-07,723,1
ALL INDIA TRINAMOOL CONGRESS,TL,1000000.0,2019-05-07,723,1
ALL INDIA TRINAMOOL CONGRESS,TL,1000000.0,2019-05-07,723,1
ALL INDIA TRINAMOOL CONGRESS,TL,1000000.0,2019-05-07,723,1
ALL INDIA TRINAMOOL CONGRESS,TL,1000000.0,2019-05-07,723,1
ALL INDIA TRINAMOOL CONGRESS,TL,1000000.0,2019-05-07,723,1
ALL INDIA TRINAMOOL CONGRESS,TL,1000000.0,2019-05-07,723,1
ALL INDIA TRINAMOOL CONGRESS,TL,1000000.0,2019-05-07,723,1
ALL INDIA TRINAMOOL CONGRESS,TL,1000000.0,2019-05-08,3,1
ALL INDIA TRINAMOOL CONGRESS,TL,1000000.0,2019-05-08,3,1
ALL INDIA TRINAMOOL CONGRESS,TL,1000000.0,2019-05-08,3,1
ALL INDIA TRINAMOOL CONGRESS,TL,1000000.0,2019-05-08,3,1
ALL INDIA TRINAMOOL CONGRESS,TL,1000000.0,2019-05-08,3,1
ALL INDIA TRINAMOOL CONGRESS,TL,1000000.0,2019-05-08,3,1
ALL INDIA TRINAMOOL CONGRESS,TL,1000000.0,2019-05-08,3,1
ALL INDIA TRINAMOOL CONGRESS,TL,1000000.0,2019-05-08,3,1
ALL INDIA TRINAMOOL CONGRESS,TL,1000000.0,2019-05-08,3,1
ALL INDIA TRINAMOOL CONGRESS,OL,100000.0,2019-05-08,3,1
ALL INDIA TRINAMOOL CONGRESS,OL,100000.0,2019-05-08,3,1
ALL INDIA TRINAMOOL CONGRESS,OL,100000.0,2019-05-08,3,1
ALL INDIA TRINAMOOL CONGRESS,OL,100000.0,2019-05-08,3,1
ALL INDIA TRINAMOOL CONGRESS,OL,100000.0,2019-05-08,3,1
ALL INDIA TRINAMOOL CONGRESS,TT,10000.0,2019-05-08,3,1
ALL INDIA TRINAMOOL CONGRESS,TT,10000.0,2019-05-08,3,1
ALL INDIA TRINAMOOL CONGRESS,TT,10000.0,2019-05-08,3,1
ALL INDIA TRINAMOOL CONGRESS,TT,10000.0,2019-05-08,3,1
ALL INDIA TRINAMOOL CONGRESS,OT,1000.0,2019-05-08,3,1
ALL INDIA TRINAMOOL CONGRESS,OT,1000.0,2019-05-08,3,1
ALL INDIA TRINAMOOL CONGRESS,OT,1000.0,2019-05-08,3,1
ALL INDIA TRINAMOOL CONGRESS,OT,1000.0,2019-05-08,3,1
ALL INDIA TRINAMOOL CONGRESS,OT,1000.0,2019-05-08,3,1
ALL INDIA TRINAMOOL CONGRESS,OT,1000.0,2019-05-08,3,1
ALL INDIA TRINAMOOL CONGRESS,TL,1000000.0,2019-05-10,1421,1
ALL INDIA TRINAMOOL CONGRESS,TL,1000000.0,2019-05-10,1421,1
ALL INDIA TRINAMOOL CONGRESS,TL,1000000.0,2019-05-10,1421,1
ALL INDIA TRINAMOOL CONGRESS,TL,1000000.0,2019-05-10,1421,1
ALL INDIA TRINAMOOL CONGRESS,TL,1000000.0,2019-05-10,1421,1
ALL INDIA TRINAMOOL CONGRESS,TL,1000000.0,2019-05-10,1421,1
ALL INDIA TRINAMOOL CONGRESS,TL,1000000.0,2019-05-10,1421,1
ALL INDIA TRINAMOOL CONGRESS,TL,1000000.0,2019-05-10,1421,1
ALL INDIA TRINAMOOL CONGRESS,TL,1000000.0,2019-05-10,1421,1
ALL INDIA TRINAMOOL CONGRESS,TL,1000000.0,2019-05-10,1421,1
ALL INDIA TRINAMOOL CONGRESS,OC,10000000.0,2019-07-05,3965,2
ALL INDIA TRINAMOOL CONGRESS,OC,10000000.0,2019-07-05,3965,2
ALL INDIA TRINAMOOL CONGRESS,OC,10000000.0,2019-07-05,3965,2
ALL INDIA TRINAMOOL CONGRESS,OC,10000000.0,2019-07-05,3965,2
ALL INDIA TRINAMOOL CONGRESS,OC,10000000.0,2019-07-05,3965,2
ALL INDIA TRINAMOOL CONGRESS,OC,10000000.0,2019-07-08,1823,2
ALL INDIA TRINAMOOL CONGRESS,OC,10000000.0,2019-07-09,1068,2
ALL INDIA TRINAMOOL CONGRESS,OC,10000000.0,2019-07-09,1068,2
ALL INDIA TRINAMOOL CONGRESS,OC,10000000.0,2019-07-09,1068,2
ALL INDIA TRINAMOOL CONGRESS,OC,10000000.0,2019-07-09,1068,2
ALL INDIA TRINAMOOL CONGRESS,OC,10000000.0,2019-07-10,4089,2
ALL INDIA TRINAMOOL CONGRESS,TL,1000000.0,2019-07-05,478,2
ALL INDIA TRINAMOOL CONGRESS,TL,1000000.0,2019-07-05,478,2
ALL INDIA TRINAMOOL CONGRESS,TL,1000000.0,2019-07-05,478,2
ALL INDIA TRINAMOOL CONGRESS,TL,1000000.0,2019-07-05,478,2
ALL INDIA TRINAMOOL CONGRESS,TL,1000000.0,2019-07-05,3262,2
ALL INDIA TRINAMOOL CONGRESS,TL,1000000.0,2019-07-05,3262,2
ALL INDIA TRINAMOOL CONGRESS,TL,1000000.0,2019-07-05,3262,2
ALL INDIA TRINAMOOL CONGRESS,TL,1000000.0,2019-07-05,3262,2
ALL INDIA TRINAMOOL CONGRESS,TL,1000000.0,2019-07-05,140,2
ALL INDIA TRINAMOOL CONGRESS,TL,1000000.0,2019-07-05,140,2
ALL INDIA TRINAMOOL CONGRESS,TL,1000000.0,2019-07-05,3965,2
ALL INDIA TRINAMOOL CONGRESS,TL,1000000.0,2019-07-05,3965,2
ALL INDIA TRINAMOOL CONGRESS,TL,1000000.0,2019-07-05,3965,2
ALL INDIA TRINAMOOL CONGRESS,TL,1000000.0,2019-07-05,3965,2
ALL INDIA TRINAMOOL CONGRESS,TL,1000000.0,2019-07-05,3965,2
ALL INDIA TRINAMOOL CONGRESS,TL,1000000.0,2019-07-06,846,2
ALL INDIA TRINAMOOL CONGRESS,TL,1000000.0,2019-07-06,846,2
ALL INDIA TRINAMOOL CONGRESS,TL,1000000.0,2019-07-06,846,2
ALL INDIA TRINAMOOL CONGRESS,TL,1000000.0,2019-07-06,846,2
ALL INDIA TRINAMOOL CONGRESS,TL,1000000.0,2019-07-06,846,2
ALL INDIA TRINAMOOL CONGRESS,TL,1000000.0,2019-07-06,846,2
ALL INDIA TRINAMOOL CONGRESS,TL,1000000.0,2019-07-06,846,2
ALL INDIA TRINAMOOL CONGRESS,TL,1000000.0,2019-07-08,3577,2
ALL INDIA TRINAMOOL CONGRESS,TL,1000000.0,2019-07-08,3577,2
ALL INDIA TRINAMOOL CONGRESS,TL,1000000.0,2019-07-08,3577,2
ALL INDIA TRINAMOOL CONGRESS,TL,1000000.0,2019-07-08,2711,2
ALL INDIA TRINAMOOL CONGRESS,TL,1000000.0,2019-07-08,2711,2
ALL INDIA TRINAMOOL CONGRESS,TL,1000000.0,2019-07-08,2711,2
ALL INDIA TRINAMOOL CONGRESS,TL,1000000.0,2019-07-08,2167,2
ALL INDIA TRINAMOOL CONGRESS,TL,1000000.0,2019-07-08,2167,2
ALL INDIA TRINAMOOL CONGRESS,TL,1000000.0,2019-07-08,472,2
ALL INDIA TRINAMOOL CONGRESS,TL,1000000.0,2019-07-08,472,2
ALL INDIA TRINAMOOL CONGRESS,TL,1000000.0,2019-07-09,140,2
ALL INDIA TRINAMOOL CONGRESS,TL,1000000.0,2019-07-09,3663,2
ALL INDIA TRINAMOOL CONGRESS,TL,1000000.0,2019-07-09,3663,2
ALL INDIA TRINAMOOL CONGRESS,TL,1000000.0,2019-07-09,3663,2
ALL INDIA TRINAMOOL CONGRESS,TL,1000000.0,2019-07-09,3663,2
ALL INDIA TRINAMOOL CONGRESS,TL,1000000.0,2019-07-10,2697,2
ALL INDIA TRINAMOOL CONGRESS,TL,1000000.0,2019-07-10,2697,2
ALL INDIA TRINAMOOL CONGRESS,TL,1000000.0,2019-07-10,41,2
ALL INDIA TRINAMOOL CONGRESS,TL,1000000.0,2019-07-10,2016,2
ALL INDIA TRINAMOOL CONGRESS,TL,1000000.0,2019-07-10,2016,2
ALL INDIA TRINAMOOL CONGRESS,OL,100000.0,2019-07-10,2697,2
ALL INDIA TRINAMOOL CONGRESS,OL,100000.0,2019-07-10,2697,2
ALL INDIA TRINAMOOL CONGRESS,OL,100000.0,2019-07-10,2697,2
ALL INDIA TRINAMOOL CONGRESS,OL,100000.0,2019-07-10,2697,2
ALL INDIA TRINAMOOL CONGRESS,OL,100000.0,2019-07-10,2697,2
ALL INDIA TRINAMOOL CONGRESS,OL,100000.0,2019-07-10,41,2
ALL INDIA TRINAMOOL CONGRESS,OL,100000.0,2019-07-10,41,2
ALL INDIA TRINAMOOL CONGRESS,OL,100000.0,2019-07-10,41,2
ALL INDIA TRINAMOOL CONGRESS,OL,100000.0,2019-07-10,41,2
ALL INDIA TRINAMOOL CONGRESS,OL,100000.0,2019-07-10,41,2
ALL INDIA TRINAMOOL CONGRESS,OL,100000.0,2019-07-10,41,2
ALL INDIA TRINAMOOL CONGRESS,OL,100000.0,2019-07-10,41,2
ALL INDIA TRINAMOOL CONGRESS,OL,100000.0,2019-07-10,41,2
ALL INDIA TRINAMOOL CONGRESS,OL,100000.0,2019-07-10,2016,2
ALL INDIA TRINAMOOL CONGRESS,OL,100000.0,2019-07-10,2016,2
ALL INDIA TRINAMOOL CONGRESS,OL,100000.0,2019-07-10,2016,2
ALL INDIA TRINAMOOL CONGRESS,OL,100000.0,2019-07-10,2016,2
ALL INDIA TRINAMOOL CONGRESS,OL,100000.0,2019-07-10,2016,2
ALL INDIA TRINAMOOL CONGRESS,OC,10000000.0,2019-10-01,1068,3
ALL INDIA TRINAMOOL CONGRESS,OC,10000000.0,2019-10-01,1068,3
ALL INDIA TRINAMOOL CONGRESS,OC,10000000.0,2019-10-01,1068,3
ALL INDIA TRINAMOOL CONGRESS,OC,10000000.0,2019-10-01,1068,3
ALL INDIA TRINAMOOL CONGRESS,OC,10000000.0,2019-10-01,1068,3
ALL INDIA TRINAMOOL CONGRESS,OC,10000000.0,2019-10-01,1068,3
ALL INDIA TRINAMOOL CONGRESS,OC,10000000.0,2019-10-01,1068,3
ALL INDIA TRINAMOOL CONGRESS,OC,10000000.0,2019-10-01,1068,3
ALL INDIA TRINAMOOL CONGRESS,OC,10000000.0,2019-10-01,1068,3
ALL INDIA TRINAMOOL CONGRESS,OC,10000000.0,2019-10-01,1068,3
ALL INDIA TRINAMOOL CONGRESS,OC,10000000.0,2019-10-01,1068,3
ALL INDIA TRINAMOOL CONGRESS,OC,10000000.0,2019-10-01,1068,3
ALL INDIA TRINAMOOL CONGRESS,OC,10000000.0,2019-10-01,1068,3
ALL INDIA TRINAMOOL CONGRESS,OC,10000000.0,2019-10-01,1068,3
ALL INDIA TRINAMOOL CONGRESS,OC,10000000.0,2019-10-01,1068,3
ALL INDIA TRINAMOOL CONGRESS,OC,10000000.0,2019-10-01,1068,3
ALL INDIA TRINAMOOL CONGRESS,OC,10000000.0,2019-10-01,1068,3
ALL INDIA TRINAMOOL CONGRESS,OC,10000000.0,2019-10-01,1068,3
ALL INDIA TRINAMOOL CONGRESS,OC,10000000.0,2019-10-01,1068,3
ALL INDIA TRINAMOOL CONGRESS,OC,10000000.0,2019-10-01,1068,3
ALL INDIA TRINAMOOL CONGRESS,OC,10000000.0,2020-01-15,1471,4
ALL INDIA TRINAMOOL CONGRESS,OC,10000000.0,2020-01-16,1471,4
ALL INDIA TRINAMOOL CONGRESS,OC,10000000.0,2020-01-17,1471,4
ALL INDIA TRINAMOOL CONGRESS,OC,10000000.0,2020-01-18,2630,4
ALL INDIA TRINAMOOL CONGRESS,OC,10000000.0,2020-01-18,2630,4
ALL INDIA TRINAMOOL CONGRESS,OC,10000000.0,2020-01-18,2630,4
ALL INDIA TRINAMOOL CONGRESS,OC,10000000.0,2020-01-18,2630,4
ALL INDIA TRINAMOOL CONGRESS,OC,10000000.0,2020-01-18,2630,4
ALL INDIA TRINAMOOL CONGRESS,OC,10000000.0,2020-01-18,2630,4
ALL INDIA TRINAMOOL CONGRESS,OC,10000000.0,2020-01-18,1591,4
ALL INDIA TRINAMOOL CONGRESS,OC,10000000.0,2020-01-18,1591,4
ALL INDIA TRINAMOOL CONGRESS,TL,1000000.0,2020-01-15,1471,4
ALL INDIA TRINAMOOL CONGRESS,TL,1000000.0,2020-01-15,1471,4
ALL INDIA TRINAMOOL CONGRESS,TL,1000000.0,2020-01-15,1471,4
ALL INDIA TRINAMOOL CONGRESS,TL,1000000.0,2020-01-15,1471,4
ALL INDIA TRINAMOOL CONGRESS,TL,1000000.0,2020-01-15,1471,4
ALL INDIA TRINAMOOL CONGRESS,TL,1000000.0,2020-01-16,1471,4
ALL INDIA TRINAMOOL CONGRESS,TL,1000000.0,2020-01-16,1471,4
ALL INDIA TRINAMOOL CONGRESS,TL,1000000.0,2020-01-16,1471,4
ALL INDIA TRINAMOOL CONGRESS,TL,1000000.0,2020-01-16,1471,4
ALL INDIA TRINAMOOL CONGRESS,TL,1000000.0,2020-01-16,1471,4
ALL INDIA TRINAMOOL CONGRESS,TL,1000000.0,2020-01-18,3114,4
ALL INDIA TRINAMOOL CONGRESS,TL,1000000.0,2020-01-18,3114,4
ALL INDIA TRINAMOOL CONGRESS,OL,100000.0,2020-01-18,2687,4
ALL INDIA TRINAMOOL CONGRESS,OL,100000.0,2020-01-18,2687,4
ALL INDIA TRINAMOOL CONGRESS,OL,100000.0,2020-01-18,200,4
ALL INDIA TRINAMOOL CONGRESS,OL,100000.0,2020-01-18,200,4
ALL INDIA TRINAMOOL CONGRESS,OL,100000.0,2020-01-18,200,4
ALL INDIA TRINAMOOL CONGRESS,OL,100000.0,2020-01-18,1984,4
ALL INDIA TRINAMOOL CONGRESS,OL,100000.0,2020-01-18,1984,4
ALL INDIA TRINAMOOL CONGRESS,OL,100000.0,2020-01-18,1984,4
ALL INDIA TRINAMOOL CONGRESS,OL,100000.0,2020-01-18,2510,4
ALL INDIA TRINAMOOL CONGRESS,OL,100000.0,2020-01-18,2510,4
ALL INDIA TRINAMOOL CONGRESS,OL,100000.0,2020-01-18,2510,4
ALL INDIA TRINAMOOL CONGRESS,OL,100000.0,2020-01-18,2510,4
ALL INDIA TRINAMOOL CONGRESS,OL,100000.0,2020-01-18,2510,4
ALL INDIA TRINAMOOL CONGRESS,OL,100000.0,2020-01-18,2510,4
ALL INDIA TRINAMOOL CONGRESS,OL,100000.0,2020-01-18,3771,4
ALL INDIA TRINAMOOL CONGRESS,OL,100000.0,2020-01-18,3771,4
ALL INDIA TRINAMOOL CONGRESS,OL,100000.0,2020-01-18,3771,4
ALL INDIA TRINAMOOL CONGRESS,OC,10000000.0,2020-10-19,2630,6
ALL INDIA TRINAMOOL CONGRESS,OC,10000000.0,2020-10-19,2630,6
ALL INDIA TRINAMOOL CONGRESS,OC,10000000.0,2020-10-19,2630,6
ALL INDIA TRINAMOOL CONGRESS,OC,10000000.0,2020-10-19,2630,6
ALL INDIA TRINAMOOL CONGRESS,OC,10000000.0,2020-10-19,2630,6
ALL INDIA TRINAMOOL CONGRESS,OC,10000000.0,2020-10-19,2630,6
ALL INDIA TRINAMOOL CONGRESS,OC,10000000.0,2020-10-19,2630,6
ALL INDIA TRINAMOOL CONGRESS,OC,10000000.0,2020-10-19,2630,6
ALL INDIA TRINAMOOL CONGRESS,OC,10000000.0,2020-10-19,2630,6
ALL INDIA TRINAMOOL CONGRESS,OC,10000000.0,2020-10-19,2630,6
ALL INDIA TRINAMOOL CONGRESS,OC,10000000.0,2020-10-19,2630,6
ALL INDIA TRINAMOOL CONGRESS,OC,10000000.0,2020-10-19,2630,6
ALL INDIA TRINAMOOL CONGRESS,OC,10000000.0,2020-10-19,2630,6
ALL INDIA TRINAMOOL CONGRESS,OC,10000000.0,2020-10-19,2630,6
ALL INDIA TRINAMOOL CONGRESS,OC,10000000.0,2020-10-19,2630,6
ALL INDIA TRINAMOOL CONGRESS,TL,1000000.0,2020-10-22,2150,6
ALL INDIA TRINAMOOL CONGRESS,TL,1000000.0,2020-10-22,2150,6
ALL INDIA TRINAMOOL CONGRESS,TL,1000000.0,2020-10-22,2150,6
ALL INDIA TRINAMOOL CONGRESS,TL,1000000.0,2020-10-22,2150,6
ALL INDIA TRINAMOOL CONGRESS,TL,1000000.0,2020-10-27,1228,6
ALL INDIA TRINAMOOL CONGRESS,TL,1000000.0,2020-10-27,1228,6
ALL INDIA TRINAMOOL CONGRESS,TL,1000000.0,2020-10-27,1228,6
ALL INDIA TRINAMOOL CONGRESS,TL,1000000.0,2020-10-27,1228,6
ALL INDIA TRINAMOOL CONGRESS,TL,1000000.0,2020-10-27,1228,6
ALL INDIA TRINAMOOL CONGRESS,TL,1000000.0,2020-10-27,1228,6
ALL INDIA TRINAMOOL CONGRESS,TL,1000000.0,2020-10-27,1228,6
ALL INDIA TRINAMOOL CONGRESS,TL,1000000.0,2020-10-27,1228,6
ALL INDIA TRINAMOOL CONGRESS,TL,1000000.0,2020-10-27,1228,6
ALL INDIA TRINAMOOL CONGRESS,TL,1000000.0,2020-10-27,1228,6
ALL INDIA TRINAMOOL CONGRESS,OC,10000000.0,2020-10-27,786,6
ALL INDIA TRINAMOOL CONGRESS,OC,10000000.0,2021-01-04,2630,8
ALL INDIA TRINAMOOL CONGRESS,OC,10000000.0,2021-01-04,2630,8
ALL INDIA TRINAMOOL CONGRESS,OC,10000000.0,2021-01-04,2630,8
ALL INDIA TRINAMOOL CONGRESS,OC,10000000.0,2021-01-04,2630,8
ALL INDIA TRINAMOOL CONGRESS,OC,10000000.0,2021-01-04,2630,8
ALL INDIA TRINAMOOL CONGRESS,OC,10000000.0,2021-01-04,2630,8
ALL INDIA TRINAMOOL CONGRESS,OC,10000000.0,2021-01-04,2630,8
ALL INDIA TRINAMOOL CONGRESS,OC,10000000.0,2021-01-04,2630,8
ALL INDIA TRINAMOOL CONGRESS,OC,10000000.0,2021-01-04,2630,8
ALL INDIA TRINAMOOL CONGRESS,OC,10000000.0,2021-01-04,2630,8
ALL INDIA TRINAMOOL CONGRESS,OC,10000000.0,2021-01-04,2630,8
ALL INDIA TRINAMOOL CONGRESS,OC,10000000.0,2021-01-04,2630,8
ALL INDIA TRINAMOOL CONGRESS,OC,10000000.0,2021-01-04,2630,8
ALL INDIA TRINAMOOL CONGRESS,OC,10000000.0,2021-01-04,2630,8
ALL INDIA TRINAMOOL CONGRESS,OC,10000000.0,2021-01-04,2630,8
ALL INDIA TRINAMOOL CONGRESS,OC,10000000.0,2021-01-04,2630,8
ALL INDIA TRINAMOOL CONGRESS,OC,10000000.0,2021-01-04,2630,8
ALL INDIA TRINAMOOL CONGRESS,OC,10000000.0,2021-01-04,2630,8
ALL INDIA TRINAMOOL CONGRESS,OC,10000000.0,2021-01-04,2630,8
ALL INDIA TRINAMOOL CONGRESS,OC,10000000.0,2021-01-04,2630,8
ALL INDIA TRINAMOOL CONGRESS,OC,10000000.0,2021-01-04,1591,8
ALL INDIA TRINAMOOL CONGRESS,OC,10000000.0,2021-01-04,1591,8
ALL INDIA TRINAMOOL CONGRESS,OC,10000000.0,2021-01-04,1591,8
ALL INDIA TRINAMOOL CONGRESS,OC,10000000.0,2021-01-04,1591,8
ALL INDIA TRINAMOOL CONGRESS,OC,10000000.0,2021-01-04,1591,8
ALL INDIA TRINAMOOL CONGRESS,TL,1000000.0,2021-01-07,1385,8
ALL INDIA TRINAMOOL CONGRESS,TL,1000000.0,2021-01-07,1385,8
ALL INDIA TRINAMOOL CONGRESS,TL,1000000.0,2021-01-07,1385,8
ALL INDIA TRINAMOOL CONGRESS,TL,1000000.0,2021-01-07,1385,8
ALL INDIA TRINAMOOL CONGRESS,TL,1000000.0,2021-01-07,1385,8
ALL INDIA TRINAMOOL CONGRESS,TL,1000000.0,2021-01-07,1669,8
ALL INDIA TRINAMOOL CONGRESS,TL,1000000.0,2021-01-07,1669,8
ALL INDIA TRINAMOOL CONGRESS,TL,1000000.0,2021-01-07,1669,8
ALL INDIA TRINAMOOL CONGRESS,TL,1000000.0,2021-01-07,1669,8
ALL INDIA TRINAMOOL CONGRESS,TL,1000000.0,2021-01-07,1669,8
ALL INDIA TRINAMOOL CONGRESS,OC,10000000.0,2021-04-03,3699,9
ALL INDIA TRINAMOOL CONGRESS,OC,10000000.0,2021-04-03,3699,9
ALL INDIA TRINAMOOL CONGRESS,OC,10000000.0,2021-04-03,3699,9
ALL INDIA TRINAMOOL CONGRESS,OC,10000000.0,2021-04-03,3699,9
ALL INDIA TRINAMOOL CONGRESS,OC,10000000.0,2021-04-03,3699,9
ALL INDIA TRINAMOOL CONGRESS,OC,10000000.0,2021-04-03,3699,9
ALL INDIA TRINAMOOL CONGRESS,OC,10000000.0,2021-04-03,3699,9
ALL INDIA TRINAMOOL CONGRESS,OC,10000000.0,2021-04-03,3699,9
ALL INDIA TRINAMOOL CONGRESS,OC,10000000.0,2021-04-03,3699,9
ALL INDIA TRINAMOOL CONGRESS,OC,10000000.0,2021-04-03,3699,9
ALL INDIA TRINAMOOL CONGRESS,OC,10000000.0,2021-04-06,3810,9
ALL INDIA TRINAMOOL CONGRESS,OC,10000000.0,2021-04-06,3810,9
ALL INDIA TRINAMOOL CONGRESS,OC,10000000.0,2021-04-06,677,9
ALL INDIA TRINAMOOL CONGRESS,OC,10000000.0,2021-04-06,677,9
ALL INDIA TRINAMOOL CONGRESS,OC,10000000.0,2021-04-06,677,9
ALL INDIA TRINAMOOL CONGRESS,OC,10000000.0,2021-04-06,677,9
ALL INDIA TRINAMOOL CONGRESS,OC,10000000.0,2021-04-06,677,9
ALL INDIA TRINAMOOL CONGRESS,OC,10000000.0,2021-04-06,677,9
ALL INDIA TRINAMOOL CONGRESS,OC,10000000.0,2021-04-06,677,9
ALL INDIA TRINAMOOL CONGRESS,OC,10000000.0,2021-04-07,677,9
ALL INDIA TRINAMOOL CONGRESS,OC,10000000.0,2021-04-07,677,9
ALL INDIA TRINAMOOL CONGRESS,OC,10000000.0,2021-04-07,677,9
ALL INDIA TRINAMOOL CONGRESS,OC,10000000.0,2021-04-07,677,9
ALL INDIA TRINAMOOL CONGRESS,OC,10000000.0,2021-04-07,677,9
ALL INDIA TRINAMOOL CONGRESS,OC,10000000.0,2021-04-07,677,9
ALL INDIA TRINAMOOL CONGRESS,OC,10000000.0,2021-04-07,677,9
ALL INDIA TRINAMOOL CONGRESS,OC,10000000.0,2021-04-07,3755,9
ALL INDIA TRINAMOOL CONGRESS,OC,10000000.0,2021-04-07,3755,9
ALL INDIA TRINAMOOL CONGRESS,OC,10000000.0,2021-04-07,3755,9
ALL INDIA TRINAMOOL CONGRESS,OC,10000000.0,2021-04-07,3755,9
ALL INDIA TRINAMOOL CONGRESS,OC,10000000.0,2021-04-07,3755,9
ALL INDIA TRINAMOOL CONGRESS,OC,10000000.0,2021-04-07,3755,9
ALL INDIA TRINAMOOL CONGRESS,OC,10000000.0,2021-04-07,3755,9
ALL INDIA TRINAMOOL CONGRESS,OC,10000000.0,2021-04-07,3755,9
ALL INDIA TRINAMOOL CONGRESS,OC,10000000.0,2021-04-07,3755,9
ALL INDIA TRINAMOOL CONGRESS,OC,10000000.0,2021-04-07,3755,9
ALL INDIA TRINAMOOL CONGRESS,OC,10000000.0,2021-04-07,3755,9
ALL INDIA TRINAMOOL CONGRESS,OC,10000000.0,2021-04-07,3755,9
ALL INDIA TRINAMOOL CONGRESS,OC,10000000.0,2021-04-07,3755,9
ALL INDIA TRINAMOOL CONGRESS,OC,10000000.0,2021-04-07,3755,9
ALL INDIA TRINAMOOL CONGRESS,OC,10000000.0,2021-04-07,3755,9
ALL INDIA TRINAMOOL CONGRESS,OC,10000000.0,2021-04-07,3755,9
ALL INDIA TRINAMOOL CONGRESS,OC,10000000.0,2021-04-08,1411,9
ALL INDIA TRINAMOOL CONGRESS,OC,10000000.0,2021-04-08,1411,9
ALL INDIA TRINAMOOL CONGRESS,OC,10000000.0,2021-04-09,3751,9
ALL INDIA TRINAMOOL CONGRESS,OC,10000000.0,2021-04-09,3751,9
ALL INDIA TRINAMOOL CONGRESS,TL,1000000.0,2021-04-06,1591,9
ALL INDIA TRINAMOOL CONGRESS,TL,1000000.0,2021-04-06,1591,9
ALL INDIA TRINAMOOL CONGRESS,TL,1000000.0,2021-04-06,1591,9
ALL INDIA TRINAMOOL CONGRESS,TL,1000000.0,2021-04-06,1591,9
ALL INDIA TRINAMOOL CONGRESS,TL,1000000.0,2021-04-06,1591,9
ALL INDIA TRINAMOOL CONGRESS,TL,1000000.0,2021-04-06,1591,9
ALL INDIA TRINAMOOL CONGRESS,TL,1000000.0,2021-04-06,1591,9
ALL INDIA TRINAMOOL CONGRESS,TL,1000000.0,2021-04-06,1591,9
ALL INDIA TRINAMOOL CONGRESS,TL,1000000.0,2021-04-06,1591,9
ALL INDIA TRINAMOOL CONGRESS,TL,1000000.0,2021-04-06,1591,9
ALL INDIA TRINAMOOL CONGRESS,TL,1000000.0,2021-04-07,1352,9
ALL INDIA TRINAMOOL CONGRESS,TL,1000000.0,2021-04-07,1352,9
ALL INDIA TRINAMOOL CONGRESS,TL,1000000.0,2021-04-07,1352,9
ALL INDIA TRINAMOOL CONGRESS,TL,1000000.0,2021-04-07,1352,9
ALL INDIA TRINAMOOL CONGRESS,TL,1000000.0,2021-04-07,1195,9
ALL INDIA TRINAMOOL CONGRESS,TL,1000000.0,2021-04-07,1195,9
ALL INDIA TRINAMOOL CONGRESS,TL,1000000.0,2021-04-07,1195,9
ALL INDIA TRINAMOOL CONGRESS,TL,1000000.0,2021-04-07,1195,9
ALL INDIA TRINAMOOL CONGRESS,TL,1000000.0,2021-04-07,1195,9
ALL INDIA TRINAMOOL CONGRESS,TL,1000000.0,2021-04-07,69,9
ALL INDIA TRINAMOOL CONGRESS,TL,1000000.0,2021-04-07,69,9
ALL INDIA TRINAMOOL CONGRESS,TL,1000000.0,2021-04-07,69,9
ALL INDIA TRINAMOOL CONGRESS,TL,1000000.0,2021-04-07,69,9
ALL INDIA TRINAMOOL CONGRESS,TL,1000000.0,2021-04-07,69,9
ALL INDIA TRINAMOOL CONGRESS,TL,1000000.0,2021-04-07,69,9
ALL INDIA TRINAMOOL CONGRESS,TL,1000000.0,2021-04-07,69,9
ALL INDIA TRINAMOOL CONGRESS,TL,1000000.0,2021-04-07,69,9
ALL INDIA TRINAMOOL CONGRESS,TL,1000000.0,2021-04-07,69,9
ALL INDIA TRINAMOOL CONGRESS,TL,1000000.0,2021-04-07,69,9
ALL INDIA TRINAMOOL CONGRESS,TL,1000000.0,2021-04-07,69,9
ALL INDIA TRINAMOOL CONGRESS,TL,1000000.0,2021-04-07,69,9
ALL INDIA TRINAMOOL CONGRESS,TL,1000000.0,2021-04-07,3755,9
ALL INDIA TRINAMOOL CONGRESS,TL,1000000.0,2021-04-07,3755,9
ALL INDIA TRINAMOOL CONGRESS,TL,1000000.0,2021-04-08,2031,9
ALL INDIA TRINAMOOL CONGRESS,TL,1000000.0,2021-04-08,1411,9
ALL INDIA TRINAMOOL CONGRESS,TL,1000000.0,2021-04-08,1411,9
ALL INDIA TRINAMOOL CONGRESS,TL,1000000.0,2021-04-08,1411,9
ALL INDIA TRINAMOOL CONGRESS,TL,1000000.0,2021-04-08,1411,9
ALL INDIA TRINAMOOL CONGRESS,TL,1000000.0,2021-04-08,1411,9
ALL INDIA TRINAMOOL CONGRESS,OL,100000.0,2021-04-07,69,9
ALL INDIA TRINAMOOL CONGRESS,OL,100000.0,2021-04-07,69,9
ALL INDIA TRINAMOOL CONGRESS,OL,100000.0,2021-04-07,69,9
ALL INDIA TRINAMOOL CONGRESS,OL,100000.0,2021-04-07,69,9
ALL INDIA TRINAMOOL CONGRESS,OL,100000.0,2021-04-07,69,9
ALL INDIA TRINAMOOL CONGRESS,OL,100000.0,2021-04-08,3771,9
ALL INDIA TRINAMOOL CONGRESS,OL,100000.0,2021-04-08,3771,9
ALL INDIA TRINAMOOL CONGRESS,OL,100000.0,2021-04-08,3771,9
ALL INDIA TRINAMOOL CONGRESS,OL,100000.0,2021-04-08,689,9
ALL INDIA TRINAMOOL CONGRESS,OL,100000.0,2021-04-08,689,9
ALL INDIA TRINAMOOL CONGRESS,OL,100000.0,2021-04-08,689,9
ALL INDIA TRINAMOOL CONGRESS,OL,100000.0,2021-04-08,689,9
ALL INDIA TRINAMOOL CONGRESS,OL,100000.0,2021-04-08,689,9
ALL INDIA TRINAMOOL CONGRESS,OL,100000.0,2021-04-08,2687,9
ALL INDIA TRINAMOOL CONGRESS,OL,100000.0,2021-04-08,2687,9
ALL INDIA TRINAMOOL CONGRESS,OL,100000.0,2021-04-08,2687,9
ALL INDIA TRINAMOOL CONGRESS,OL,100000.0,2021-04-08,200,9
ALL INDIA TRINAMOOL CONGRESS,OL,100000.0,2021-04-08,200,9
ALL INDIA TRINAMOOL CONGRESS,OL,100000.0,2021-04-08,200,9
ALL INDIA TRINAMOOL CONGRESS,OL,100000.0,2021-04-08,1984,9
ALL INDIA TRINAMOOL CONGRESS,OL,100000.0,2021-04-08,1984,9
ALL INDIA TRINAMOOL CONGRESS,OL,100000.0,2021-04-08,1984,9
ALL INDIA TRINAMOOL CONGRESS,OL,100000.0,2021-04-08,1127,9
ALL INDIA TRINAMOOL CONGRESS,OL,100000.0,2021-04-08,1127,9
ALL INDIA TRINAMOOL CONGRESS,OL,100000.0,2021-04-08,2510,9
ALL INDIA TRINAMOOL CONGRESS,OL,100000.0,2021-04-08,2510,9
ALL INDIA TRINAMOOL CONGRESS,OL,100000.0,2021-04-08,2510,9
ALL INDIA TRINAMOOL CONGRESS,OL,100000.0,2021-04-08,2510,9
ALL INDIA TRINAMOOL CONGRESS,OL,100000.0,2021-04-08,2510,9
ALL INDIA TRINAMOOL CONGRESS,OL,100000.0,2021-04-09,3114,9
ALL INDIA TRINAMOOL CONGRESS,OL,100000.0,2021-04-09,3114,9
ALL INDIA TRINAMOOL CONGRESS,OL,100000.0,2021-04-09,3114,9
ALL INDIA TRINAMOOL CONGRESS,OL,100000.0,2021-04-09,3114,9
ALL INDIA TRINAMOOL CONGRESS,OL,100000.0,2021-04-09,3114,9
ALL INDIA TRINAMOOL CONGRESS,OC,10000000.0,2021-04-09,3511,9
ALL INDIA TRINAMOOL CONGRESS,TL,1000000.0,2021-04-08,3465,9
ALL INDIA TRINAMOOL CONGRESS,TL,1000000.0,2021-04-08,3465,9
ALL INDIA TRINAMOOL CONGRESS,TL,1000000.0,2021-04-08,3465,9
ALL INDIA TRINAMOOL CONGRESS,TL,1000000.0,2021-04-08,3465,9
ALL INDIA TRINAMOOL CONGRESS,TL,1000000.0,2021-04-08,3465,9
ALL INDIA TRINAMOOL CONGRESS,TL,1000000.0,2021-04-08,3465,9
ALL INDIA TRINAMOOL CONGRESS,TL,1000000.0,2021-04-08,3465,9
ALL INDIA TRINAMOOL CONGRESS,TL,1000000.0,2021-04-08,3465,9
ALL INDIA TRINAMOOL CONGRESS,TL,1000000.0,2021-04-09,780,9
ALL INDIA TRINAMOOL CONGRESS,TL,1000000.0,2021-04-09,780,9
ALL INDIA TRINAMOOL CONGRESS,TL,1000000.0,2021-04-09,780,9
ALL INDIA TRINAMOOL CONGRESS,TL,1000000.0,2021-04-09,780,9
ALL INDIA TRINAMOOL CONGRESS,TL,1000000.0,2021-04-09,780,9
ALL INDIA TRINAMOOL CONGRESS,TL,1000000.0,2021-04-09,780,9
ALL INDIA TRINAMOOL CONGRESS,TL,1000000.0,2021-04-09,780,9
ALL INDIA TRINAMOOL CONGRESS,TL,1000000.0,2021-04-09,780,9
ALL INDIA TRINAMOOL CONGRESS,TL,1000000.0,2021-04-09,780,9
ALL INDIA TRINAMOOL CONGRESS,TL,1000000.0,2021-04-09,780,9
ALL INDIA TRINAMOOL CONGRESS,TL,1000000.0,2021-04-09,1466,9
ALL INDIA TRINAMOOL CONGRESS,TL,1000000.0,2021-04-09,1466,9
ALL INDIA TRINAMOOL CONGRESS,TL,1000000.0,2021-04-09,1466,9
ALL INDIA TRINAMOOL CONGRESS,TL,1000000.0,2021-04-09,1466,9
ALL INDIA TRINAMOOL CONGRESS,TL,1000000.0,2021-04-09,1466,9
ALL INDIA TRINAMOOL CONGRESS,TL,1000000.0,2021-04-09,3626,9
ALL INDIA TRINAMOOL CONGRESS,TL,1000000.0,2021-04-09,3626,9
ALL INDIA TRINAMOOL CONGRESS,TL,1000000.0,2021-04-09,3626,9
ALL INDIA TRINAMOOL CONGRESS,TL,1000000.0,2021-04-09,3626,9
ALL INDIA TRINAMOOL CONGRESS,TL,1000000.0,2021-04-09,3626,9
ALL INDIA TRINAMOOL CONGRESS,TL,1000000.0,2021-04-09,3626,9
ALL INDIA TRINAMOOL CONGRESS,TL,1000000.0,2021-04-09,3626,9
ALL INDIA TRINAMOOL CONGRESS,TL,1000000.0,2021-04-09,3626,9
ALL INDIA TRINAMOOL CONGRESS,TL,1000000.0,2021-04-09,3626,9
ALL INDIA TRINAMOOL CONGRESS,TL,1000000.0,2021-04-09,3626,9
ALL INDIA TRINAMOOL CONGRESS,TL,1000000.0,2021-04-09,3626,9
ALL INDIA TRINAMOOL CONGRESS,TL,1000000.0,2021-04-09,3626,9
ALL INDIA TRINAMOOL CONGRESS,TL,1000000.0,2021-04-09,3626,9
ALL INDIA TRINAMOOL CONGRESS,TL,1000000.0,2021-04-09,3626,9
ALL INDIA TRINAMOOL CONGRESS,TL,1000000.0,2021-04-09,3626,9
ALL INDIA TRINAMOOL CONGRESS,TL,1000000.0,2021-04-09,3626,9
ALL INDIA TRINAMOOL CONGRESS,OL,100000.0,2021-04-08,3465,9
ALL INDIA TRINAMOOL CONGRESS,OL,100000.0,2021-04-08,3465,9
ALL INDIA TRINAMOOL CONGRESS,OL,100000.0,2021-04-08,3465,9
ALL INDIA TRINAMOOL CONGRESS,OL,100000.0,2021-04-08,3465,9
ALL INDIA TRINAMOOL CONGRESS,OL,100000.0,2021-04-08,3465,9
ALL INDIA TRINAMOOL CONGRESS,OL,100000.0,2021-04-09,3626,9
ALL INDIA TRINAMOOL CONGRESS,OL,100000.0,2021-04-09,3626,9
ALL INDIA TRINAMOOL CONGRESS,OL,100000.0,2021-04-09,3626,9
ALL INDIA TRINAMOOL CONGRESS,OL,100000.0,2021-04-09,3626,9
ALL INDIA TRINAMOOL CONGRESS,OL,100000.0,2021-04-09,3626,9
ALL INDIA TRINAMOOL CONGRESS,TL,1000000.0,2021-04-09,3728,9
ALL INDIA TRINAMOOL CONGRESS,TL,1000000.0,2021-04-09,3728,9
ALL INDIA TRINAMOOL CONGRESS,TL,1000000.0,2021-07-03,1873,10
ALL INDIA TRINAMOOL CONGRESS,TL,1000000.0,2021-07-03,1873,10
ALL INDIA TRINAMOOL CONGRESS,TL,1000000.0,2021-07-03,1873,10
ALL INDIA TRINAMOOL CONGRESS,TL,1000000.0,2021-07-03,1873,10
ALL INDIA TRINAMOOL CONGRESS,TL,1000000.0,2021-07-03,1873,10
ALL INDIA TRINAMOOL CONGRESS,TL,1000000.0,2021-07-03,1873,10
ALL INDIA TRINAMOOL CONGRESS,TL,1000000.0,2021-07-03,1873,10
ALL INDIA TRINAMOOL CONGRESS,TL,1000000.0,2021-07-03,1873,10
ALL INDIA TRINAMOOL CONGRESS,TL,1000000.0,2021-07-03,1873,10
ALL INDIA TRINAMOOL CONGRESS,TL,1000000.0,2021-07-03,1873,10
ALL INDIA TRINAMOOL CONGRESS,TL,1000000.0,2021-07-03,1873,10
ALL INDIA TRINAMOOL CONGRESS,TL,1000000.0,2021-07-05,1930,10
ALL INDIA TRINAMOOL CONGRESS,TL,1000000.0,2021-07-05,1930,10
ALL INDIA TRINAMOOL CONGRESS,TL,1000000.0,2021-07-05,1930,10
ALL INDIA TRINAMOOL CONGRESS,TL,1000000.0,2021-07-05,1930,10
ALL INDIA TRINAMOOL CONGRESS,TL,1000000.0,2021-07-05,1930,10
ALL INDIA TRINAMOOL CONGRESS,TL,1000000.0,2021-07-05,1930,10
ALL INDIA TRINAMOOL CONGRESS,TL,1000000.0,2021-07-05,1930,10
ALL INDIA TRINAMOOL CONGRESS,TL,1000000.0,2021-07-05,1930,10
ALL INDIA TRINAMOOL CONGRESS,TL,1000000.0,2021-07-05,2250,10
ALL INDIA TRINAMOOL CONGRESS,TL,1000000.0,2021-07-05,2250,10
ALL INDIA TRINAMOOL CONGRESS,TL,1000000.0,2021-07-05,2250,10
ALL INDIA TRINAMOOL CONGRESS,TL,1000000.0,2021-07-05,2250,10
ALL INDIA TRINAMOOL CONGRESS,TL,1000000.0,2021-07-05,2250,10
ALL INDIA TRINAMOOL CONGRESS,TL,1000000.0,2021-07-05,2250,10
ALL INDIA TRINAMOOL CONGRESS,TL,1000000.0,2021-07-05,2250,10
ALL INDIA TRINAMOOL CONGRESS,OL,100000.0,2021-07-05,2250,10
ALL INDIA TRINAMOOL CONGRESS,OL,100000.0,2021-07-05,2250,10
ALL INDIA TRINAMOOL CONGRESS,OL,100000.0,2021-07-05,2250,10
ALL INDIA TRINAMOOL CONGRESS,OL,100000.0,2021-07-05,2250,10
ALL INDIA TRINAMOOL CONGRESS,OL,100000.0,2021-07-05,2250,10
ALL INDIA TRINAMOOL CONGRESS,OC,10000000.0,2021-07-03,3056,10
ALL INDIA TRINAMOOL CONGRESS,OC,10000000.0,2021-07-03,3056,10
ALL INDIA TRINAMOOL CONGRESS,OC,10000000.0,2021-07-03,3056,10
ALL INDIA TRINAMOOL CONGRESS,OC,10000000.0,2021-07-03,3056,10
ALL INDIA TRINAMOOL CONGRESS,OC,10000000.0,2021-07-03,3056,10
ALL INDIA TRINAMOOL CONGRESS,OC,10000000.0,2021-07-03,3056,10
ALL INDIA TRINAMOOL CONGRESS,OC,10000000.0,2021-07-05,3056,10
ALL INDIA TRINAMOOL CONGRESS,OC,10000000.0,2021-07-05,3056,10
ALL INDIA TRINAMOOL CONGRESS,OC,10000000.0,2021-07-06,3056,10
ALL INDIA TRINAMOOL CONGRESS,OC,10000000.0,2021-07-06,3056,10
ALL INDIA TRINAMOOL CONGRESS,OC,10000000.0,2021-07-06,3056,10
ALL INDIA TRINAMOOL CONGRESS,OC,10000000.0,2021-07-06,2630,10
ALL INDIA TRINAMOOL CONGRESS,OC,10000000.0,2021-07-06,2630,10
ALL INDIA TRINAMOOL CONGRESS,OC,10000000.0,2021-07-06,2630,10
ALL INDIA TRINAMOOL CONGRESS,OC,10000000.0,2021-07-06,2630,10
ALL INDIA TRINAMOOL CONGRESS,OC,10000000.0,2021-07-06,2630,10
ALL INDIA TRINAMOOL CONGRESS,OC,10000000.0,2021-07-07,1591,10
ALL INDIA TRINAMOOL CONGRESS,OC,10000000.0,2021-07-07,1591,10
ALL INDIA TRINAMOOL CONGRESS,OC,10000000.0,2021-07-07,1591,10
ALL INDIA TRINAMOOL CONGRESS,OC,10000000.0,2021-07-07,1591,10
ALL INDIA TRINAMOOL CONGRESS,OC,10000000.0,2021-07-07,1591,10
ALL INDIA TRINAMOOL CONGRESS,OC,10000000.0,2021-07-07,1629,10
ALL INDIA TRINAMOOL CONGRESS,OC,10000000.0,2021-07-07,1629,10
ALL INDIA TRINAMOOL CONGRESS,OC,10000000.0,2021-07-07,1629,10
ALL INDIA TRINAMOOL CONGRESS,OC,10000000.0,2021-07-07,1629,10
ALL INDIA TRINAMOOL CONGRESS,OC,10000000.0,2021-07-07,1629,10
ALL INDIA TRINAMOOL CONGRESS,OC,10000000.0,2021-07-07,1629,10
ALL INDIA TRINAMOOL CONGRESS,OC,10000000.0,2021-07-07,1629,10
ALL INDIA TRINAMOOL CONGRESS,OC,10000000.0,2021-07-07,1629,10
ALL INDIA TRINAMOOL CONGRESS,OC,10000000.0,2021-07-07,1629,10
ALL INDIA TRINAMOOL CONGRESS,OC,10000000.0,2021-07-07,1629,10
ALL INDIA TRINAMOOL CONGRESS,OC,10000000.0,2021-07-07,3852,10
ALL INDIA TRINAMOOL CONGRESS,OC,10000000.0,2021-07-07,786,10
ALL INDIA TRINAMOOL CONGRESS,OC,10000000.0,2021-07-07,786,10
ALL INDIA TRINAMOOL CONGRESS,OC,10000000.0,2021-07-07,786,10
ALL INDIA TRINAMOOL CONGRESS,OC,10000000.0,2021-07-07,786,10
ALL INDIA TRINAMOOL CONGRESS,OC,10000000.0,2021-07-07,786,10
ALL INDIA TRINAMOOL CONGRESS,OC,10000000.0,2021-07-07,786,10
ALL INDIA TRINAMOOL CONGRESS,OC,10000000.0,2021-07-07,786,10
ALL INDIA TRINAMOOL CONGRESS,OC,10000000.0,2021-07-07,786,10
ALL INDIA TRINAMOOL CONGRESS,OC,10000000.0,2021-07-07,786,10
ALL INDIA TRINAMOOL CONGRESS,OC,10000000.0,2021-07-07,786,10
ALL INDIA TRINAMOOL CONGRESS,OC,10000000.0,2021-07-07,786,10
ALL INDIA TRINAMOOL CONGRESS,OC,10000000.0,2021-07-07,786,10
ALL INDIA TRINAMOOL CONGRESS,OC,10000000.0,2021-07-07,786,10
ALL INDIA TRINAMOOL CONGRESS,OC,10000000.0,2021-07-07,786,10
ALL INDIA TRINAMOOL CONGRESS,OC,10000000.0,2021-07-07,786,10
ALL INDIA TRINAMOOL CONGRESS,OC,10000000.0,2021-07-07,786,10
ALL INDIA TRINAMOOL CONGRESS,OC,10000000.0,2021-07-07,786,10
ALL INDIA TRINAMOOL CONGRESS,OC,10000000.0,2021-07-07,786,10
ALL INDIA TRINAMOOL CONGRESS,OC,10000000.0,2021-07-07,786,10
ALL INDIA TRINAMOOL CONGRESS,OC,10000000.0,2021-07-07,786,10
ALL INDIA TRINAMOOL CONGRESS,OC,10000000.0,2021-07-07,786,10
ALL INDIA TRINAMOOL CONGRESS,OC,10000000.0,2021-07-07,786,10
ALL INDIA TRINAMOOL CONGRESS,OC,10000000.0,2021-07-07,786,10
ALL INDIA TRINAMOOL CONGRESS,OC,10000000.0,2021-07-07,786,10
ALL INDIA TRINAMOOL CONGRESS,OC,10000000.0,2021-07-07,786,10
ALL INDIA TRINAMOOL CONGRESS,OC,10000000.0,2021-07-07,786,10
ALL INDIA TRINAMOOL CONGRESS,OC,10000000.0,2021-07-07,786,10
ALL INDIA TRINAMOOL CONGRESS,OC,10000000.0,2021-07-07,786,10
ALL INDIA TRINAMOOL CONGRESS,OC,10000000.0,2021-07-07,786,10
ALL INDIA TRINAMOOL CONGRESS,OC,10000000.0,2021-07-08,1350,10
ALL INDIA TRINAMOOL CONGRESS,OC,10000000.0,2021-07-09,3056,10
ALL INDIA TRINAMOOL CONGRESS,OC,10000000.0,2021-07-09,3056,10
ALL INDIA TRINAMOOL CONGRESS,OC,10000000.0,2021-07-09,3056,10
ALL INDIA TRINAMOOL CONGRESS,OC,10000000.0,2021-07-09,3056,10
ALL INDIA TRINAMOOL CONGRESS,OC,10000000.0,2021-07-09,3056,10
ALL INDIA TRINAMOOL CONGRESS,OC,10000000.0,2021-07-09,3056,10
ALL INDIA TRINAMOOL CONGRESS,OC,10000000.0,2021-07-09,3056,10
ALL INDIA TRINAMOOL CONGRESS,OC,10000000.0,2021-07-09,3056,10
ALL INDIA TRINAMOOL CONGRESS,OC,10000000.0,2021-07-09,3056,10
ALL INDIA TRINAMOOL CONGRESS,OC,10000000.0,2021-07-09,3056,10
ALL INDIA TRINAMOOL CONGRESS,OC,10000000.0,2021-07-09,3966,10
ALL INDIA TRINAMOOL CONGRESS,OC,10000000.0,2021-07-09,3966,10
ALL INDIA TRINAMOOL CONGRESS,OC,10000000.0,2021-07-09,3966,10
ALL INDIA TRINAMOOL CONGRESS,OC,10000000.0,2021-07-09,3966,10
ALL INDIA TRINAMOOL CONGRESS,OC,10000000.0,2021-07-09,3966,10
ALL INDIA TRINAMOOL CONGRESS,OC,10000000.0,2021-07-09,3966,10
ALL INDIA TRINAMOOL CONGRESS,OC,10000000.0,2021-07-09,3966,10
ALL INDIA TRINAMOOL CONGRESS,OC,10000000.0,2021-07-09,4089,10
ALL INDIA TRINAMOOL CONGRESS,OC,10000000.0,2021-07-09,4089,10
ALL INDIA TRINAMOOL CONGRESS,TL,1000000.0,2021-07-02,1427,10
ALL INDIA TRINAMOOL CONGRESS,TL,1000000.0,2021-07-02,1427,10
ALL INDIA TRINAMOOL CONGRESS,TL,1000000.0,2021-07-02,1427,10
ALL INDIA TRINAMOOL CONGRESS,TL,1000000.0,2021-07-06,3465,10
ALL INDIA TRINAMOOL CONGRESS,TL,1000000.0,2021-07-06,3465,10
ALL INDIA TRINAMOOL CONGRESS,TL,1000000.0,2021-07-06,3465,10
ALL INDIA TRINAMOOL CONGRESS,TL,1000000.0,2021-07-06,3465,10
ALL INDIA TRINAMOOL CONGRESS,TL,1000000.0,2021-07-08,326,10
ALL INDIA TRINAMOOL CONGRESS,TL,1000000.0,2021-07-08,326,10
ALL INDIA TRINAMOOL CONGRESS,TL,1000000.0,2021-07-08,142,10
ALL INDIA TRINAMOOL CONGRESS,TL,1000000.0,2021-07-08,142,10
ALL INDIA TRINAMOOL CONGRESS,TL,1000000.0,2021-07-09,4139,10
ALL INDIA TRINAMOOL CONGRESS,TL,1000000.0,2021-07-09,1571,10
ALL INDIA TRINAMOOL CONGRESS,TL,1000000.0,2021-07-09,1151,10
ALL INDIA TRINAMOOL CONGRESS,TL,1000000.0,2021-07-09,1151,10
ALL INDIA TRINAMOOL CONGRESS,TL,1000000.0,2021-07-09,1151,10
ALL INDIA TRINAMOOL CONGRESS,TL,1000000.0,2021-07-09,1151,10
ALL INDIA TRINAMOOL CONGRESS,TL,1000000.0,2021-07-09,1151,10
ALL INDIA TRINAMOOL CONGRESS,TL,1000000.0,2021-07-09,1151,10
ALL INDIA TRINAMOOL CONGRESS,TL,1000000.0,2021-07-09,1151,10
ALL INDIA TRINAMOOL CONGRESS,TL,1000000.0,2021-07-09,1151,10
ALL INDIA TRINAMOOL CONGRESS,TL,1000000.0,2021-07-09,1151,10
ALL INDIA TRINAMOOL CONGRESS,TL,1000000.0,2021-07-09,3056,10
ALL INDIA TRINAMOOL CONGRESS,TL,1000000.0,2021-07-09,3056,10
ALL INDIA TRINAMOOL CONGRESS,TL,1000000.0,2021-07-09,3056,10
ALL INDIA TRINAMOOL CONGRESS,TL,1000000.0,2021-07-09,3056,10
ALL INDIA TRINAMOOL CONGRESS,TL,1000000.0,2021-07-09,3993,10
ALL INDIA TRINAMOOL CONGRESS,TL,1000000.0,2021-07-09,3993,10
ALL INDIA TRINAMOOL CONGRESS,OL,100000.0,2021-07-06,3465,10
ALL INDIA TRINAMOOL CONGRESS,OL,100000.0,2021-07-06,3465,10
ALL INDIA TRINAMOOL CONGRESS,OL,100000.0,2021-07-06,3465,10
ALL INDIA TRINAMOOL CONGRESS,OL,100000.0,2021-07-06,3465,10
ALL INDIA TRINAMOOL CONGRESS,OL,100000.0,2021-07-06,3465,10
ALL INDIA TRINAMOOL CONGRESS,OL,100000.0,2021-07-07,653,10
ALL INDIA TRINAMOOL CONGRESS,OL,100000.0,2021-07-07,653,10
ALL INDIA TRINAMOOL CONGRESS,OL,100000.0,2021-07-07,653,10
ALL INDIA TRINAMOOL CONGRESS,OL,100000.0,2021-07-07,653,10
ALL INDIA TRINAMOOL CONGRESS,OL,100000.0,2021-07-07,653,10
ALL INDIA TRINAMOOL CONGRESS,OL,100000.0,2021-07-07,653,10
ALL INDIA TRINAMOOL CONGRESS,OL,100000.0,2021-07-07,3187,10
ALL INDIA TRINAMOOL CONGRESS,OL,100000.0,2021-07-07,3187,10
ALL INDIA TRINAMOOL CONGRESS,OL,100000.0,2021-07-07,3187,10
ALL INDIA TRINAMOOL CONGRESS,OL,100000.0,2021-07-07,3187,10
ALL INDIA TRINAMOOL CONGRESS,OL,100000.0,2021-07-09,1151,10
ALL INDIA TRINAMOOL CONGRESS,OL,100000.0,2021-07-09,1151,10
ALL INDIA TRINAMOOL CONGRESS,OL,100000.0,2021-07-09,1151,10
ALL INDIA TRINAMOOL CONGRESS,OL,100000.0,2021-07-09,1151,10
ALL INDIA TRINAMOOL CONGRESS,OL,100000.0,2021-07-09,1151,10
ALL INDIA TRINAMOOL CONGRESS,OC,10000000.0,2021-07-06,2359,10
ALL INDIA TRINAMOOL CONGRESS,OC,10000000.0,2021-07-07,1574,10
ALL INDIA TRINAMOOL CONGRESS,OC,10000000.0,2021-07-07,1396,10
ALL INDIA TRINAMOOL CONGRESS,OC,10000000.0,2021-07-07,1396,10
ALL INDIA TRINAMOOL CONGRESS,TL,1000000.0,2021-07-06,3142,10
ALL INDIA TRINAMOOL CONGRESS,TL,1000000.0,2021-07-06,3142,10
ALL INDIA TRINAMOOL CONGRESS,TL,1000000.0,2021-07-06,3142,10
ALL INDIA TRINAMOOL CONGRESS,TL,1000000.0,2021-07-06,3142,10
ALL INDIA TRINAMOOL CONGRESS,TL,1000000.0,2021-07-06,3142,10
ALL INDIA TRINAMOOL CONGRESS,TL,1000000.0,2021-07-06,3142,10
ALL INDIA TRINAMOOL CONGRESS,TL,1000000.0,2021-07-06,3142,10
ALL INDIA TRINAMOOL CONGRESS,TL,1000000.0,2021-07-06,3142,10
ALL INDIA TRINAMOOL CONGRESS,TL,1000000.0,2021-07-06,3142,10
ALL INDIA TRINAMOOL CONGRESS,TL,1000000.0,2021-07-06,2536,10
ALL INDIA TRINAMOOL CONGRESS,TL,1000000.0,2021-07-06,2536,10
ALL INDIA TRINAMOOL CONGRESS,TL,1000000.0,2021-07-06,2536,10
ALL INDIA TRINAMOOL CONGRESS,TL,1000000.0,2021-07-06,1277,10
ALL INDIA TRINAMOOL CONGRESS,TL,1000000.0,2021-07-06,1277,10
ALL INDIA TRINAMOOL CONGRESS,TL,1000000.0,2021-07-06,1277,10
ALL INDIA TRINAMOOL CONGRESS,TL,1000000.0,2021-07-06,1277,10
ALL INDIA TRINAMOOL CONGRESS,TL,1000000.0,2021-07-06,1277,10
ALL INDIA TRINAMOOL CONGRESS,TL,1000000.0,2021-07-06,1277,10
ALL INDIA TRINAMOOL CONGRESS,TL,1000000.0,2021-07-06,1277,10
ALL INDIA TRINAMOOL CONGRESS,TL,1000000.0,2021-07-06,1277,10
ALL INDIA TRINAMOOL CONGRESS,TL,1000000.0,2021-07-06,1277,10
ALL INDIA TRINAMOOL CONGRESS,TL,1000000.0,2021-07-06,2359,10
ALL INDIA TRINAMOOL CONGRESS,TL,1000000.0,2021-07-06,2359,10
ALL INDIA TRINAMOOL CONGRESS,TL,1000000.0,2021-07-06,2359,10
ALL INDIA TRINAMOOL CONGRESS,TL,1000000.0,2021-07-06,2359,10
ALL INDIA TRINAMOOL CONGRESS,TL,1000000.0,2021-07-06,2359,10
ALL INDIA TRINAMOOL CONGRESS,TL,1000000.0,2021-07-07,2131,10
ALL INDIA TRINAMOOL CONGRESS,TL,1000000.0,2021-07-07,2131,10
ALL INDIA TRINAMOOL CONGRESS,TL,1000000.0,2021-07-07,2131,10
ALL INDIA TRINAMOOL CONGRESS,TL,1000000.0,2021-07-07,2131,10
ALL INDIA TRINAMOOL CONGRESS,TL,1000000.0,2021-07-07,3031,10
ALL INDIA TRINAMOOL CONGRESS,TL,1000000.0,2021-07-07,3031,10
ALL INDIA TRINAMOOL CONGRESS,TL,1000000.0,2021-07-07,3031,10
ALL INDIA TRINAMOOL CONGRESS,TL,1000000.0,2021-07-07,3031,10
ALL INDIA TRINAMOOL CONGRESS,TL,1000000.0,2021-07-07,1396,10
ALL INDIA TRINAMOOL CONGRESS,TL,1000000.0,2021-07-07,1396,10
ALL INDIA TRINAMOOL CONGRESS,TL,1000000.0,2021-07-07,1396,10
ALL INDIA TRINAMOOL CONGRESS,TL,1000000.0,2021-07-07,1396,10
ALL INDIA TRINAMOOL CONGRESS,TL,1000000.0,2021-07-07,1396,10
ALL INDIA TRINAMOOL CONGRESS,TL,1000000.0,2021-07-07,657,10
ALL INDIA TRINAMOOL CONGRESS,TL,1000000.0,2021-07-07,657,10
ALL INDIA TRINAMOOL CONGRESS,TL,1000000.0,2021-07-07,657,10
ALL INDIA TRINAMOOL CONGRESS,TL,1000000.0,2021-07-07,657,10
ALL INDIA TRINAMOOL CONGRESS,TL,1000000.0,2021-07-07,657,10
ALL INDIA TRINAMOOL CONGRESS,TL,1000000.0,2021-07-07,657,10
ALL INDIA TRINAMOOL CONGRESS,TL,1000000.0,2021-07-07,657,10
ALL INDIA TRINAMOOL CONGRESS,TL,1000000.0,2021-07-09,657,10
ALL INDIA TRINAMOOL CONGRESS,TL,1000000.0,2021-07-09,657,10
ALL INDIA TRINAMOOL CONGRESS,TL,1000000.0,2021-07-09,657,10
ALL INDIA TRINAMOOL CONGRESS,TL,1000000.0,2021-07-09,548,10
ALL INDIA TRINAMOOL CONGRESS,TL,1000000.0,2021-07-09,548,10
ALL INDIA TRINAMOOL CONGRESS,TL,1000000.0,2021-07-09,548,10
ALL INDIA TRINAMOOL CONGRESS,TL,1000000.0,2021-07-09,548,10
ALL INDIA TRINAMOOL CONGRESS,TL,1000000.0,2021-07-09,548,10
ALL INDIA TRINAMOOL CONGRESS,TL,1000000.0,2021-07-09,548,10
ALL INDIA TRINAMOOL CONGRESS,OL,100000.0,2021-07-06,3142,10
ALL INDIA TRINAMOOL CONGRESS,OC,10000000.0,2021-07-06,3381,10
ALL INDIA TRINAMOOL CONGRESS,OC,10000000.0,2021-07-06,3381,10
ALL INDIA TRINAMOOL CONGRESS,OC,10000000.0,2021-07-07,227,10
ALL INDIA TRINAMOOL CONGRESS,TL,1000000.0,2021-07-06,3479,10
ALL INDIA TRINAMOOL CONGRESS,TL,1000000.0,2021-07-06,3479,10
ALL INDIA TRINAMOOL CONGRESS,TL,1000000.0,2021-07-06,3479,10
ALL INDIA TRINAMOOL CONGRESS,TL,1000000.0,2021-07-06,3479,10
ALL INDIA TRINAMOOL CONGRESS,TL,1000000.0,2021-07-06,369,10
ALL INDIA TRINAMOOL CONGRESS,TL,1000000.0,2021-07-06,369,10
ALL INDIA TRINAMOOL CONGRESS,TL,1000000.0,2021-07-06,1277,10
ALL INDIA TRINAMOOL CONGRESS,TL,1000000.0,2021-07-06,1277,10
ALL INDIA TRINAMOOL CONGRESS,TL,1000000.0,2021-07-06,1277,10
ALL INDIA TRINAMOOL CONGRESS,TL,1000000.0,2021-07-06,1427,10
ALL INDIA TRINAMOOL CONGRESS,TL,1000000.0,2021-07-06,1427,10
ALL INDIA TRINAMOOL CONGRESS,TL,1000000.0,2021-07-06,1427,10
ALL INDIA TRINAMOOL CONGRESS,TL,1000000.0,2021-07-06,1427,10
ALL INDIA TRINAMOOL CONGRESS,TL,1000000.0,2021-07-06,1427,10
ALL INDIA TRINAMOOL CONGRESS,TL,1000000.0,2021-07-06,2558,10
ALL INDIA TRINAMOOL CONGRESS,TL,1000000.0,2021-07-06,2558,10
ALL INDIA TRINAMOOL CONGRESS,TL,1000000.0,2021-07-06,2558,10
ALL INDIA TRINAMOOL CONGRESS,TL,1000000.0,2021-07-07,683,10
ALL INDIA TRINAMOOL CONGRESS,TL,1000000.0,2021-07-07,683,10
ALL INDIA TRINAMOOL CONGRESS,TL,1000000.0,2021-07-07,683,10
ALL INDIA TRINAMOOL CONGRESS,TL,1000000.0,2021-07-07,1930,10
ALL INDIA TRINAMOOL CONGRESS,TL,1000000.0,2021-07-07,1930,10
ALL INDIA TRINAMOOL CONGRESS,TL,1000000.0,2021-07-07,1930,10
ALL INDIA TRINAMOOL CONGRESS,TL,1000000.0,2021-07-07,1930,10
ALL INDIA TRINAMOOL CONGRESS,TL,1000000.0,2021-07-07,1930,10
ALL INDIA TRINAMOOL CONGRESS,TL,1000000.0,2021-07-07,3296,10
ALL INDIA TRINAMOOL CONGRESS,TL,1000000.0,2021-07-07,3296,10
ALL INDIA TRINAMOOL CONGRESS,TL,1000000.0,2021-07-07,3296,10
ALL INDIA TRINAMOOL CONGRESS,TL,1000000.0,2021-07-07,3296,10
ALL INDIA TRINAMOOL CONGRESS,TL,1000000.0,2021-07-07,3296,10
ALL INDIA TRINAMOOL CONGRESS,TL,1000000.0,2021-07-07,3296,10
ALL INDIA TRINAMOOL CONGRESS,TL,1000000.0,2021-07-07,3296,10
ALL INDIA TRINAMOOL CONGRESS,OL,100000.0,2021-07-06,369,10
ALL INDIA TRINAMOOL CONGRESS,OL,100000.0,2021-07-06,369,10
ALL INDIA TRINAMOOL CONGRESS,OL,100000.0,2021-07-06,369,10
ALL INDIA TRINAMOOL CONGRESS,OL,100000.0,2021-07-06,369,10
ALL INDIA TRINAMOOL CONGRESS,OL,100000.0,2021-07-06,1427,10
ALL INDIA TRINAMOOL CONGRESS,OL,100000.0,2021-07-06,1427,10
ALL INDIA TRINAMOOL CONGRESS,OL,100000.0,2021-07-06,1427,10
ALL INDIA TRINAMOOL CONGRESS,OL,100000.0,2021-07-06,1427,10
ALL INDIA TRINAMOOL CONGRESS,OL,100000.0,2021-07-06,1427,10
ALL INDIA TRINAMOOL CONGRESS,OL,100000.0,2021-07-06,2558,10
ALL INDIA TRINAMOOL CONGRESS,OL,100000.0,2021-07-06,2558,10
ALL INDIA TRINAMOOL CONGRESS,OL,100000.0,2021-07-06,2558,10
ALL INDIA TRINAMOOL CONGRESS,OL,100000.0,2021-07-06,2558,10
ALL INDIA TRINAMOOL CONGRESS,OL,100000.0,2021-07-07,683,10
ALL INDIA TRINAMOOL CONGRESS,OL,100000.0,2021-07-07,683,10
ALL INDIA TRINAMOOL CONGRESS,OL,100000.0,2021-07-07,683,10
ALL INDIA TRINAMOOL CONGRESS,OL,100000.0,2021-07-07,683,10
ALL INDIA TRINAMOOL CONGRESS,OL,100000.0,2021-07-07,683,10
ALL INDIA TRINAMOOL CONGRESS,OL,100000.0,2021-07-07,3296,10
ALL INDIA TRINAMOOL CONGRESS,OL,100000.0,2021-07-07,3296,10
ALL INDIA TRINAMOOL CONGRESS,OL,100000.0,2021-07-07,3296,10
ALL INDIA TRINAMOOL CONGRESS,OL,100000.0,2021-07-07,3296,10
ALL INDIA TRINAMOOL CONGRESS,OL,100000.0,2021-07-07,3296,10
ALL INDIA TRINAMOOL CONGRESS,OC,10000000.0,2021-07-08,2952,10
ALL INDIA TRINAMOOL CONGRESS,TL,1000000.0,2021-07-06,3559,10
ALL INDIA TRINAMOOL CONGRESS,TL,1000000.0,2021-07-07,651,10
ALL INDIA TRINAMOOL CONGRESS,TL,1000000.0,2021-07-07,651,10
ALL INDIA TRINAMOOL CONGRESS,TL,1000000.0,2021-07-07,651,10
ALL INDIA TRINAMOOL CONGRESS,TL,1000000.0,2021-07-07,651,10
ALL INDIA TRINAMOOL CONGRESS,TL,1000000.0,2021-07-07,651,10
ALL INDIA TRINAMOOL CONGRESS,TL,1000000.0,2021-07-07,651,10
ALL INDIA TRINAMOOL CONGRESS,TL,1000000.0,2021-07-07,651,10
ALL INDIA TRINAMOOL CONGRESS,TL,1000000.0,2021-07-08,3867,10
ALL INDIA TRINAMOOL CONGRESS,TL,1000000.0,2021-07-08,3867,10
ALL INDIA TRINAMOOL CONGRESS,TL,1000000.0,2021-07-08,3867,10
ALL INDIA TRINAMOOL CONGRESS,TL,1000000.0,2021-07-08,3867,10
ALL INDIA TRINAMOOL CONGRESS,TL,1000000.0,2021-07-08,3867,10
ALL INDIA TRINAMOOL CONGRESS,TL,1000000.0,2021-07-08,3867,10
ALL INDIA TRINAMOOL CONGRESS,TL,1000000.0,2021-07-08,3867,10
ALL INDIA TRINAMOOL CONGRESS,TL,1000000.0,2021-07-08,2952,10
ALL INDIA TRINAMOOL CONGRESS,TL,1000000.0,2021-07-08,2952,10
ALL INDIA TRINAMOOL CONGRESS,TL,1000000.0,2021-07-08,2952,10
ALL INDIA TRINAMOOL CONGRESS,TL,1000000.0,2021-07-08,2952,10
ALL INDIA TRINAMOOL CONGRESS,TL,1000000.0,2021-07-08,2952,10
ALL INDIA TRINAMOOL CONGRESS,TL,1000000.0,2021-07-08,3559,10
ALL INDIA TRINAMOOL CONGRESS,TL,1000000.0,2021-07-09,1873,10
ALL INDIA TRINAMOOL CONGRESS,TL,1000000.0,2021-07-09,1873,10
ALL INDIA TRINAMOOL CONGRESS,TL,1000000.0,2021-07-09,1873,10
ALL INDIA TRINAMOOL CONGRESS,TL,1000000.0,2021-07-09,1873,10
ALL INDIA TRINAMOOL CONGRESS,TL,1000000.0,2021-07-09,1873,10
ALL INDIA TRINAMOOL CONGRESS,TL,1000000.0,2021-07-09,1873,10
ALL INDIA TRINAMOOL CONGRESS,TL,1000000.0,2021-07-09,1873,10
ALL INDIA TRINAMOOL CONGRESS,OL,100000.0,2021-07-06,3559,10
ALL INDIA TRINAMOOL CONGRESS,OL,100000.0,2021-07-08,3867,10
ALL INDIA TRINAMOOL CONGRESS,OL,100000.0,2021-07-08,3867,10
ALL INDIA TRINAMOOL CONGRESS,OL,100000.0,2021-07-08,3867,10
ALL INDIA TRINAMOOL CONGRESS,OL,100000.0,2021-07-08,3867,10
ALL INDIA TRINAMOOL CONGRESS,OL,100000.0,2021-07-08,3867,10
ALL INDIA TRINAMOOL CONGRESS,OL,100000.0,2021-07-08,3867,10
ALL INDIA TRINAMOOL CONGRESS,OL,100000.0,2021-07-08,3867,10
ALL INDIA TRINAMOOL CONGRESS,OL,100000.0,2021-07-08,3867,10
ALL INDIA TRINAMOOL CONGRESS,OL,100000.0,2021-07-08,3867,10
ALL INDIA TRINAMOOL CONGRESS,OL,100000.0,2021-07-08,3867,10
ALL INDIA TRINAMOOL CONGRESS,OL,100000.0,2021-07-08,3559,10
ALL INDIA TRINAMOOL CONGRESS,OL,100000.0,2021-07-08,3559,10
ALL INDIA TRINAMOOL CONGRESS,OL,100000.0,2021-07-08,3559,10
ALL INDIA TRINAMOOL CONGRESS,OL,100000.0,2021-07-08,3559,10
ALL INDIA TRINAMOOL CONGRESS,OL,100000.0,2021-07-08,3559,10
ALL INDIA TRINAMOOL CONGRESS,TT,10000.0,2021-07-06,3559,10
ALL INDIA TRINAMOOL CONGRESS,TT,10000.0,2021-07-06,3559,10
ALL INDIA TRINAMOOL CONGRESS,TT,10000.0,2021-07-06,3559,10
ALL INDIA TRINAMOOL CONGRESS,TT,10000.0,2021-07-06,3559,10
ALL INDIA TRINAMOOL CONGRESS,TT,10000.0,2021-07-06,3559,10
ALL INDIA TRINAMOOL CONGRESS,TT,10000.0,2021-07-06,3559,10
ALL INDIA TRINAMOOL CONGRESS,TT,10000.0,2021-07-06,3559,10
ALL INDIA TRINAMOOL CONGRESS,TT,10000.0,2021-07-06,3559,10
ALL INDIA TRINAMOOL CONGRESS,TT,10000.0,2021-07-08,3867,10
ALL INDIA TRINAMOOL CONGRESS,TT,10000.0,2021-07-08,3867,10
ALL INDIA TRINAMOOL CONGRESS,TT,10000.0,2021-07-08,3867,10
ALL INDIA TRINAMOOL CONGRESS,TT,10000.0,2021-07-08,3867,10
ALL INDIA TRINAMOOL CONGRESS,TT,10000.0,2021-07-08,3867,10
ALL INDIA TRINAMOOL CONGRESS,OC,10000000.0,2021-07-07,786,10
ALL INDIA TRINAMOOL CONGRESS,OC,10000000.0,2021-10-04,3056,11
ALL INDIA TRINAMOOL CONGRESS,OC,10000000.0,2021-10-05,1113,11
ALL INDIA TRINAMOOL CONGRESS,OC,10000000.0,2021-10-05,1113,11
ALL INDIA TRINAMOOL CONGRESS,OC,10000000.0,2021-10-05,1113,11
ALL INDIA TRINAMOOL CONGRESS,OC,10000000.0,2021-10-05,786,11
ALL INDIA TRINAMOOL CONGRESS,OC,10000000.0,2021-10-05,786,11
ALL INDIA TRINAMOOL CONGRESS,OC,10000000.0,2021-10-05,786,11
ALL INDIA TRINAMOOL CONGRESS,OC,10000000.0,2021-10-05,786,11
ALL INDIA TRINAMOOL CONGRESS,OC,10000000.0,2021-10-05,786,11
ALL INDIA TRINAMOOL CONGRESS,OC,10000000.0,2021-10-05,786,11
ALL INDIA TRINAMOOL CONGRESS,OC,10000000.0,2021-10-05,786,11
ALL INDIA TRINAMOOL CONGRESS,OC,10000000.0,2021-10-05,786,11
ALL INDIA TRINAMOOL CONGRESS,OC,10000000.0,2021-10-05,786,11
ALL INDIA TRINAMOOL CONGRESS,OC,10000000.0,2021-10-05,786,11
ALL INDIA TRINAMOOL CONGRESS,OC,10000000.0,2021-10-05,786,11
ALL INDIA TRINAMOOL CONGRESS,OC,10000000.0,2021-10-05,786,11
ALL INDIA TRINAMOOL CONGRESS,OC,10000000.0,2021-10-05,786,11
ALL INDIA TRINAMOOL CONGRESS,OC,10000000.0,2021-10-05,786,11
ALL INDIA TRINAMOOL CONGRESS,OC,10000000.0,2021-10-05,786,11
ALL INDIA TRINAMOOL CONGRESS,OC,10000000.0,2021-10-05,786,11
ALL INDIA TRINAMOOL CONGRESS,OC,10000000.0,2021-10-05,786,11
ALL INDIA TRINAMOOL CONGRESS,OC,10000000.0,2021-10-05,786,11
ALL INDIA TRINAMOOL CONGRESS,OC,10000000.0,2021-10-05,786,11
ALL INDIA TRINAMOOL CONGRESS,OC,10000000.0,2021-10-05,786,11
ALL INDIA TRINAMOOL CONGRESS,OC,10000000.0,2021-10-05,786,11
ALL INDIA TRINAMOOL CONGRESS,OC,10000000.0,2021-10-05,786,11
ALL INDIA TRINAMOOL CONGRESS,OC,10000000.0,2021-10-05,786,11
ALL INDIA TRINAMOOL CONGRESS,OC,10000000.0,2021-10-05,786,11
ALL INDIA TRINAMOOL CONGRESS,OC,10000000.0,2021-10-05,786,11
ALL INDIA TRINAMOOL CONGRESS,OC,10000000.0,2021-10-05,786,11
ALL INDIA TRINAMOOL CONGRESS,OC,10000000.0,2021-10-05,786,11
ALL INDIA TRINAMOOL CONGRESS,OC,10000000.0,2021-10-05,786,11
ALL INDIA TRINAMOOL CONGRESS,OC,10000000.0,2021-10-05,786,11
ALL INDIA TRINAMOOL CONGRESS,OC,10000000.0,2021-10-05,786,11
ALL INDIA TRINAMOOL CONGRESS,TL,1000000.0,2021-10-04,248,11
ALL INDIA TRINAMOOL CONGRESS,TL,1000000.0,2021-10-04,248,11
ALL INDIA TRINAMOOL CONGRESS,TL,1000000.0,2021-10-04,248,11
ALL INDIA TRINAMOOL CONGRESS,TL,1000000.0,2021-10-04,248,11
ALL INDIA TRINAMOOL CONGRESS,TL,1000000.0,2021-10-04,248,11
ALL INDIA TRINAMOOL CONGRESS,TL,1000000.0,2021-10-04,248,11
ALL INDIA TRINAMOOL CONGRESS,TL,1000000.0,2021-10-04,3686,11
ALL INDIA TRINAMOOL CONGRESS,TL,1000000.0,2021-10-04,3686,11
ALL INDIA TRINAMOOL CONGRESS,TL,1000000.0,2021-10-04,3686,11
ALL INDIA TRINAMOOL CONGRESS,TL,1000000.0,2021-10-04,3686,11
ALL INDIA TRINAMOOL CONGRESS,TL,1000000.0,2021-10-04,3686,11
ALL INDIA TRINAMOOL CONGRESS,TL,1000000.0,2021-10-04,3686,11
ALL INDIA TRINAMOOL CONGRESS,TL,1000000.0,2021-10-04,3686,11
ALL INDIA TRINAMOOL CONGRESS,TL,1000000.0,2021-10-04,3686,11
ALL INDIA TRINAMOOL CONGRESS,TL,1000000.0,2021-10-04,3686,11
ALL INDIA TRINAMOOL CONGRESS,OC,10000000.0,2021-10-04,3056,11
ALL INDIA TRINAMOOL CONGRESS,OC,10000000.0,2021-10-04,3056,11
ALL INDIA TRINAMOOL CONGRESS,OC,10000000.0,2021-10-04,3056,11
ALL INDIA TRINAMOOL CONGRESS,OC,10000000.0,2021-10-04,3056,11
ALL INDIA TRINAMOOL CONGRESS,OC,10000000.0,2021-10-04,3056,11
ALL INDIA TRINAMOOL CONGRESS,OC,10000000.0,2021-10-04,2630,11
ALL INDIA TRINAMOOL CONGRESS,OC,10000000.0,2021-10-04,2630,11
ALL INDIA TRINAMOOL CONGRESS,OC,10000000.0,2021-10-04,2630,11
ALL INDIA TRINAMOOL CONGRESS,OC,10000000.0,2021-10-04,2630,11
ALL INDIA TRINAMOOL CONGRESS,OC,10000000.0,2021-10-04,2630,11
ALL INDIA TRINAMOOL CONGRESS,OC,10000000.0,2021-10-04,2630,11
ALL INDIA TRINAMOOL CONGRESS,OC,10000000.0,2021-10-04,2630,11
ALL INDIA TRINAMOOL CONGRESS,OC,10000000.0,2021-10-04,2630,11
ALL INDIA TRINAMOOL CONGRESS,OC,10000000.0,2021-10-04,2630,11
ALL INDIA TRINAMOOL CONGRESS,OC,10000000.0,2021-10-04,2630,11
ALL INDIA TRINAMOOL CONGRESS,OC,10000000.0,2021-10-04,2630,11
ALL INDIA TRINAMOOL CONGRESS,OC,10000000.0,2021-10-04,2630,11
ALL INDIA TRINAMOOL CONGRESS,OC,10000000.0,2021-10-04,2630,11
ALL INDIA TRINAMOOL CONGRESS,OC,10000000.0,2021-10-04,2630,11
ALL INDIA TRINAMOOL CONGRESS,OC,10000000.0,2021-10-04,2630,11
ALL INDIA TRINAMOOL CONGRESS,OC,10000000.0,2021-10-04,2630,11
ALL INDIA TRINAMOOL CONGRESS,OC,10000000.0,2021-10-04,2630,11
ALL INDIA TRINAMOOL CONGRESS,OC,10000000.0,2021-10-04,2630,11
ALL INDIA TRINAMOOL CONGRESS,OC,10000000.0,2021-10-04,2630,11
ALL INDIA TRINAMOOL CONGRESS,OC,10000000.0,2021-10-04,2630,11
ALL INDIA TRINAMOOL CONGRESS,OC,10000000.0,2021-10-04,2630,11
ALL INDIA TRINAMOOL CONGRESS,OC,10000000.0,2021-10-04,2630,11
ALL INDIA TRINAMOOL CONGRESS,OC,10000000.0,2021-10-04,2630,11
ALL INDIA TRINAMOOL CONGRESS,OC,10000000.0,2021-10-04,2630,11
ALL INDIA TRINAMOOL CONGRESS,OC,10000000.0,2021-10-04,2630,11
ALL INDIA TRINAMOOL CONGRESS,OC,10000000.0,2021-10-04,2630,11
ALL INDIA TRINAMOOL CONGRESS,OC,10000000.0,2021-10-04,2630,11
ALL INDIA TRINAMOOL CONGRESS,OC,10000000.0,2021-10-04,2630,11
ALL INDIA TRINAMOOL CONGRESS,OC,10000000.0,2021-10-04,2630,11
ALL INDIA TRINAMOOL CONGRESS,OC,10000000.0,2021-10-04,2630,11
ALL INDIA TRINAMOOL CONGRESS,OC,10000000.0,2021-10-05,3660,11
ALL INDIA TRINAMOOL CONGRESS,OC,10000000.0,2021-10-05,3660,11
ALL INDIA TRINAMOOL CONGRESS,OC,10000000.0,2021-10-05,3660,11
ALL INDIA TRINAMOOL CONGRESS,OC,10000000.0,2021-10-05,3660,11
ALL INDIA TRINAMOOL CONGRESS,OC,10000000.0,2021-10-05,3660,11
ALL INDIA TRINAMOOL CONGRESS,OC,10000000.0,2021-10-05,3660,11
ALL INDIA TRINAMOOL CONGRESS,OC,10000000.0,2021-10-05,3660,11
ALL INDIA TRINAMOOL CONGRESS,OC,10000000.0,2021-10-05,3660,11
ALL INDIA TRINAMOOL CONGRESS,OC,10000000.0,2021-10-05,3660,11
ALL INDIA TRINAMOOL CONGRESS,OC,10000000.0,2021-10-05,3660,11
ALL INDIA TRINAMOOL CONGRESS,OC,10000000.0,2021-10-05,3660,11
ALL INDIA TRINAMOOL CONGRESS,OC,10000000.0,2021-10-05,3660,11
ALL INDIA TRINAMOOL CONGRESS,OC,10000000.0,2021-10-05,3660,11
ALL INDIA TRINAMOOL CONGRESS,OC,10000000.0,2021-10-05,3660,11
ALL INDIA TRINAMOOL CONGRESS,OC,10000000.0,2021-10-05,3660,11
ALL INDIA TRINAMOOL CONGRESS,OC,10000000.0,2021-10-07,523,11
ALL INDIA TRINAMOOL CONGRESS,OC,10000000.0,2021-10-07,523,11
ALL INDIA TRINAMOOL CONGRESS,OC,10000000.0,2021-10-05,786,11
ALL INDIA TRINAMOOL CONGRESS,OC,10000000.0,2021-10-05,786,11
ALL INDIA TRINAMOOL CONGRESS,OC,10000000.0,2021-10-05,786,11
ALL INDIA TRINAMOOL CONGRESS,OC,10000000.0,2021-10-05,786,11
ALL INDIA TRINAMOOL CONGRESS,OC,10000000.0,2021-10-05,786,11
ALL INDIA TRINAMOOL CONGRESS,OC,10000000.0,2021-10-05,786,11
ALL INDIA TRINAMOOL CONGRESS,OC,10000000.0,2021-10-05,786,11
ALL INDIA TRINAMOOL CONGRESS,OC,10000000.0,2021-10-05,786,11
ALL INDIA TRINAMOOL CONGRESS,OC,10000000.0,2021-10-05,786,11
ALL INDIA TRINAMOOL CONGRESS,OC,10000000.0,2021-10-05,786,11
ALL INDIA TRINAMOOL CONGRESS,OC,10000000.0,2021-10-05,786,11
ALL INDIA TRINAMOOL CONGRESS,OC,10000000.0,2021-10-05,786,11
ALL INDIA TRINAMOOL CONGRESS,OC,10000000.0,2021-10-05,786,11
ALL INDIA TRINAMOOL CONGRESS,OC,10000000.0,2021-10-05,786,11
ALL INDIA TRINAMOOL CONGRESS,OC,10000000.0,2021-10-05,786,11
ALL INDIA TRINAMOOL CONGRESS,OC,10000000.0,2021-10-05,786,11
ALL INDIA TRINAMOOL CONGRESS,TL,1000000.0,2021-10-04,3867,11
ALL INDIA TRINAMOOL CONGRESS,TL,1000000.0,2021-10-04,3867,11
ALL INDIA TRINAMOOL CONGRESS,TL,1000000.0,2021-10-04,3867,11
ALL INDIA TRINAMOOL CONGRESS,TL,1000000.0,2021-10-04,3867,11
ALL INDIA TRINAMOOL CONGRESS,TL,1000000.0,2021-10-04,3867,11
ALL INDIA TRINAMOOL CONGRESS,TL,1000000.0,2021-10-04,3867,11
ALL INDIA TRINAMOOL CONGRESS,TL,1000000.0,2021-10-04,3867,11
ALL INDIA TRINAMOOL CONGRESS,TL,1000000.0,2021-10-05,1396,11
ALL INDIA TRINAMOOL CONGRESS,TL,1000000.0,2021-10-05,1396,11
ALL INDIA TRINAMOOL CONGRESS,TL,1000000.0,2021-10-05,1396,11
ALL INDIA TRINAMOOL CONGRESS,TL,1000000.0,2021-10-05,1396,11
ALL INDIA TRINAMOOL CONGRESS,TL,1000000.0,2021-10-05,1396,11
ALL INDIA TRINAMOOL CONGRESS,TL,1000000.0,2021-10-05,1396,11
ALL INDIA TRINAMOOL CONGRESS,TL,1000000.0,2021-10-05,1910,11
ALL INDIA TRINAMOOL CONGRESS,TL,1000000.0,2021-10-05,1910,11
ALL INDIA TRINAMOOL CONGRESS,TL,1000000.0,2021-10-05,742,11
ALL INDIA TRINAMOOL CONGRESS,TL,1000000.0,2021-10-05,742,11
ALL INDIA TRINAMOOL CONGRESS,TL,1000000.0,2021-10-05,742,11
ALL INDIA TRINAMOOL CONGRESS,TL,1000000.0,2021-10-05,3602,11
ALL INDIA TRINAMOOL CONGRESS,TL,1000000.0,2021-10-05,705,11
ALL INDIA TRINAMOOL CONGRESS,TL,1000000.0,2021-10-05,705,11
ALL INDIA TRINAMOOL CONGRESS,TL,1000000.0,2021-10-05,705,11
ALL INDIA TRINAMOOL CONGRESS,TL,1000000.0,2021-10-05,705,11
ALL INDIA TRINAMOOL CONGRESS,TL,1000000.0,2021-10-05,705,11
ALL INDIA TRINAMOOL CONGRESS,TL,1000000.0,2021-10-05,2997,11
ALL INDIA TRINAMOOL CONGRESS,TL,1000000.0,2021-10-05,2997,11
ALL INDIA TRINAMOOL CONGRESS,TL,1000000.0,2021-10-05,2997,11
ALL INDIA TRINAMOOL CONGRESS,TL,1000000.0,2021-10-05,2997,11
ALL INDIA TRINAMOOL CONGRESS,TL,1000000.0,2021-10-05,2997,11
ALL INDIA TRINAMOOL CONGRESS,TL,1000000.0,2021-10-05,2997,11
ALL INDIA TRINAMOOL CONGRESS,TL,1000000.0,2021-10-05,2997,11
ALL INDIA TRINAMOOL CONGRESS,TL,1000000.0,2021-10-05,2997,11
ALL INDIA TRINAMOOL CONGRESS,TL,1000000.0,2021-10-05,2997,11
ALL INDIA TRINAMOOL CONGRESS,TL,1000000.0,2021-10-05,2997,11
ALL INDIA TRINAMOOL CONGRESS,TL,1000000.0,2021-10-05,2997,11
ALL INDIA TRINAMOOL CONGRESS,TL,1000000.0,2021-10-05,2997,11
ALL INDIA TRINAMOOL CONGRESS,TL,1000000.0,2021-10-05,2997,11
ALL INDIA TRINAMOOL CONGRESS,TL,1000000.0,2021-10-05,2997,11
ALL INDIA TRINAMOOL CONGRESS,TL,1000000.0,2021-10-05,2997,11
ALL INDIA TRINAMOOL CONGRESS,TL,1000000.0,2021-10-05,2997,11
ALL INDIA TRINAMOOL CONGRESS,TL,1000000.0,2021-10-05,2997,11
ALL INDIA TRINAMOOL CONGRESS,TL,1000000.0,2021-10-05,2997,11
ALL INDIA TRINAMOOL CONGRESS,TL,1000000.0,2021-10-05,2997,11
ALL INDIA TRINAMOOL CONGRESS,TL,1000000.0,2021-10-05,2997,11
ALL INDIA TRINAMOOL CONGRESS,TL,1000000.0,2021-10-05,2997,11
ALL INDIA TRINAMOOL CONGRESS,TL,1000000.0,2021-10-05,2997,11
ALL INDIA TRINAMOOL CONGRESS,TL,1000000.0,2021-10-05,2997,11
ALL INDIA TRINAMOOL CONGRESS,TL,1000000.0,2021-10-05,2997,11
ALL INDIA TRINAMOOL CONGRESS,TL,1000000.0,2021-10-05,2997,11
ALL INDIA TRINAMOOL CONGRESS,TL,1000000.0,2021-10-05,3691,11
ALL INDIA TRINAMOOL CONGRESS,TL,1000000.0,2021-10-05,3691,11
ALL INDIA TRINAMOOL CONGRESS,TL,1000000.0,2021-10-05,3691,11
ALL INDIA TRINAMOOL CONGRESS,TL,1000000.0,2021-10-05,93,11
ALL INDIA TRINAMOOL CONGRESS,TL,1000000.0,2021-10-05,93,11
ALL INDIA TRINAMOOL CONGRESS,TL,1000000.0,2021-10-05,93,11
ALL INDIA TRINAMOOL CONGRESS,TL,1000000.0,2021-10-05,93,11
ALL INDIA TRINAMOOL CONGRESS,TL,1000000.0,2021-10-05,93,11
ALL INDIA TRINAMOOL CONGRESS,TL,1000000.0,2021-10-05,93,11
ALL INDIA TRINAMOOL CONGRESS,TL,1000000.0,2021-10-05,93,11
ALL INDIA TRINAMOOL CONGRESS,TL,1000000.0,2021-10-05,657,11
ALL INDIA TRINAMOOL CONGRESS,TL,1000000.0,2021-10-05,657,11
ALL INDIA TRINAMOOL CONGRESS,TL,1000000.0,2021-10-07,523,11
ALL INDIA TRINAMOOL CONGRESS,TL,1000000.0,2021-10-07,523,11
ALL INDIA TRINAMOOL CONGRESS,TL,1000000.0,2021-10-07,523,11
ALL INDIA TRINAMOOL CONGRESS,TL,1000000.0,2021-10-07,523,11
ALL INDIA TRINAMOOL CONGRESS,TL,1000000.0,2021-10-07,523,11
ALL INDIA TRINAMOOL CONGRESS,OL,100000.0,2021-10-04,3867,11
ALL INDIA TRINAMOOL CONGRESS,OL,100000.0,2021-10-04,3867,11
ALL INDIA TRINAMOOL CONGRESS,OL,100000.0,2021-10-04,3867,11
ALL INDIA TRINAMOOL CONGRESS,OL,100000.0,2021-10-04,3867,11
ALL INDIA TRINAMOOL CONGRESS,OL,100000.0,2021-10-04,3867,11
ALL INDIA TRINAMOOL CONGRESS,OL,100000.0,2021-10-05,3602,11
ALL INDIA TRINAMOOL CONGRESS,OL,100000.0,2021-10-05,3602,11
ALL INDIA TRINAMOOL CONGRESS,OL,100000.0,2021-10-05,3602,11
ALL INDIA TRINAMOOL CONGRESS,OL,100000.0,2021-10-05,3602,11
ALL INDIA TRINAMOOL CONGRESS,OL,100000.0,2021-10-05,3602,11
ALL INDIA TRINAMOOL CONGRESS,OL,100000.0,2021-10-05,657,11
ALL INDIA TRINAMOOL CONGRESS,OL,100000.0,2021-10-05,657,11
ALL INDIA TRINAMOOL CONGRESS,OL,100000.0,2021-10-05,657,11
ALL INDIA TRINAMOOL CONGRESS,OL,100000.0,2021-10-05,657,11
ALL INDIA TRINAMOOL CONGRESS,OL,100000.0,2021-10-05,657,11
ALL INDIA TRINAMOOL CONGRESS,OC,10000000.0,2021-10-05,2952,11
ALL INDIA TRINAMOOL CONGRESS,OC,10000000.0,2021-10-07,537,11
ALL INDIA TRINAMOOL CONGRESS,OC,10000000.0,2021-10-07,1113,11
ALL INDIA TRINAMOOL CONGRESS,OC,10000000.0,2021-10-07,1113,11
ALL INDIA TRINAMOOL CONGRESS,OC,10000000.0,2021-10-07,3852,11
ALL INDIA TRINAMOOL CONGRESS,OC,10000000.0,2021-10-08,2359,11
ALL INDIA TRINAMOOL CONGRESS,OC,10000000.0,2021-10-08,2359,11
ALL INDIA TRINAMOOL CONGRESS,OC,10000000.0,2021-10-08,3987,11
ALL INDIA TRINAMOOL CONGRESS,OC,10000000.0,2021-10-08,3987,11
ALL INDIA TRINAMOOL CONGRESS,OC,10000000.0,2021-10-08,3987,11
ALL INDIA TRINAMOOL CONGRESS,OC,10000000.0,2021-10-08,3987,11
ALL INDIA TRINAMOOL CONGRESS,OC,10000000.0,2021-10-08,3987,11
ALL INDIA TRINAMOOL CONGRESS,OC,10000000.0,2021-10-08,3987,11
ALL INDIA TRINAMOOL CONGRESS,OC,10000000.0,2021-10-08,3987,11
ALL INDIA TRINAMOOL CONGRESS,OC,10000000.0,2021-10-08,3987,11
ALL INDIA TRINAMOOL CONGRESS,OC,10000000.0,2021-10-08,3987,11
ALL INDIA TRINAMOOL CONGRESS,OC,10000000.0,2021-10-08,3987,11
ALL INDIA TRINAMOOL CONGRESS,OC,10000000.0,2021-10-08,3987,11
ALL INDIA TRINAMOOL CONGRESS,OC,10000000.0,2021-10-08,3987,11
ALL INDIA TRINAMOOL CONGRESS,TL,1000000.0,2021-10-04,3399,11
ALL INDIA TRINAMOOL CONGRESS,TL,1000000.0,2021-10-04,3399,11
ALL INDIA TRINAMOOL CONGRESS,TL,1000000.0,2021-10-04,3399,11
ALL INDIA TRINAMOOL CONGRESS,TL,1000000.0,2021-10-05,2952,11
ALL INDIA TRINAMOOL CONGRESS,TL,1000000.0,2021-10-05,2952,11
ALL INDIA TRINAMOOL CONGRESS,TL,1000000.0,2021-10-05,2952,11
ALL INDIA TRINAMOOL CONGRESS,TL,1000000.0,2021-10-05,2952,11
ALL INDIA TRINAMOOL CONGRESS,TL,1000000.0,2021-10-05,2952,11
ALL INDIA TRINAMOOL CONGRESS,TL,1000000.0,2021-10-05,2662,11
ALL INDIA TRINAMOOL CONGRESS,TL,1000000.0,2021-10-05,2734,11
ALL INDIA TRINAMOOL CONGRESS,TL,1000000.0,2021-10-05,2734,11
ALL INDIA TRINAMOOL CONGRESS,TL,1000000.0,2021-10-05,2734,11
ALL INDIA TRINAMOOL CONGRESS,TL,1000000.0,2021-10-05,2734,11
ALL INDIA TRINAMOOL CONGRESS,TL,1000000.0,2021-10-05,2734,11
ALL INDIA TRINAMOOL CONGRESS,TL,1000000.0,2021-10-05,2734,11
ALL INDIA TRINAMOOL CONGRESS,TL,1000000.0,2021-10-05,3005,11
ALL INDIA TRINAMOOL CONGRESS,TL,1000000.0,2021-10-05,3005,11
ALL INDIA TRINAMOOL CONGRESS,TL,1000000.0,2021-10-05,3005,11
ALL INDIA TRINAMOOL CONGRESS,TL,1000000.0,2021-10-07,3887,11
ALL INDIA TRINAMOOL CONGRESS,TL,1000000.0,2021-10-07,3887,11
ALL INDIA TRINAMOOL CONGRESS,TL,1000000.0,2021-10-07,1608,11
ALL INDIA TRINAMOOL CONGRESS,TL,1000000.0,2021-10-07,1608,11
ALL INDIA TRINAMOOL CONGRESS,TL,1000000.0,2021-10-07,1608,11
ALL INDIA TRINAMOOL CONGRESS,TL,1000000.0,2021-10-07,1608,11
ALL INDIA TRINAMOOL CONGRESS,TL,1000000.0,2021-10-07,1608,11
ALL INDIA TRINAMOOL CONGRESS,TL,1000000.0,2021-10-07,1608,11
ALL INDIA TRINAMOOL CONGRESS,TL,1000000.0,2021-10-07,1608,11
ALL INDIA TRINAMOOL CONGRESS,TL,1000000.0,2021-10-07,1608,11
ALL INDIA TRINAMOOL CONGRESS,TL,1000000.0,2021-10-07,1608,11
ALL INDIA TRINAMOOL CONGRESS,TL,1000000.0,2021-10-07,3005,11
ALL INDIA TRINAMOOL CONGRESS,TL,1000000.0,2021-10-07,3005,11
ALL INDIA TRINAMOOL CONGRESS,TL,1000000.0,2021-10-07,1277,11
ALL INDIA TRINAMOOL CONGRESS,TL,1000000.0,2021-10-07,1277,11
ALL INDIA TRINAMOOL CONGRESS,TL,1000000.0,2021-10-07,1277,11
ALL INDIA TRINAMOOL CONGRESS,TL,1000000.0,2021-10-07,1277,11
ALL INDIA TRINAMOOL CONGRESS,TL,1000000.0,2021-10-07,1277,11
ALL INDIA TRINAMOOL CONGRESS,TL,1000000.0,2021-10-07,1277,11
ALL INDIA TRINAMOOL CONGRESS,TL,1000000.0,2021-10-07,1277,11
ALL INDIA TRINAMOOL CONGRESS,TL,1000000.0,2021-10-07,1277,11
ALL INDIA TRINAMOOL CONGRESS,TL,1000000.0,2021-10-07,1277,11
ALL INDIA TRINAMOOL CONGRESS,TL,1000000.0,2021-10-07,836,11
ALL INDIA TRINAMOOL CONGRESS,TL,1000000.0,2021-10-08,1930,11
ALL INDIA TRINAMOOL CONGRESS,TL,1000000.0,2021-10-08,1930,11
ALL INDIA TRINAMOOL CONGRESS,TL,1000000.0,2021-10-08,1930,11
ALL INDIA TRINAMOOL CONGRESS,TL,1000000.0,2021-10-08,1930,11
ALL INDIA TRINAMOOL CONGRESS,TL,1000000.0,2021-10-08,1930,11
ALL INDIA TRINAMOOL CONGRESS,TL,1000000.0,2021-10-08,1930,11
ALL INDIA TRINAMOOL CONGRESS,TL,1000000.0,2021-10-08,1930,11
ALL INDIA TRINAMOOL CONGRESS,TL,1000000.0,2021-10-08,1930,11
ALL INDIA TRINAMOOL CONGRESS,TL,1000000.0,2021-10-08,1930,11
ALL INDIA TRINAMOOL CONGRESS,TL,1000000.0,2021-10-08,1930,11
ALL INDIA TRINAMOOL CONGRESS,TL,1000000.0,2021-10-08,1930,11
ALL INDIA TRINAMOOL CONGRESS,TL,1000000.0,2021-10-08,1930,11
ALL INDIA TRINAMOOL CONGRESS,TL,1000000.0,2021-10-08,3887,11
ALL INDIA TRINAMOOL CONGRESS,TL,1000000.0,2021-10-04,1191,11
ALL INDIA TRINAMOOL CONGRESS,OL,100000.0,2021-10-07,229,11
ALL INDIA TRINAMOOL CONGRESS,OL,100000.0,2021-10-07,2090,11
ALL INDIA TRINAMOOL CONGRESS,OL,100000.0,2021-10-07,47,11
ALL INDIA TRINAMOOL CONGRESS,OL,100000.0,2021-10-07,47,11
ALL INDIA TRINAMOOL CONGRESS,OL,100000.0,2021-10-07,47,11
ALL INDIA TRINAMOOL CONGRESS,OL,100000.0,2021-10-07,47,11
ALL INDIA TRINAMOOL CONGRESS,OL,100000.0,2021-10-07,47,11
ALL INDIA TRINAMOOL CONGRESS,OL,100000.0,2021-10-07,47,11
ALL INDIA TRINAMOOL CONGRESS,OL,100000.0,2021-10-07,47,11
ALL INDIA TRINAMOOL CONGRESS,OL,100000.0,2021-10-07,213,11
ALL INDIA TRINAMOOL CONGRESS,OL,100000.0,2021-10-07,2458,11
ALL INDIA TRINAMOOL CONGRESS,OL,100000.0,2021-10-07,2458,11
ALL INDIA TRINAMOOL CONGRESS,OL,100000.0,2021-10-07,2458,11
ALL INDIA TRINAMOOL CONGRESS,OL,100000.0,2021-10-07,2458,11
ALL INDIA TRINAMOOL CONGRESS,OL,100000.0,2021-10-07,2458,11
ALL INDIA TRINAMOOL CONGRESS,OL,100000.0,2021-10-07,2458,11
ALL INDIA TRINAMOOL CONGRESS,OL,100000.0,2021-10-07,2458,11
ALL INDIA TRINAMOOL CONGRESS,OL,100000.0,2021-10-07,86,11
ALL INDIA TRINAMOOL CONGRESS,OL,100000.0,2021-10-07,86,11
ALL INDIA TRINAMOOL CONGRESS,OL,100000.0,2021-10-07,86,11
ALL INDIA TRINAMOOL CONGRESS,OL,100000.0,2021-10-07,3559,11
ALL INDIA TRINAMOOL CONGRESS,OL,100000.0,2021-10-07,3559,11
ALL INDIA TRINAMOOL CONGRESS,OL,100000.0,2021-10-07,3559,11
ALL INDIA TRINAMOOL CONGRESS,OL,100000.0,2021-10-07,3559,11
ALL INDIA TRINAMOOL CONGRESS,OL,100000.0,2021-10-07,3559,11
ALL INDIA TRINAMOOL CONGRESS,OL,100000.0,2021-10-07,3559,11
ALL INDIA TRINAMOOL CONGRESS,OL,100000.0,2021-10-07,3559,11
ALL INDIA TRINAMOOL CONGRESS,OL,100000.0,2021-10-07,3559,11
ALL INDIA TRINAMOOL CONGRESS,OL,100000.0,2021-10-07,3559,11
ALL INDIA TRINAMOOL CONGRESS,OL,100000.0,2021-10-07,1784,11
ALL INDIA TRINAMOOL CONGRESS,OL,100000.0,2021-10-07,1784,11
ALL INDIA TRINAMOOL CONGRESS,OL,100000.0,2021-10-07,1784,11
ALL INDIA TRINAMOOL CONGRESS,OL,100000.0,2021-10-07,1784,11
ALL INDIA TRINAMOOL CONGRESS,OL,100000.0,2021-10-07,1784,11
ALL INDIA TRINAMOOL CONGRESS,OL,100000.0,2021-10-07,1901,11
ALL INDIA TRINAMOOL CONGRESS,OL,100000.0,2021-10-07,1901,11
ALL INDIA TRINAMOOL CONGRESS,OL,100000.0,2021-10-07,1901,11
ALL INDIA TRINAMOOL CONGRESS,OL,100000.0,2021-10-07,506,11
ALL INDIA TRINAMOOL CONGRESS,OL,100000.0,2021-10-07,1377,11
ALL INDIA TRINAMOOL CONGRESS,OL,100000.0,2021-10-07,1377,11
ALL INDIA TRINAMOOL CONGRESS,OL,100000.0,2021-10-07,1377,11
ALL INDIA TRINAMOOL CONGRESS,OL,100000.0,2021-10-07,1377,11
ALL INDIA TRINAMOOL CONGRESS,OL,100000.0,2021-10-07,1377,11
ALL INDIA TRINAMOOL CONGRESS,OL,100000.0,2021-10-07,1377,11
ALL INDIA TRINAMOOL CONGRESS,OL,100000.0,2021-10-07,1377,11
ALL INDIA TRINAMOOL CONGRESS,OL,100000.0,2021-10-07,2879,11
ALL INDIA TRINAMOOL CONGRESS,OL,100000.0,2021-10-07,2879,11
ALL INDIA TRINAMOOL CONGRESS,OL,100000.0,2021-10-07,2879,11
ALL INDIA TRINAMOOL CONGRESS,OL,100000.0,2021-10-07,2393,11
ALL INDIA TRINAMOOL CONGRESS,OL,100000.0,2021-10-07,2393,11
ALL INDIA TRINAMOOL CONGRESS,OL,100000.0,2021-10-07,2393,11
ALL INDIA TRINAMOOL CONGRESS,OL,100000.0,2021-10-07,2393,11
ALL INDIA TRINAMOOL CONGRESS,OL,100000.0,2021-10-07,2393,11
ALL INDIA TRINAMOOL CONGRESS,OL,100000.0,2021-10-07,2393,11
ALL INDIA TRINAMOOL CONGRESS,OL,100000.0,2021-10-07,2393,11
ALL INDIA TRINAMOOL CONGRESS,OL,100000.0,2021-10-07,1652,11
ALL INDIA TRINAMOOL CONGRESS,OL,100000.0,2021-10-07,1652,11
ALL INDIA TRINAMOOL CONGRESS,OL,100000.0,2021-10-07,1652,11
ALL INDIA TRINAMOOL CONGRESS,OL,100000.0,2021-10-07,1652,11
ALL INDIA TRINAMOOL CONGRESS,OL,100000.0,2021-10-07,1652,11
ALL INDIA TRINAMOOL CONGRESS,OL,100000.0,2021-10-07,2145,11
ALL INDIA TRINAMOOL CONGRESS,OL,100000.0,2021-10-07,614,11
ALL INDIA TRINAMOOL CONGRESS,OL,100000.0,2021-10-07,614,11
ALL INDIA TRINAMOOL CONGRESS,OL,100000.0,2021-10-07,614,11
ALL INDIA TRINAMOOL CONGRESS,OL,100000.0,2021-10-07,614,11
ALL INDIA TRINAMOOL CONGRESS,OL,100000.0,2021-10-07,1129,11
ALL INDIA TRINAMOOL CONGRESS,OL,100000.0,2021-10-07,1129,11
ALL INDIA TRINAMOOL CONGRESS,OL,100000.0,2021-10-07,1748,11
ALL INDIA TRINAMOOL CONGRESS,OL,100000.0,2021-10-07,1748,11
ALL INDIA TRINAMOOL CONGRESS,OC,10000000.0,2021-10-08,2998,11
ALL INDIA TRINAMOOL CONGRESS,OC,10000000.0,2021-10-08,2722,11
ALL INDIA TRINAMOOL CONGRESS,OC,10000000.0,2021-10-08,2722,11
ALL INDIA TRINAMOOL CONGRESS,OC,10000000.0,2021-10-08,3232,11
ALL INDIA TRINAMOOL CONGRESS,OC,10000000.0,2021-10-08,3232,11
ALL INDIA TRINAMOOL CONGRESS,TL,1000000.0,2021-10-08,2998,11
ALL INDIA TRINAMOOL CONGRESS,TL,1000000.0,2021-10-08,2998,11
ALL INDIA TRINAMOOL CONGRESS,TL,1000000.0,2021-10-08,2998,11
ALL INDIA TRINAMOOL CONGRESS,TL,1000000.0,2021-10-08,2998,11
ALL INDIA TRINAMOOL CONGRESS,TL,1000000.0,2021-10-08,2998,11
ALL INDIA TRINAMOOL CONGRESS,TL,1000000.0,2021-10-08,616,11
ALL INDIA TRINAMOOL CONGRESS,TL,1000000.0,2021-10-08,616,11
ALL INDIA TRINAMOOL CONGRESS,TL,1000000.0,2021-10-08,2556,11
ALL INDIA TRINAMOOL CONGRESS,TL,1000000.0,2021-10-08,2556,11
ALL INDIA TRINAMOOL CONGRESS,TL,1000000.0,2021-10-08,2556,11
ALL INDIA TRINAMOOL CONGRESS,TL,1000000.0,2021-10-08,326,11
ALL INDIA TRINAMOOL CONGRESS,TL,1000000.0,2021-10-08,326,11
ALL INDIA TRINAMOOL CONGRESS,TL,1000000.0,2021-10-08,796,11
ALL INDIA TRINAMOOL CONGRESS,TL,1000000.0,2021-10-08,634,11
ALL INDIA TRINAMOOL CONGRESS,OL,100000.0,2021-10-08,2556,11
ALL INDIA TRINAMOOL CONGRESS,OL,100000.0,2021-10-08,2556,11
ALL INDIA TRINAMOOL CONGRESS,OL,100000.0,2021-10-08,2556,11
ALL INDIA TRINAMOOL CONGRESS,OL,100000.0,2021-10-08,2556,11
ALL INDIA TRINAMOOL CONGRESS,OL,100000.0,2021-10-08,2556,11
ALL INDIA TRINAMOOL CONGRESS,OL,100000.0,2021-10-08,326,11
ALL INDIA TRINAMOOL CONGRESS,OL,100000.0,2021-10-08,326,11
ALL INDIA TRINAMOOL CONGRESS,OL,100000.0,2021-10-08,326,11
ALL INDIA TRINAMOOL CONGRESS,OL,100000.0,2021-10-08,326,11
ALL INDIA TRINAMOOL CONGRESS,OL,100000.0,2021-10-08,326,11
ALL INDIA TRINAMOOL CONGRESS,OC,10000000.0,2022-01-04,1682,12
ALL INDIA TRINAMOOL CONGRESS,OC,10000000.0,2022-01-04,1682,12
ALL INDIA TRINAMOOL CONGRESS,OC,10000000.0,2022-01-04,1682,12
ALL INDIA TRINAMOOL CONGRESS,OC,10000000.0,2022-01-04,1682,12
ALL INDIA TRINAMOOL CONGRESS,OC,10000000.0,2022-01-04,1682,12
ALL INDIA TRINAMOOL CONGRESS,OC,10000000.0,2022-01-04,1682,12
ALL INDIA TRINAMOOL CONGRESS,OC,10000000.0,2022-01-04,1682,12
ALL INDIA TRINAMOOL CONGRESS,OC,10000000.0,2022-01-04,1682,12
ALL INDIA TRINAMOOL CONGRESS,OC,10000000.0,2022-01-04,1682,12
ALL INDIA TRINAMOOL CONGRESS,OC,10000000.0,2022-01-04,1682,12
ALL INDIA TRINAMOOL CONGRESS,OC,10000000.0,2022-01-04,1682,12
ALL INDIA TRINAMOOL CONGRESS,OC,10000000.0,2022-01-04,1682,12
ALL INDIA TRINAMOOL CONGRESS,OC,10000000.0,2022-01-04,1682,12
ALL INDIA TRINAMOOL CONGRESS,OC,10000000.0,2022-01-04,1682,12
ALL INDIA TRINAMOOL CONGRESS,OC,10000000.0,2022-01-04,1682,12
ALL INDIA TRINAMOOL CONGRESS,OC,10000000.0,2022-01-04,1682,12
ALL INDIA TRINAMOOL CONGRESS,OC,10000000.0,2022-01-04,1682,12
ALL INDIA TRINAMOOL CONGRESS,OC,10000000.0,2022-01-04,1682,12
ALL INDIA TRINAMOOL CONGRESS,OC,10000000.0,2022-01-04,1682,12
ALL INDIA TRINAMOOL CONGRESS,OC,10000000.0,2022-01-04,1682,12
ALL INDIA TRINAMOOL CONGRESS,OC,10000000.0,2022-01-04,1682,12
ALL INDIA TRINAMOOL CONGRESS,OC,10000000.0,2022-01-04,1682,12
ALL INDIA TRINAMOOL CONGRESS,OC,10000000.0,2022-01-04,1682,12
ALL INDIA TRINAMOOL CONGRESS,OC,10000000.0,2022-01-04,1682,12
ALL INDIA TRINAMOOL CONGRESS,OC,10000000.0,2022-01-04,1682,12
ALL INDIA TRINAMOOL CONGRESS,OC,10000000.0,2022-01-04,1682,12
ALL INDIA TRINAMOOL CONGRESS,OC,10000000.0,2022-01-04,1682,12
ALL INDIA TRINAMOOL CONGRESS,OC,10000000.0,2022-01-04,1682,12
ALL INDIA TRINAMOOL CONGRESS,OC,10000000.0,2022-01-04,1682,12
ALL INDIA TRINAMOOL CONGRESS,OC,10000000.0,2022-01-05,3495,12
ALL INDIA TRINAMOOL CONGRESS,OC,10000000.0,2022-01-05,3495,12
ALL INDIA TRINAMOOL CONGRESS,OC,10000000.0,2022-01-05,3495,12
ALL INDIA TRINAMOOL CONGRESS,OC,10000000.0,2022-01-05,3495,12
ALL INDIA TRINAMOOL CONGRESS,OC,10000000.0,2022-01-05,2799,12
ALL INDIA TRINAMOOL CONGRESS,OC,10000000.0,2022-01-05,2830,12
ALL INDIA TRINAMOOL CONGRESS,OC,10000000.0,2022-01-05,2830,12
ALL INDIA TRINAMOOL CONGRESS,OC,10000000.0,2022-01-05,2830,12
ALL INDIA TRINAMOOL CONGRESS,OC,10000000.0,2022-01-05,2830,12
ALL INDIA TRINAMOOL CONGRESS,OC,10000000.0,2022-01-05,2830,12
ALL INDIA TRINAMOOL CONGRESS,OC,10000000.0,2022-01-05,2830,12
ALL INDIA TRINAMOOL CONGRESS,OC,10000000.0,2022-01-05,2830,12
ALL INDIA TRINAMOOL CONGRESS,OC,10000000.0,2022-01-05,2830,12
ALL INDIA TRINAMOOL CONGRESS,OC,10000000.0,2022-01-05,2830,12
ALL INDIA TRINAMOOL CONGRESS,OC,10000000.0,2022-01-05,2830,12
ALL INDIA TRINAMOOL CONGRESS,OC,10000000.0,2022-01-05,2830,12
ALL INDIA TRINAMOOL CONGRESS,OC,10000000.0,2022-01-05,2830,12
ALL INDIA TRINAMOOL CONGRESS,OC,10000000.0,2022-01-05,2830,12
ALL INDIA TRINAMOOL CONGRESS,OC,10000000.0,2022-01-05,2830,12
ALL INDIA TRINAMOOL CONGRESS,OC,10000000.0,2022-01-05,2830,12
ALL INDIA TRINAMOOL CONGRESS,OC,10000000.0,2022-01-05,2830,12
ALL INDIA TRINAMOOL CONGRESS,OC,10000000.0,2022-01-05,2830,12
ALL INDIA TRINAMOOL CONGRESS,OC,10000000.0,2022-01-05,2830,12
ALL INDIA TRINAMOOL CONGRESS,OC,10000000.0,2022-01-05,2830,12
ALL INDIA TRINAMOOL CONGRESS,OC,10000000.0,2022-01-05,2830,12
ALL INDIA TRINAMOOL CONGRESS,OC,10000000.0,2022-01-05,2830,12
ALL INDIA TRINAMOOL CONGRESS,OC,10000000.0,2022-01-05,2830,12
ALL INDIA TRINAMOOL CONGRESS,OC,10000000.0,2022-01-05,2830,12
ALL INDIA TRINAMOOL CONGRESS,OC,10000000.0,2022-01-05,2830,12
ALL INDIA TRINAMOOL CONGRESS,OC,10000000.0,2022-01-05,2830,12
ALL INDIA TRINAMOOL CONGRESS,OC,10000000.0,2022-01-05,2830,12
ALL INDIA TRINAMOOL CONGRESS,OC,10000000.0,2022-01-05,2830,12
ALL INDIA TRINAMOOL CONGRESS,OC,10000000.0,2022-01-05,2830,12
ALL INDIA TRINAMOOL CONGRESS,OC,10000000.0,2022-01-05,2830,12
ALL INDIA TRINAMOOL CONGRESS,OC,10000000.0,2022-01-05,2830,12
ALL INDIA TRINAMOOL CONGRESS,OC,10000000.0,2022-01-05,2830,12
ALL INDIA TRINAMOOL CONGRESS,OC,10000000.0,2022-01-05,2830,12
ALL INDIA TRINAMOOL CONGRESS,OC,10000000.0,2022-01-05,2830,12
ALL INDIA TRINAMOOL CONGRESS,OC,10000000.0,2022-01-05,2830,12
ALL INDIA TRINAMOOL CONGRESS,OC,10000000.0,2022-01-05,2830,12
ALL INDIA TRINAMOOL CONGRESS,OC,10000000.0,2022-01-05,1682,12
ALL INDIA TRINAMOOL CONGRESS,OC,10000000.0,2022-01-05,1682,12
ALL INDIA TRINAMOOL CONGRESS,OC,10000000.0,2022-01-05,1682,12
ALL INDIA TRINAMOOL CONGRESS,OC,10000000.0,2022-01-05,1682,12
ALL INDIA TRINAMOOL CONGRESS,OC,10000000.0,2022-01-05,1682,12
ALL INDIA TRINAMOOL CONGRESS,OC,10000000.0,2022-01-05,1682,12
ALL INDIA TRINAMOOL CONGRESS,OC,10000000.0,2022-01-05,1682,12
ALL INDIA TRINAMOOL CONGRESS,OC,10000000.0,2022-01-05,1682,12
ALL INDIA TRINAMOOL CONGRESS,OC,10000000.0,2022-01-05,1682,12
ALL INDIA TRINAMOOL CONGRESS,OC,10000000.0,2022-01-05,2799,12
ALL INDIA TRINAMOOL CONGRESS,OC,10000000.0,2022-01-05,2799,12
ALL INDIA TRINAMOOL CONGRESS,OC,10000000.0,2022-01-05,2799,12
ALL INDIA TRINAMOOL CONGRESS,OC,10000000.0,2022-01-05,2799,12
ALL INDIA TRINAMOOL CONGRESS,OC,10000000.0,2022-01-05,2799,12
ALL INDIA TRINAMOOL CONGRESS,OC,10000000.0,2022-01-05,2830,12
ALL INDIA TRINAMOOL CONGRESS,OC,10000000.0,2022-01-05,2830,12
ALL INDIA TRINAMOOL CONGRESS,OC,10000000.0,2022-01-05,2830,12
ALL INDIA TRINAMOOL CONGRESS,OC,10000000.0,2022-01-05,2830,12
ALL INDIA TRINAMOOL CONGRESS,OC,10000000.0,2022-01-05,2830,12
ALL INDIA TRINAMOOL CONGRESS,OC,10000000.0,2022-01-06,4044,12
ALL INDIA TRINAMOOL CONGRESS,OC,10000000.0,2022-01-06,4044,12
ALL INDIA TRINAMOOL CONGRESS,OC,10000000.0,2022-01-06,4044,12
ALL INDIA TRINAMOOL CONGRESS,OC,10000000.0,2022-01-06,4044,12
ALL INDIA TRINAMOOL CONGRESS,OC,10000000.0,2022-01-06,4044,12
ALL INDIA TRINAMOOL CONGRESS,OC,10000000.0,2022-01-06,4044,12
ALL INDIA TRINAMOOL CONGRESS,OC,10000000.0,2022-01-06,4044,12
ALL INDIA TRINAMOOL CONGRESS,OC,10000000.0,2022-01-06,4044,12
ALL INDIA TRINAMOOL CONGRESS,OC,10000000.0,2022-01-06,4044,12
ALL INDIA TRINAMOOL CONGRESS,OC,10000000.0,2022-01-06,4044,12
ALL INDIA TRINAMOOL CONGRESS,OC,10000000.0,2022-01-05,2630,12
ALL INDIA TRINAMOOL CONGRESS,OC,10000000.0,2022-01-05,2630,12
ALL INDIA TRINAMOOL CONGRESS,OC,10000000.0,2022-01-05,2630,12
ALL INDIA TRINAMOOL CONGRESS,OC,10000000.0,2022-01-05,2630,12
ALL INDIA TRINAMOOL CONGRESS,OC,10000000.0,2022-01-05,2630,12
ALL INDIA TRINAMOOL CONGRESS,OC,10000000.0,2022-01-05,2630,12
ALL INDIA TRINAMOOL CONGRESS,OC,10000000.0,2022-01-05,2630,12
ALL INDIA TRINAMOOL CONGRESS,OC,10000000.0,2022-01-05,2630,12
ALL INDIA TRINAMOOL CONGRESS,OC,10000000.0,2022-01-05,2630,12
ALL INDIA TRINAMOOL CONGRESS,OC,10000000.0,2022-01-05,2630,12
ALL INDIA TRINAMOOL CONGRESS,OC,10000000.0,2022-01-05,2630,12
ALL INDIA TRINAMOOL CONGRESS,OC,10000000.0,2022-01-05,2630,12
ALL INDIA TRINAMOOL CONGRESS,OC,10000000.0,2022-01-05,2630,12
ALL INDIA TRINAMOOL CONGRESS,OC,10000000.0,2022-01-05,2630,12
ALL INDIA TRINAMOOL CONGRESS,OC,10000000.0,2022-01-05,2630,12
ALL INDIA TRINAMOOL CONGRESS,OC,10000000.0,2022-01-05,2630,12
ALL INDIA TRINAMOOL CONGRESS,OC,10000000.0,2022-01-05,2630,12
ALL INDIA TRINAMOOL CONGRESS,OC,10000000.0,2022-01-05,2630,12
ALL INDIA TRINAMOOL CONGRESS,OC,10000000.0,2022-01-05,2630,12
ALL INDIA TRINAMOOL CONGRESS,OC,10000000.0,2022-01-05,2630,12
ALL INDIA TRINAMOOL CONGRESS,OC,10000000.0,2022-01-05,2630,12
ALL INDIA TRINAMOOL CONGRESS,OC,10000000.0,2022-01-05,2630,12
ALL INDIA TRINAMOOL CONGRESS,OC,10000000.0,2022-01-05,2630,12
ALL INDIA TRINAMOOL CONGRESS,OC,10000000.0,2022-01-05,2630,12
ALL INDIA TRINAMOOL CONGRESS,OC,10000000.0,2022-01-05,2630,12
ALL INDIA TRINAMOOL CONGRESS,OC,10000000.0,2022-01-05,2630,12
ALL INDIA TRINAMOOL CONGRESS,OC,10000000.0,2022-01-05,2630,12
ALL INDIA TRINAMOOL CONGRESS,OC,10000000.0,2022-01-05,2630,12
ALL INDIA TRINAMOOL CONGRESS,OC,10000000.0,2022-01-05,2630,12
ALL INDIA TRINAMOOL CONGRESS,OC,10000000.0,2022-01-05,2630,12
ALL INDIA TRINAMOOL CONGRESS,OC,10000000.0,2022-01-05,1629,12
ALL INDIA TRINAMOOL CONGRESS,OC,10000000.0,2022-01-05,1629,12
ALL INDIA TRINAMOOL CONGRESS,OC,10000000.0,2022-01-05,1629,12
ALL INDIA TRINAMOOL CONGRESS,OC,10000000.0,2022-01-05,1629,12
ALL INDIA TRINAMOOL CONGRESS,OC,10000000.0,2022-01-05,1629,12
ALL INDIA TRINAMOOL CONGRESS,OC,10000000.0,2022-01-05,1629,12
ALL INDIA TRINAMOOL CONGRESS,OC,10000000.0,2022-01-05,1629,12
ALL INDIA TRINAMOOL CONGRESS,OC,10000000.0,2022-01-05,1629,12
ALL INDIA TRINAMOOL CONGRESS,OC,10000000.0,2022-01-05,1629,12
ALL INDIA TRINAMOOL CONGRESS,OC,10000000.0,2022-01-05,1629,12
ALL INDIA TRINAMOOL CONGRESS,OC,10000000.0,2022-01-06,4044,12
ALL INDIA TRINAMOOL CONGRESS,OC,10000000.0,2022-01-06,4044,12
ALL INDIA TRINAMOOL CONGRESS,OC,10000000.0,2022-01-06,4044,12
ALL INDIA TRINAMOOL CONGRESS,OC,10000000.0,2022-01-06,4044,12
ALL INDIA TRINAMOOL CONGRESS,OC,10000000.0,2022-01-06,4044,12
ALL INDIA TRINAMOOL CONGRESS,OC,10000000.0,2022-01-06,4044,12
ALL INDIA TRINAMOOL CONGRESS,OC,10000000.0,2022-01-06,4044,12
ALL INDIA TRINAMOOL CONGRESS,OC,10000000.0,2022-01-06,4044,12
ALL INDIA TRINAMOOL CONGRESS,OC,10000000.0,2022-01-06,4044,12
ALL INDIA TRINAMOOL CONGRESS,OC,10000000.0,2022-01-06,4044,12
ALL INDIA TRINAMOOL CONGRESS,OC,10000000.0,2022-01-06,4044,12
ALL INDIA TRINAMOOL CONGRESS,OC,10000000.0,2022-01-06,4044,12
ALL INDIA TRINAMOOL CONGRESS,OC,10000000.0,2022-01-06,4044,12
ALL INDIA TRINAMOOL CONGRESS,OC,10000000.0,2022-01-06,4044,12
ALL INDIA TRINAMOOL CONGRESS,OC,10000000.0,2022-01-06,4044,12
ALL INDIA TRINAMOOL CONGRESS,OC,10000000.0,2022-01-06,4044,12
ALL INDIA TRINAMOOL CONGRESS,OC,10000000.0,2022-01-06,4044,12
ALL INDIA TRINAMOOL CONGRESS,OC,10000000.0,2022-01-06,4044,12
ALL INDIA TRINAMOOL CONGRESS,OC,10000000.0,2022-01-06,4044,12
ALL INDIA TRINAMOOL CONGRESS,OC,10000000.0,2022-01-06,4044,12
ALL INDIA TRINAMOOL CONGRESS,OC,10000000.0,2022-01-05,2630,12
ALL INDIA TRINAMOOL CONGRESS,OC,10000000.0,2022-01-05,2630,12
ALL INDIA TRINAMOOL CONGRESS,OC,10000000.0,2022-01-05,2630,12
ALL INDIA TRINAMOOL CONGRESS,OC,10000000.0,2022-01-05,2630,12
ALL INDIA TRINAMOOL CONGRESS,OC,10000000.0,2022-01-05,2630,12
ALL INDIA TRINAMOOL CONGRESS,OC,10000000.0,2022-01-05,3987,12
ALL INDIA TRINAMOOL CONGRESS,OC,10000000.0,2022-01-05,3987,12
ALL INDIA TRINAMOOL CONGRESS,OC,10000000.0,2022-01-05,3987,12
ALL INDIA TRINAMOOL CONGRESS,OC,10000000.0,2022-01-05,3987,12
ALL INDIA TRINAMOOL CONGRESS,OC,10000000.0,2022-01-05,3987,12
ALL INDIA TRINAMOOL CONGRESS,OC,10000000.0,2022-01-05,3987,12
ALL INDIA TRINAMOOL CONGRESS,OC,10000000.0,2022-01-05,3987,12
ALL INDIA TRINAMOOL CONGRESS,OC,10000000.0,2022-01-05,3987,12
ALL INDIA TRINAMOOL CONGRESS,OC,10000000.0,2022-01-05,3987,12
ALL INDIA TRINAMOOL CONGRESS,OC,10000000.0,2022-01-05,3987,12
ALL INDIA TRINAMOOL CONGRESS,OC,10000000.0,2022-01-05,3987,12
ALL INDIA TRINAMOOL CONGRESS,OC,10000000.0,2022-01-05,3987,12
ALL INDIA TRINAMOOL CONGRESS,OC,10000000.0,2022-01-05,1608,12
ALL INDIA TRINAMOOL CONGRESS,OC,10000000.0,2022-01-06,2952,12
ALL INDIA TRINAMOOL CONGRESS,OC,10000000.0,2022-01-06,3852,12
ALL INDIA TRINAMOOL CONGRESS,OC,10000000.0,2022-01-06,1930,12
ALL INDIA TRINAMOOL CONGRESS,OC,10000000.0,2022-01-06,786,12
ALL INDIA TRINAMOOL CONGRESS,OC,10000000.0,2022-01-06,786,12
ALL INDIA TRINAMOOL CONGRESS,OC,10000000.0,2022-01-06,786,12
ALL INDIA TRINAMOOL CONGRESS,OC,10000000.0,2022-01-06,786,12
ALL INDIA TRINAMOOL CONGRESS,OC,10000000.0,2022-01-06,786,12
ALL INDIA TRINAMOOL CONGRESS,OC,10000000.0,2022-01-06,786,12
ALL INDIA TRINAMOOL CONGRESS,OC,10000000.0,2022-01-06,786,12
ALL INDIA TRINAMOOL CONGRESS,OC,10000000.0,2022-01-06,786,12
ALL INDIA TRINAMOOL CONGRESS,OC,10000000.0,2022-01-06,786,12
ALL INDIA TRINAMOOL CONGRESS,OC,10000000.0,2022-01-06,786,12
ALL INDIA TRINAMOOL CONGRESS,OC,10000000.0,2022-01-06,786,12
ALL INDIA TRINAMOOL CONGRESS,OC,10000000.0,2022-01-06,786,12
ALL INDIA TRINAMOOL CONGRESS,OC,10000000.0,2022-01-06,786,12
ALL INDIA TRINAMOOL CONGRESS,OC,10000000.0,2022-01-06,786,12
ALL INDIA TRINAMOOL CONGRESS,OC,10000000.0,2022-01-06,786,12
ALL INDIA TRINAMOOL CONGRESS,OC,10000000.0,2022-01-06,4044,12
ALL INDIA TRINAMOOL CONGRESS,OC,10000000.0,2022-01-06,4044,12
ALL INDIA TRINAMOOL CONGRESS,OC,10000000.0,2022-01-06,4044,12
ALL INDIA TRINAMOOL CONGRESS,OC,10000000.0,2022-01-06,4044,12
ALL INDIA TRINAMOOL CONGRESS,OC,10000000.0,2022-01-06,4044,12
ALL INDIA TRINAMOOL CONGRESS,OC,10000000.0,2022-01-06,4044,12
ALL INDIA TRINAMOOL CONGRESS,OC,10000000.0,2022-01-06,4044,12
ALL INDIA TRINAMOOL CONGRESS,OC,10000000.0,2022-01-06,4044,12
ALL INDIA TRINAMOOL CONGRESS,OC,10000000.0,2022-01-06,4044,12
ALL INDIA TRINAMOOL CONGRESS,OC,10000000.0,2022-01-06,4044,12
ALL INDIA TRINAMOOL CONGRESS,OC,10000000.0,2022-01-06,4044,12
ALL INDIA TRINAMOOL CONGRESS,OC,10000000.0,2022-01-06,4044,12
ALL INDIA TRINAMOOL CONGRESS,OC,10000000.0,2022-01-06,4044,12
ALL INDIA TRINAMOOL CONGRESS,OC,10000000.0,2022-01-06,4044,12
ALL INDIA TRINAMOOL CONGRESS,OC,10000000.0,2022-01-06,4044,12
ALL INDIA TRINAMOOL CONGRESS,TL,1000000.0,2022-01-05,3867,12
ALL INDIA TRINAMOOL CONGRESS,TL,1000000.0,2022-01-05,3867,12
ALL INDIA TRINAMOOL CONGRESS,TL,1000000.0,2022-01-05,3867,12
ALL INDIA TRINAMOOL CONGRESS,TL,1000000.0,2022-01-05,3867,12
ALL INDIA TRINAMOOL CONGRESS,TL,1000000.0,2022-01-05,3867,12
ALL INDIA TRINAMOOL CONGRESS,TL,1000000.0,2022-01-05,3867,12
ALL INDIA TRINAMOOL CONGRESS,TL,1000000.0,2022-01-05,2997,12
ALL INDIA TRINAMOOL CONGRESS,TL,1000000.0,2022-01-05,2997,12
ALL INDIA TRINAMOOL CONGRESS,TL,1000000.0,2022-01-05,2997,12
ALL INDIA TRINAMOOL CONGRESS,TL,1000000.0,2022-01-05,2997,12
ALL INDIA TRINAMOOL CONGRESS,TL,1000000.0,2022-01-05,2997,12
ALL INDIA TRINAMOOL CONGRESS,TL,1000000.0,2022-01-05,2997,12
ALL INDIA TRINAMOOL CONGRESS,TL,1000000.0,2022-01-05,2997,12
ALL INDIA TRINAMOOL CONGRESS,TL,1000000.0,2022-01-05,2997,12
ALL INDIA TRINAMOOL CONGRESS,TL,1000000.0,2022-01-05,2997,12
ALL INDIA TRINAMOOL CONGRESS,TL,1000000.0,2022-01-05,2997,12
ALL INDIA TRINAMOOL CONGRESS,TL,1000000.0,2022-01-05,2997,12
ALL INDIA TRINAMOOL CONGRESS,TL,1000000.0,2022-01-05,2997,12
ALL INDIA TRINAMOOL CONGRESS,TL,1000000.0,2022-01-05,2997,12
ALL INDIA TRINAMOOL CONGRESS,TL,1000000.0,2022-01-05,2997,12
ALL INDIA TRINAMOOL CONGRESS,TL,1000000.0,2022-01-05,2997,12
ALL INDIA TRINAMOOL CONGRESS,TL,1000000.0,2022-01-05,2997,12
ALL INDIA TRINAMOOL CONGRESS,TL,1000000.0,2022-01-05,2997,12
ALL INDIA TRINAMOOL CONGRESS,TL,1000000.0,2022-01-05,2997,12
ALL INDIA TRINAMOOL CONGRESS,TL,1000000.0,2022-01-05,2997,12
ALL INDIA TRINAMOOL CONGRESS,TL,1000000.0,2022-01-05,2997,12
ALL INDIA TRINAMOOL CONGRESS,TL,1000000.0,2022-01-05,2997,12
ALL INDIA TRINAMOOL CONGRESS,TL,1000000.0,2022-01-05,2997,12
ALL INDIA TRINAMOOL CONGRESS,TL,1000000.0,2022-01-05,2997,12
ALL INDIA TRINAMOOL CONGRESS,TL,1000000.0,2022-01-05,2997,12
ALL INDIA TRINAMOOL CONGRESS,TL,1000000.0,2022-01-05,2997,12
ALL INDIA TRINAMOOL CONGRESS,TL,1000000.0,2022-01-05,2997,12
ALL INDIA TRINAMOOL CONGRESS,TL,1000000.0,2022-01-05,2997,12
ALL INDIA TRINAMOOL CONGRESS,TL,1000000.0,2022-01-05,2997,12
ALL INDIA TRINAMOOL CONGRESS,TL,1000000.0,2022-01-05,2997,12
ALL INDIA TRINAMOOL CONGRESS,TL,1000000.0,2022-01-05,2997,12
ALL INDIA TRINAMOOL CONGRESS,TL,1000000.0,2022-01-05,2997,12
ALL INDIA TRINAMOOL CONGRESS,TL,1000000.0,2022-01-05,2997,12
ALL INDIA TRINAMOOL CONGRESS,TL,1000000.0,2022-01-05,2997,12
ALL INDIA TRINAMOOL CONGRESS,TL,1000000.0,2022-01-05,2997,12
ALL INDIA TRINAMOOL CONGRESS,TL,1000000.0,2022-01-05,2997,12
ALL INDIA TRINAMOOL CONGRESS,TL,1000000.0,2022-01-05,2997,12
ALL INDIA TRINAMOOL CONGRESS,TL,1000000.0,2022-01-05,2997,12
ALL INDIA TRINAMOOL CONGRESS,TL,1000000.0,2022-01-05,2997,12
ALL INDIA TRINAMOOL CONGRESS,TL,1000000.0,2022-01-05,2997,12
ALL INDIA TRINAMOOL CONGRESS,TL,1000000.0,2022-01-05,2997,12
ALL INDIA TRINAMOOL CONGRESS,TL,1000000.0,2022-01-05,2997,12
ALL INDIA TRINAMOOL CONGRESS,TL,1000000.0,2022-01-05,2997,12
ALL INDIA TRINAMOOL CONGRESS,TL,1000000.0,2022-01-05,2997,12
ALL INDIA TRINAMOOL CONGRESS,TL,1000000.0,2022-01-05,2997,12
ALL INDIA TRINAMOOL CONGRESS,TL,1000000.0,2022-01-05,2997,12
ALL INDIA TRINAMOOL CONGRESS,TL,1000000.0,2022-01-06,2952,12
ALL INDIA TRINAMOOL CONGRESS,TL,1000000.0,2022-01-06,2952,12
ALL INDIA TRINAMOOL CONGRESS,TL,1000000.0,2022-01-06,2952,12
ALL INDIA TRINAMOOL CONGRESS,TL,1000000.0,2022-01-06,2952,12
ALL INDIA TRINAMOOL CONGRESS,TL,1000000.0,2022-01-06,2952,12
ALL INDIA TRINAMOOL CONGRESS,TL,1000000.0,2022-01-06,2952,12
ALL INDIA TRINAMOOL CONGRESS,TL,1000000.0,2022-01-06,2952,12
ALL INDIA TRINAMOOL CONGRESS,TL,1000000.0,2022-01-06,2952,12
ALL INDIA TRINAMOOL CONGRESS,TL,1000000.0,2022-01-06,2952,12
ALL INDIA TRINAMOOL CONGRESS,TL,1000000.0,2022-01-05,3867,12
ALL INDIA TRINAMOOL CONGRESS,TL,1000000.0,2022-01-05,3867,12
ALL INDIA TRINAMOOL CONGRESS,TL,1000000.0,2022-01-05,3867,12
ALL INDIA TRINAMOOL CONGRESS,TL,1000000.0,2022-01-05,3867,12
ALL INDIA TRINAMOOL CONGRESS,TL,1000000.0,2022-01-05,3867,12
ALL INDIA TRINAMOOL CONGRESS,TL,1000000.0,2022-01-05,2997,12
ALL INDIA TRINAMOOL CONGRESS,TL,1000000.0,2022-01-05,2997,12
ALL INDIA TRINAMOOL CONGRESS,TL,1000000.0,2022-01-05,2997,12
ALL INDIA TRINAMOOL CONGRESS,TL,1000000.0,2022-01-05,2997,12
ALL INDIA TRINAMOOL CONGRESS,TL,1000000.0,2022-01-05,2997,12
ALL INDIA TRINAMOOL CONGRESS,TL,1000000.0,2022-01-05,2997,12
ALL INDIA TRINAMOOL CONGRESS,TL,1000000.0,2022-01-05,2997,12
ALL INDIA TRINAMOOL CONGRESS,TL,1000000.0,2022-01-05,2997,12
ALL INDIA TRINAMOOL CONGRESS,TL,1000000.0,2022-01-05,2997,12
ALL INDIA TRINAMOOL CONGRESS,TL,1000000.0,2022-01-05,2997,12
ALL INDIA TRINAMOOL CONGRESS,TL,1000000.0,2022-01-05,2907,12
ALL INDIA TRINAMOOL CONGRESS,TL,1000000.0,2022-01-05,2907,12
ALL INDIA TRINAMOOL CONGRESS,TL,1000000.0,2022-01-05,2907,12
ALL INDIA TRINAMOOL CONGRESS,TL,1000000.0,2022-01-05,2907,12
ALL INDIA TRINAMOOL CONGRESS,TL,1000000.0,2022-01-05,2907,12
ALL INDIA TRINAMOOL CONGRESS,TL,1000000.0,2022-01-05,1608,12
ALL INDIA TRINAMOOL CONGRESS,TL,1000000.0,2022-01-05,1608,12
ALL INDIA TRINAMOOL CONGRESS,TL,1000000.0,2022-01-06,2952,12
ALL INDIA TRINAMOOL CONGRESS,TL,1000000.0,2022-01-06,2952,12
ALL INDIA TRINAMOOL CONGRESS,TL,1000000.0,2022-01-06,2952,12
ALL INDIA TRINAMOOL CONGRESS,TL,1000000.0,2022-01-06,2952,12
ALL INDIA TRINAMOOL CONGRESS,TL,1000000.0,2022-01-06,3852,12
ALL INDIA TRINAMOOL CONGRESS,TL,1000000.0,2022-01-06,3852,12
ALL INDIA TRINAMOOL CONGRESS,TL,1000000.0,2022-01-06,3852,12
ALL INDIA TRINAMOOL CONGRESS,TL,1000000.0,2022-01-06,3852,12
ALL INDIA TRINAMOOL CONGRESS,TL,1000000.0,2022-01-06,3852,12
ALL INDIA TRINAMOOL CONGRESS,TL,1000000.0,2022-01-06,1930,12
ALL INDIA TRINAMOOL CONGRESS,TL,1000000.0,2022-01-06,1930,12
ALL INDIA TRINAMOOL CONGRESS,TL,1000000.0,2022-01-06,1930,12
ALL INDIA TRINAMOOL CONGRESS,TL,1000000.0,2022-01-06,1930,12
ALL INDIA TRINAMOOL CONGRESS,TL,1000000.0,2022-01-06,1930,12
ALL INDIA TRINAMOOL CONGRESS,TL,1000000.0,2022-01-06,533,12
ALL INDIA TRINAMOOL CONGRESS,TL,1000000.0,2022-01-06,533,12
ALL INDIA TRINAMOOL CONGRESS,TL,1000000.0,2022-01-06,533,12
ALL INDIA TRINAMOOL CONGRESS,TL,1000000.0,2022-01-07,1277,12
ALL INDIA TRINAMOOL CONGRESS,TL,1000000.0,2022-01-07,1277,12
ALL INDIA TRINAMOOL CONGRESS,TL,1000000.0,2022-01-07,1277,12
ALL INDIA TRINAMOOL CONGRESS,TL,1000000.0,2022-01-07,1277,12
ALL INDIA TRINAMOOL CONGRESS,TL,1000000.0,2022-01-07,1277,12
ALL INDIA TRINAMOOL CONGRESS,TL,1000000.0,2022-01-07,1277,12
ALL INDIA TRINAMOOL CONGRESS,TL,1000000.0,2022-01-07,1277,12
ALL INDIA TRINAMOOL CONGRESS,TL,1000000.0,2022-01-07,1277,12
ALL INDIA TRINAMOOL CONGRESS,TL,1000000.0,2022-01-07,1277,12
ALL INDIA TRINAMOOL CONGRESS,TL,1000000.0,2022-01-07,2250,12
ALL INDIA TRINAMOOL CONGRESS,TL,1000000.0,2022-01-07,2250,12
ALL INDIA TRINAMOOL CONGRESS,TL,1000000.0,2022-01-07,2250,12
ALL INDIA TRINAMOOL CONGRESS,TL,1000000.0,2022-01-07,2250,12
ALL INDIA TRINAMOOL CONGRESS,TL,1000000.0,2022-01-07,2250,12
ALL INDIA TRINAMOOL CONGRESS,TL,1000000.0,2022-01-07,2250,12
ALL INDIA TRINAMOOL CONGRESS,TL,1000000.0,2022-01-07,2250,12
ALL INDIA TRINAMOOL CONGRESS,OL,100000.0,2022-01-05,3867,12
ALL INDIA TRINAMOOL CONGRESS,OL,100000.0,2022-01-05,3867,12
ALL INDIA TRINAMOOL CONGRESS,OL,100000.0,2022-01-05,3867,12
ALL INDIA TRINAMOOL CONGRESS,OL,100000.0,2022-01-05,3867,12
ALL INDIA TRINAMOOL CONGRESS,OL,100000.0,2022-01-05,3867,12
ALL INDIA TRINAMOOL CONGRESS,OL,100000.0,2022-01-07,2250,12
ALL INDIA TRINAMOOL CONGRESS,OL,100000.0,2022-01-07,2250,12
ALL INDIA TRINAMOOL CONGRESS,OL,100000.0,2022-01-07,2250,12
ALL INDIA TRINAMOOL CONGRESS,OL,100000.0,2022-01-07,2250,12
ALL INDIA TRINAMOOL CONGRESS,OL,100000.0,2022-01-07,2250,12
ALL INDIA TRINAMOOL CONGRESS,TL,1000000.0,2022-01-10,2602,12
ALL INDIA TRINAMOOL CONGRESS,TL,1000000.0,2022-01-10,2853,12
ALL INDIA TRINAMOOL CONGRESS,OL,100000.0,2022-01-07,2319,12
ALL INDIA TRINAMOOL CONGRESS,OL,100000.0,2022-01-07,2319,12
ALL INDIA TRINAMOOL CONGRESS,OL,100000.0,2022-01-07,2319,12
ALL INDIA TRINAMOOL CONGRESS,OL,100000.0,2022-01-07,2319,12
ALL INDIA TRINAMOOL CONGRESS,OL,100000.0,2022-01-07,2319,12
ALL INDIA TRINAMOOL CONGRESS,OL,100000.0,2022-01-07,2319,12
ALL INDIA TRINAMOOL CONGRESS,OL,100000.0,2022-01-07,2319,12
ALL INDIA TRINAMOOL CONGRESS,OL,100000.0,2022-01-07,2319,12
ALL INDIA TRINAMOOL CONGRESS,OL,100000.0,2022-01-07,2319,12
ALL INDIA TRINAMOOL CONGRESS,OL,100000.0,2022-01-07,2319,12
ALL INDIA TRINAMOOL CONGRESS,OL,100000.0,2022-01-10,2602,12
ALL INDIA TRINAMOOL CONGRESS,OL,100000.0,2022-01-10,2602,12
ALL INDIA TRINAMOOL CONGRESS,OL,100000.0,2022-01-10,2602,12
ALL INDIA TRINAMOOL CONGRESS,OL,100000.0,2022-01-10,2602,12
ALL INDIA TRINAMOOL CONGRESS,OL,100000.0,2022-01-10,2602,12
ALL INDIA TRINAMOOL CONGRESS,OL,100000.0,2022-01-10,3998,12
ALL INDIA TRINAMOOL CONGRESS,OL,100000.0,2022-01-10,3998,12
ALL INDIA TRINAMOOL CONGRESS,OL,100000.0,2022-01-10,3998,12
ALL INDIA TRINAMOOL CONGRESS,OL,100000.0,2022-01-10,3998,12
ALL INDIA TRINAMOOL CONGRESS,OL,100000.0,2022-01-10,3998,12
ALL INDIA TRINAMOOL CONGRESS,OC,10000000.0,2022-01-10,3413,12
ALL INDIA TRINAMOOL CONGRESS,OC,10000000.0,2022-01-10,3413,12
ALL INDIA TRINAMOOL CONGRESS,OC,10000000.0,2022-01-10,3413,12
ALL INDIA TRINAMOOL CONGRESS,TL,1000000.0,2022-01-10,190,12
ALL INDIA TRINAMOOL CONGRESS,TL,1000000.0,2022-01-10,190,12
ALL INDIA TRINAMOOL CONGRESS,OC,10000000.0,2022-04-05,2630,13
ALL INDIA TRINAMOOL CONGRESS,OC,10000000.0,2022-04-05,2630,13
ALL INDIA TRINAMOOL CONGRESS,OC,10000000.0,2022-04-05,2630,13
ALL INDIA TRINAMOOL CONGRESS,OC,10000000.0,2022-04-05,2630,13
ALL INDIA TRINAMOOL CONGRESS,OC,10000000.0,2022-04-05,2630,13
ALL INDIA TRINAMOOL CONGRESS,OC,10000000.0,2022-04-05,2630,13
ALL INDIA TRINAMOOL CONGRESS,OC,10000000.0,2022-04-05,2630,13
ALL INDIA TRINAMOOL CONGRESS,OC,10000000.0,2022-04-05,2630,13
ALL INDIA TRINAMOOL CONGRESS,OC,10000000.0,2022-04-05,2630,13
ALL INDIA TRINAMOOL CONGRESS,OC,10000000.0,2022-04-05,2630,13
ALL INDIA TRINAMOOL CONGRESS,OC,10000000.0,2022-04-05,2630,13
ALL INDIA TRINAMOOL CONGRESS,OC,10000000.0,2022-04-05,2630,13
ALL INDIA TRINAMOOL CONGRESS,OC,10000000.0,2022-04-05,2630,13
ALL INDIA TRINAMOOL CONGRESS,OC,10000000.0,2022-04-05,2630,13
ALL INDIA TRINAMOOL CONGRESS,OC,10000000.0,2022-04-05,2630,13
ALL INDIA TRINAMOOL CONGRESS,OC,10000000.0,2022-04-08,3053,13
ALL INDIA TRINAMOOL CONGRESS,OC,10000000.0,2022-04-08,3053,13
ALL INDIA TRINAMOOL CONGRESS,OC,10000000.0,2022-04-08,3053,13
ALL INDIA TRINAMOOL CONGRESS,OC,10000000.0,2022-07-05,2630,14
ALL INDIA TRINAMOOL CONGRESS,OC,10000000.0,2022-07-05,2630,14
ALL INDIA TRINAMOOL CONGRESS,OC,10000000.0,2022-07-05,2630,14
ALL INDIA TRINAMOOL CONGRESS,OC,10000000.0,2022-07-05,2630,14
ALL INDIA TRINAMOOL CONGRESS,OC,10000000.0,2022-07-05,2630,14
ALL INDIA TRINAMOOL CONGRESS,OC,10000000.0,2022-07-05,2630,14
ALL INDIA TRINAMOOL CONGRESS,OC,10000000.0,2022-07-05,2630,14
ALL INDIA TRINAMOOL CONGRESS,OC,10000000.0,2022-07-05,2630,14
ALL INDIA TRINAMOOL CONGRESS,OC,10000000.0,2022-07-05,2630,14
ALL INDIA TRINAMOOL CONGRESS,OC,10000000.0,2022-07-05,2630,14
ALL INDIA TRINAMOOL CONGRESS,OC,10000000.0,2022-07-05,2630,14
ALL INDIA TRINAMOOL CONGRESS,OC,10000000.0,2022-07-05,2630,14
ALL INDIA TRINAMOOL CONGRESS,OC,10000000.0,2022-07-05,2630,14
ALL INDIA TRINAMOOL CONGRESS,OC,10000000.0,2022-07-05,2630,14
ALL INDIA TRINAMOOL CONGRESS,OC,10000000.0,2022-07-05,942,14
ALL INDIA TRINAMOOL CONGRESS,OC,10000000.0,2022-07-06,786,14
ALL INDIA TRINAMOOL CONGRESS,OC,10000000.0,2022-07-06,786,14
ALL INDIA TRINAMOOL CONGRESS,OC,10000000.0,2022-07-06,786,14
ALL INDIA TRINAMOOL CONGRESS,OC,10000000.0,2022-07-06,786,14
ALL INDIA TRINAMOOL CONGRESS,OC,10000000.0,2022-07-05,2630,14
ALL INDIA TRINAMOOL CONGRESS,OC,10000000.0,2022-07-05,2630,14
ALL INDIA TRINAMOOL CONGRESS,OC,10000000.0,2022-07-05,2630,14
ALL INDIA TRINAMOOL CONGRESS,OC,10000000.0,2022-07-05,2630,14
ALL INDIA TRINAMOOL CONGRESS,OC,10000000.0,2022-07-05,2630,14
ALL INDIA TRINAMOOL CONGRESS,OC,10000000.0,2022-07-05,2630,14
ALL INDIA TRINAMOOL CONGRESS,OC,10000000.0,2022-07-05,2630,14
ALL INDIA TRINAMOOL CONGRESS,OC,10000000.0,2022-07-05,2630,14
ALL INDIA TRINAMOOL CONGRESS,OC,10000000.0,2022-07-05,2630,14
ALL INDIA TRINAMOOL CONGRESS,OC,10000000.0,2022-07-05,2630,14
ALL INDIA TRINAMOOL CONGRESS,OC,10000000.0,2022-07-05,2630,14
ALL INDIA TRINAMOOL CONGRESS,OC,10000000.0,2022-07-05,942,14
ALL INDIA TRINAMOOL CONGRESS,OC,10000000.0,2022-07-05,942,14
ALL INDIA TRINAMOOL CONGRESS,OC,10000000.0,2022-07-05,942,14
ALL INDIA TRINAMOOL CONGRESS,OC,10000000.0,2022-07-05,942,14
ALL INDIA TRINAMOOL CONGRESS,OC,10000000.0,2022-07-05,942,14
ALL INDIA TRINAMOOL CONGRESS,OC,10000000.0,2022-07-05,942,14
ALL INDIA TRINAMOOL CONGRESS,OC,10000000.0,2022-07-05,942,14
ALL INDIA TRINAMOOL CONGRESS,OC,10000000.0,2022-07-05,942,14
ALL INDIA TRINAMOOL CONGRESS,OC,10000000.0,2022-07-05,942,14
ALL INDIA TRINAMOOL CONGRESS,OC,10000000.0,2022-07-06,786,14
ALL INDIA TRINAMOOL CONGRESS,OC,10000000.0,2022-07-06,786,14
ALL INDIA TRINAMOOL CONGRESS,OC,10000000.0,2022-07-06,786,14
ALL INDIA TRINAMOOL CONGRESS,OC,10000000.0,2022-07-06,786,14
ALL INDIA TRINAMOOL CONGRESS,OC,10000000.0,2022-07-06,786,14
ALL INDIA TRINAMOOL CONGRESS,OC,10000000.0,2022-07-06,786,14
ALL INDIA TRINAMOOL CONGRESS,OC,10000000.0,2022-07-06,786,14
ALL INDIA TRINAMOOL CONGRESS,OC,10000000.0,2022-07-06,786,14
ALL INDIA TRINAMOOL CONGRESS,OC,10000000.0,2022-07-06,786,14
ALL INDIA TRINAMOOL CONGRESS,OC,10000000.0,2022-07-06,786,14
ALL INDIA TRINAMOOL CONGRESS,OC,10000000.0,2022-07-06,786,14
ALL INDIA TRINAMOOL CONGRESS,OC,10000000.0,2022-07-06,786,14
ALL INDIA TRINAMOOL CONGRESS,OC,10000000.0,2022-07-06,786,14
ALL INDIA TRINAMOOL CONGRESS,OC,10000000.0,2022-07-06,786,14
ALL INDIA TRINAMOOL CONGRESS,OC,10000000.0,2022-07-06,786,14
ALL INDIA TRINAMOOL CONGRESS,OC,10000000.0,2022-07-06,786,14
ALL INDIA TRINAMOOL CONGRESS,OC,10000000.0,2022-07-06,786,14
ALL INDIA TRINAMOOL CONGRESS,OC,10000000.0,2022-07-06,786,14
ALL INDIA TRINAMOOL CONGRESS,OC,10000000.0,2022-07-06,786,14
ALL INDIA TRINAMOOL CONGRESS,OC,10000000.0,2022-07-06,786,14
ALL INDIA TRINAMOOL CONGRESS,OC,10000000.0,2022-07-07,3248,14
ALL INDIA TRINAMOOL CONGRESS,OC,10000000.0,2022-07-07,3248,14
ALL INDIA TRINAMOOL CONGRESS,OC,10000000.0,2022-07-08,1350,14
ALL INDIA TRINAMOOL CONGRESS,OC,10000000.0,2022-07-08,3987,14
ALL INDIA TRINAMOOL CONGRESS,TL,1000000.0,2022-07-08,1350,14
ALL INDIA TRINAMOOL CONGRESS,TL,1000000.0,2022-07-08,1350,14
ALL INDIA TRINAMOOL CONGRESS,TL,1000000.0,2022-07-08,1350,14
ALL INDIA TRINAMOOL CONGRESS,TL,1000000.0,2022-07-08,1350,14
ALL INDIA TRINAMOOL CONGRESS,TL,1000000.0,2022-07-08,1350,14
ALL INDIA TRINAMOOL CONGRESS,OC,10000000.0,2022-07-06,786,14
ALL INDIA TRINAMOOL CONGRESS,OC,10000000.0,2022-07-08,3540,14
ALL INDIA TRINAMOOL CONGRESS,OC,10000000.0,2022-07-08,3540,14
ALL INDIA TRINAMOOL CONGRESS,OC,10000000.0,2022-10-06,1629,15
ALL INDIA TRINAMOOL CONGRESS,OC,10000000.0,2022-10-06,1629,15
ALL INDIA TRINAMOOL CONGRESS,OC,10000000.0,2022-10-06,1629,15
ALL INDIA TRINAMOOL CONGRESS,OC,10000000.0,2022-10-06,1629,15
ALL INDIA TRINAMOOL CONGRESS,OC,10000000.0,2022-10-06,1629,15
ALL INDIA TRINAMOOL CONGRESS,OC,10000000.0,2022-10-06,1629,15
ALL INDIA TRINAMOOL CONGRESS,OC,10000000.0,2022-10-06,1591,15
ALL INDIA TRINAMOOL CONGRESS,OC,10000000.0,2022-10-06,1591,15
ALL INDIA TRINAMOOL CONGRESS,OC,10000000.0,2022-10-06,1591,15
ALL INDIA TRINAMOOL CONGRESS,OC,10000000.0,2022-10-06,1591,15
ALL INDIA TRINAMOOL CONGRESS,OC,10000000.0,2022-10-06,1629,15
ALL INDIA TRINAMOOL CONGRESS,OC,10000000.0,2022-10-06,1629,15
ALL INDIA TRINAMOOL CONGRESS,OC,10000000.0,2022-10-06,1629,15
ALL INDIA TRINAMOOL CONGRESS,OC,10000000.0,2022-10-06,1629,15
ALL INDIA TRINAMOOL CONGRESS,OC,10000000.0,2022-10-06,1629,15
ALL INDIA TRINAMOOL CONGRESS,OC,10000000.0,2022-10-06,1629,15
ALL INDIA TRINAMOOL CONGRESS,OC,10000000.0,2022-10-06,1629,15
ALL INDIA TRINAMOOL CONGRESS,OC,10000000.0,2022-10-06,1629,15
ALL INDIA TRINAMOOL CONGRESS,OC,10000000.0,2022-10-06,1629,15
ALL INDIA TRINAMOOL CONGRESS,OC,10000000.0,2022-10-06,1629,15
ALL INDIA TRINAMOOL CONGRESS,OC,10000000.0,2022-10-06,1629,15
ALL INDIA TRINAMOOL CONGRESS,OC,10000000.0,2022-10-06,1629,15
ALL INDIA TRINAMOOL CONGRESS,OC,10000000.0,2022-10-06,1629,15
ALL INDIA TRINAMOOL CONGRESS,OC,10000000.0,2022-10-06,1629,15
ALL INDIA TRINAMOOL CONGRESS,OC,10000000.0,2022-10-06,1629,15
ALL INDIA TRINAMOOL CONGRESS,OC,10000000.0,2022-10-06,1629,15
ALL INDIA TRINAMOOL CONGRESS,OC,10000000.0,2022-10-06,1591,15
ALL INDIA TRINAMOOL CONGRESS,OC,10000000.0,2022-10-06,1591,15
ALL INDIA TRINAMOOL CONGRESS,OC,10000000.0,2022-10-06,1591,15
ALL INDIA TRINAMOOL CONGRESS,OC,10000000.0,2022-10-06,1591,15
ALL INDIA TRINAMOOL CONGRESS,OC,10000000.0,2022-10-06,786,15
ALL INDIA TRINAMOOL CONGRESS,OC,10000000.0,2022-10-06,786,15
ALL INDIA TRINAMOOL CONGRESS,OC,10000000.0,2022-10-06,786,15
ALL INDIA TRINAMOOL CONGRESS,OC,10000000.0,2022-10-06,786,15
ALL INDIA TRINAMOOL CONGRESS,OC,10000000.0,2022-10-06,786,15
ALL INDIA TRINAMOOL CONGRESS,OC,10000000.0,2022-10-06,786,15
ALL INDIA TRINAMOOL CONGRESS,OC,10000000.0,2022-10-06,786,15
ALL INDIA TRINAMOOL CONGRESS,OC,10000000.0,2022-10-06,786,15
ALL INDIA TRINAMOOL CONGRESS,OC,10000000.0,2022-10-06,786,15
ALL INDIA TRINAMOOL CONGRESS,OC,10000000.0,2022-10-06,786,15
ALL INDIA TRINAMOOL CONGRESS,OC,10000000.0,2022-10-06,786,15
ALL INDIA TRINAMOOL CONGRESS,OC,10000000.0,2022-10-06,786,15
ALL INDIA TRINAMOOL CONGRESS,OC,10000000.0,2022-10-06,786,15
ALL INDIA TRINAMOOL CONGRESS,OC,10000000.0,2022-10-06,786,15
ALL INDIA TRINAMOOL CONGRESS,OC,10000000.0,2022-10-06,786,15
ALL INDIA TRINAMOOL CONGRESS,OC,10000000.0,2022-10-06,786,15
ALL INDIA TRINAMOOL CONGRESS,OC,10000000.0,2022-10-06,786,15
ALL INDIA TRINAMOOL CONGRESS,OC,10000000.0,2022-10-06,786,15
ALL INDIA TRINAMOOL CONGRESS,OC,10000000.0,2022-10-06,786,15
ALL INDIA TRINAMOOL CONGRESS,OC,10000000.0,2022-10-06,786,15
ALL INDIA TRINAMOOL CONGRESS,OC,10000000.0,2022-10-06,786,15
ALL INDIA TRINAMOOL CONGRESS,OC,10000000.0,2022-10-06,786,15
ALL INDIA TRINAMOOL CONGRESS,OC,10000000.0,2022-10-06,786,15
ALL INDIA TRINAMOOL CONGRESS,OC,10000000.0,2022-10-06,786,15
ALL INDIA TRINAMOOL CONGRESS,OC,10000000.0,2022-10-06,786,15
ALL INDIA TRINAMOOL CONGRESS,OC,10000000.0,2022-10-06,786,15
ALL INDIA TRINAMOOL CONGRESS,OC,10000000.0,2022-10-06,786,15
ALL INDIA TRINAMOOL CONGRESS,OC,10000000.0,2022-10-06,786,15
ALL INDIA TRINAMOOL CONGRESS,OC,10000000.0,2022-10-06,786,15
ALL INDIA TRINAMOOL CONGRESS,OC,10000000.0,2022-10-06,786,15
ALL INDIA TRINAMOOL CONGRESS,OC,10000000.0,2022-10-06,786,15
ALL INDIA TRINAMOOL CONGRESS,OC,10000000.0,2022-10-06,786,15
ALL INDIA TRINAMOOL CONGRESS,OC,10000000.0,2022-10-06,786,15
ALL INDIA TRINAMOOL CONGRESS,OC,10000000.0,2022-10-06,786,15
ALL INDIA TRINAMOOL CONGRESS,OC,10000000.0,2022-10-06,786,15
ALL INDIA TRINAMOOL CONGRESS,OC,10000000.0,2022-10-06,786,15
ALL INDIA TRINAMOOL CONGRESS,OC,10000000.0,2022-10-06,786,15
ALL INDIA TRINAMOOL CONGRESS,OC,10000000.0,2022-10-06,786,15
ALL INDIA TRINAMOOL CONGRESS,OC,10000000.0,2022-10-06,786,15
ALL INDIA TRINAMOOL CONGRESS,OC,10000000.0,2022-10-06,786,15
ALL INDIA TRINAMOOL CONGRESS,OC,10000000.0,2022-10-06,786,15
ALL INDIA TRINAMOOL CONGRESS,OC,10000000.0,2022-10-06,786,15
ALL INDIA TRINAMOOL CONGRESS,OC,10000000.0,2022-10-06,786,15
ALL INDIA TRINAMOOL CONGRESS,OC,10000000.0,2022-10-06,786,15
ALL INDIA TRINAMOOL CONGRESS,OC,10000000.0,2022-10-06,786,15
ALL INDIA TRINAMOOL CONGRESS,OC,10000000.0,2022-10-06,786,15
ALL INDIA TRINAMOOL CONGRESS,OC,10000000.0,2022-10-06,786,15
ALL INDIA TRINAMOOL CONGRESS,OC,10000000.0,2022-10-06,786,15
ALL INDIA TRINAMOOL CONGRESS,OC,10000000.0,2022-10-06,786,15
ALL INDIA TRINAMOOL CONGRESS,OC,10000000.0,2022-10-06,786,15
ALL INDIA TRINAMOOL CONGRESS,OC,10000000.0,2022-10-06,786,15
ALL INDIA TRINAMOOL CONGRESS,OC,10000000.0,2022-10-06,786,15
ALL INDIA TRINAMOOL CONGRESS,OC,10000000.0,2022-10-06,786,15
ALL INDIA TRINAMOOL CONGRESS,OC,10000000.0,2022-10-06,786,15
ALL INDIA TRINAMOOL CONGRESS,OC,10000000.0,2022-10-06,786,15
ALL INDIA TRINAMOOL CONGRESS,OC,10000000.0,2022-10-06,786,15
ALL INDIA TRINAMOOL CONGRESS,OC,10000000.0,2022-10-06,786,15
ALL INDIA TRINAMOOL CONGRESS,OC,10000000.0,2022-10-06,786,15
ALL INDIA TRINAMOOL CONGRESS,OC,10000000.0,2022-10-06,786,15
ALL INDIA TRINAMOOL CONGRESS,OC,10000000.0,2022-10-06,786,15
ALL INDIA TRINAMOOL CONGRESS,OC,10000000.0,2022-10-06,786,15
ALL INDIA TRINAMOOL CONGRESS,OC,10000000.0,2022-10-06,786,15
ALL INDIA TRINAMOOL CONGRESS,OC,10000000.0,2022-10-06,786,15
ALL INDIA TRINAMOOL CONGRESS,OC,10000000.0,2022-10-06,786,15
ALL INDIA TRINAMOOL CONGRESS,OC,10000000.0,2022-10-06,786,15
ALL INDIA TRINAMOOL CONGRESS,OC,10000000.0,2022-10-06,786,15
ALL INDIA TRINAMOOL CONGRESS,OC,10000000.0,2022-10-06,786,15
ALL INDIA TRINAMOOL CONGRESS,OC,10000000.0,2022-10-06,786,15
ALL INDIA TRINAMOOL CONGRESS,OC,10000000.0,2022-10-06,786,15
ALL INDIA TRINAMOOL CONGRESS,OC,10000000.0,2022-10-06,786,15
ALL INDIA TRINAMOOL CONGRESS,OC,10000000.0,2022-10-06,786,15
ALL INDIA TRINAMOOL CONGRESS,OC,10000000.0,2022-10-06,786,15
ALL INDIA TRINAMOOL CONGRESS,OC,10000000.0,2022-10-06,786,15
ALL INDIA TRINAMOOL CONGRESS,OC,10000000.0,2022-10-06,786,15
ALL INDIA TRINAMOOL CONGRESS,OC,10000000.0,2022-10-06,786,15
ALL INDIA TRINAMOOL CONGRESS,OC,10000000.0,2022-10-06,786,15
ALL INDIA TRINAMOOL CONGRESS,OC,10000000.0,2022-10-06,786,15
ALL INDIA TRINAMOOL CONGRESS,OC,10000000.0,2022-10-06,786,15
ALL INDIA TRINAMOOL CONGRESS,OC,10000000.0,2022-10-06,786,15
ALL INDIA TRINAMOOL CONGRESS,OC,10000000.0,2022-10-06,786,15
ALL INDIA TRINAMOOL CONGRESS,OC,10000000.0,2022-10-06,1629,15
ALL INDIA TRINAMOOL CONGRESS,OC,10000000.0,2022-10-06,1629,15
ALL INDIA TRINAMOOL CONGRESS,OC,10000000.0,2022-10-06,1629,15
ALL INDIA TRINAMOOL CONGRESS,OC,10000000.0,2022-10-06,1591,15
ALL INDIA TRINAMOOL CONGRESS,OC,10000000.0,2022-10-06,1591,15
ALL INDIA TRINAMOOL CONGRESS,OC,10000000.0,2022-10-06,1591,15
ALL INDIA TRINAMOOL CONGRESS,OC,10000000.0,2022-10-06,1591,15
ALL INDIA TRINAMOOL CONGRESS,OC,10000000.0,2022-10-06,1591,15
ALL INDIA TRINAMOOL CONGRESS,OC,10000000.0,2022-10-06,1591,15
ALL INDIA TRINAMOOL CONGRESS,OC,10000000.0,2022-10-06,1591,15
ALL INDIA TRINAMOOL CONGRESS,OC,10000000.0,2022-10-06,786,15
ALL INDIA TRINAMOOL CONGRESS,OC,10000000.0,2022-10-06,786,15
ALL INDIA TRINAMOOL CONGRESS,OC,10000000.0,2022-10-06,786,15
ALL INDIA TRINAMOOL CONGRESS,OC,10000000.0,2022-10-06,786,15
ALL INDIA TRINAMOOL CONGRESS,OC,10000000.0,2022-10-06,786,15
ALL INDIA TRINAMOOL CONGRESS,OC,10000000.0,2022-10-06,786,15
ALL INDIA TRINAMOOL CONGRESS,OC,10000000.0,2022-10-06,786,15
ALL INDIA TRINAMOOL CONGRESS,OC,10000000.0,2022-10-06,786,15
ALL INDIA TRINAMOOL CONGRESS,OC,10000000.0,2022-10-06,786,15
ALL INDIA TRINAMOOL CONGRESS,OC,10000000.0,2022-10-06,786,15
ALL INDIA TRINAMOOL CONGRESS,OC,10000000.0,2022-10-07,102,15
ALL INDIA TRINAMOOL CONGRESS,OC,10000000.0,2022-10-07,102,15
ALL INDIA TRINAMOOL CONGRESS,OC,10000000.0,2022-10-07,102,15
ALL INDIA TRINAMOOL CONGRESS,OC,10000000.0,2022-10-07,102,15
ALL INDIA TRINAMOOL CONGRESS,OC,10000000.0,2022-10-07,102,15
ALL INDIA TRINAMOOL CONGRESS,OC,10000000.0,2022-10-07,102,15
ALL INDIA TRINAMOOL CONGRESS,OC,10000000.0,2022-10-07,102,15
ALL INDIA TRINAMOOL CONGRESS,OC,10000000.0,2022-10-07,4015,15
ALL INDIA TRINAMOOL CONGRESS,OC,10000000.0,2022-10-07,4015,15
ALL INDIA TRINAMOOL CONGRESS,OC,10000000.0,2022-10-10,1350,15
ALL INDIA TRINAMOOL CONGRESS,OC,10000000.0,2022-10-10,102,15
ALL INDIA TRINAMOOL CONGRESS,TL,1000000.0,2022-10-07,1453,15
ALL INDIA TRINAMOOL CONGRESS,TL,1000000.0,2022-10-07,1453,15
ALL INDIA TRINAMOOL CONGRESS,TL,1000000.0,2022-10-07,1453,15
ALL INDIA TRINAMOOL CONGRESS,TL,1000000.0,2022-10-07,1453,15
ALL INDIA TRINAMOOL CONGRESS,TL,1000000.0,2022-10-07,1453,15
ALL INDIA TRINAMOOL CONGRESS,TL,1000000.0,2022-10-07,1453,15
ALL INDIA TRINAMOOL CONGRESS,TL,1000000.0,2022-10-10,146,15
ALL INDIA TRINAMOOL CONGRESS,TL,1000000.0,2022-10-10,146,15
ALL INDIA TRINAMOOL CONGRESS,TL,1000000.0,2022-10-10,146,15
ALL INDIA TRINAMOOL CONGRESS,TL,1000000.0,2022-10-10,146,15
ALL INDIA TRINAMOOL CONGRESS,TL,1000000.0,2022-10-10,146,15
ALL INDIA TRINAMOOL CONGRESS,TL,1000000.0,2022-10-10,146,15
ALL INDIA TRINAMOOL CONGRESS,TL,1000000.0,2022-10-10,146,15
ALL INDIA TRINAMOOL CONGRESS,TL,1000000.0,2022-10-10,146,15
ALL INDIA TRINAMOOL CONGRESS,TL,1000000.0,2022-10-10,146,15
ALL INDIA TRINAMOOL CONGRESS,TL,1000000.0,2022-10-10,146,15
ALL INDIA TRINAMOOL CONGRESS,TL,1000000.0,2022-10-10,1350,15
ALL INDIA TRINAMOOL CONGRESS,TL,1000000.0,2022-10-10,1350,15
ALL INDIA TRINAMOOL CONGRESS,TL,1000000.0,2022-10-10,1350,15
ALL INDIA TRINAMOOL CONGRESS,TL,1000000.0,2022-10-10,1350,15
ALL INDIA TRINAMOOL CONGRESS,TL,1000000.0,2022-10-10,1350,15
ALL INDIA TRINAMOOL CONGRESS,OC,10000000.0,2022-12-07,2155,17
ALL INDIA TRINAMOOL CONGRESS,OC,10000000.0,2022-12-07,2155,17
ALL INDIA TRINAMOOL CONGRESS,OC,10000000.0,2022-12-09,3248,17
ALL INDIA TRINAMOOL CONGRESS,OC,10000000.0,2022-12-09,3248,17
ALL INDIA TRINAMOOL CONGRESS,OC,10000000.0,2022-12-09,3248,17
ALL INDIA TRINAMOOL CONGRESS,OC,10000000.0,2022-12-09,786,17
ALL INDIA TRINAMOOL CONGRESS,OC,10000000.0,2022-12-09,786,17
ALL INDIA TRINAMOOL CONGRESS,OC,10000000.0,2022-12-09,786,17
ALL INDIA TRINAMOOL CONGRESS,OC,10000000.0,2022-12-09,786,17
ALL INDIA TRINAMOOL CONGRESS,OC,10000000.0,2022-12-09,786,17
ALL INDIA TRINAMOOL CONGRESS,OC,10000000.0,2022-12-09,786,17
ALL INDIA TRINAMOOL CONGRESS,OC,10000000.0,2022-12-09,786,17
ALL INDIA TRINAMOOL CONGRESS,OC,10000000.0,2022-12-09,786,17
ALL INDIA TRINAMOOL CONGRESS,OC,10000000.0,2022-12-09,786,17
ALL INDIA TRINAMOOL CONGRESS,OC,10000000.0,2022-12-09,786,17
ALL INDIA TRINAMOOL CONGRESS,TL,1000000.0,2022-12-07,4125,17
ALL INDIA TRINAMOOL CONGRESS,TL,1000000.0,2022-12-07,4125,17
ALL INDIA TRINAMOOL CONGRESS,TL,1000000.0,2022-12-07,4125,17
ALL INDIA TRINAMOOL CONGRESS,TL,1000000.0,2022-12-07,4125,17
ALL INDIA TRINAMOOL CONGRESS,TL,1000000.0,2022-12-07,4125,17
ALL INDIA TRINAMOOL CONGRESS,TL,1000000.0,2022-12-07,4125,17
ALL INDIA TRINAMOOL CONGRESS,TL,1000000.0,2022-12-07,4125,17
ALL INDIA TRINAMOOL CONGRESS,TL,1000000.0,2022-12-07,4125,17
ALL INDIA TRINAMOOL CONGRESS,TL,1000000.0,2022-12-07,4125,17
ALL INDIA TRINAMOOL CONGRESS,TL,1000000.0,2022-12-07,4125,17
ALL INDIA TRINAMOOL CONGRESS,OC,10000000.0,2022-12-12,1907,17
ALL INDIA TRINAMOOL CONGRESS,OC,10000000.0,2023-01-21,2630,18
ALL INDIA TRINAMOOL CONGRESS,OC,10000000.0,2023-01-21,2630,18
ALL INDIA TRINAMOOL CONGRESS,OC,10000000.0,2023-01-21,2630,18
ALL INDIA TRINAMOOL CONGRESS,OC,10000000.0,2023-01-21,2630,18
ALL INDIA TRINAMOOL CONGRESS,OC,10000000.0,2023-01-21,2630,18
ALL INDIA TRINAMOOL CONGRESS,OC,10000000.0,2023-01-21,2630,18
ALL INDIA TRINAMOOL CONGRESS,OC,10000000.0,2023-01-21,2630,18
ALL INDIA TRINAMOOL CONGRESS,OC,10000000.0,2023-01-21,2630,18
ALL INDIA TRINAMOOL CONGRESS,OC,10000000.0,2023-01-21,2630,18
ALL INDIA TRINAMOOL CONGRESS,OC,10000000.0,2023-01-21,2630,18
ALL INDIA TRINAMOOL CONGRESS,OC,10000000.0,2023-01-21,2630,18
ALL INDIA TRINAMOOL CONGRESS,OC,10000000.0,2023-01-21,2630,18
ALL INDIA TRINAMOOL CONGRESS,OC,10000000.0,2023-01-21,2630,18
ALL INDIA TRINAMOOL CONGRESS,OC,10000000.0,2023-01-21,2630,18
ALL INDIA TRINAMOOL CONGRESS,OC,10000000.0,2023-01-21,2630,18
ALL INDIA TRINAMOOL CONGRESS,OC,10000000.0,2023-01-21,2630,18
ALL INDIA TRINAMOOL CONGRESS,OC,10000000.0,2023-01-21,2630,18
ALL INDIA TRINAMOOL CONGRESS,OC,10000000.0,2023-01-21,2630,18
ALL INDIA TRINAMOOL CONGRESS,OC,10000000.0,2023-01-21,2630,18
ALL INDIA TRINAMOOL CONGRESS,OC,10000000.0,2023-01-21,2630,18
ALL INDIA TRINAMOOL CONGRESS,OC,10000000.0,2023-01-21,2630,18
ALL INDIA TRINAMOOL CONGRESS,OC,10000000.0,2023-01-21,2630,18
ALL INDIA TRINAMOOL CONGRESS,OC,10000000.0,2023-01-21,2630,18
ALL INDIA TRINAMOOL CONGRESS,OC,10000000.0,2023-01-21,2630,18
ALL INDIA TRINAMOOL CONGRESS,OC,10000000.0,2023-01-21,2630,18
ALL INDIA TRINAMOOL CONGRESS,OC,10000000.0,2023-01-21,1591,18
ALL INDIA TRINAMOOL CONGRESS,OC,10000000.0,2023-01-21,1591,18
ALL INDIA TRINAMOOL CONGRESS,OC,10000000.0,2023-01-21,1591,18
ALL INDIA TRINAMOOL CONGRESS,OC,10000000.0,2023-01-21,1591,18
ALL INDIA TRINAMOOL CONGRESS,OC,10000000.0,2023-01-21,1591,18
ALL INDIA TRINAMOOL CONGRESS,OC,10000000.0,2023-01-21,3987,18
ALL INDIA TRINAMOOL CONGRESS,OC,10000000.0,2023-01-21,3987,18
ALL INDIA TRINAMOOL CONGRESS,OC,10000000.0,2023-01-21,1350,18
ALL INDIA TRINAMOOL CONGRESS,OC,10000000.0,2023-01-24,146,18
ALL INDIA TRINAMOOL CONGRESS,OC,10000000.0,2023-01-24,2999,18
ALL INDIA TRINAMOOL CONGRESS,OC,10000000.0,2023-01-24,786,18
ALL INDIA TRINAMOOL CONGRESS,OC,10000000.0,2023-01-24,786,18
ALL INDIA TRINAMOOL CONGRESS,OC,10000000.0,2023-01-24,786,18
ALL INDIA TRINAMOOL CONGRESS,OC,10000000.0,2023-01-24,786,18
ALL INDIA TRINAMOOL CONGRESS,OC,10000000.0,2023-01-24,786,18
ALL INDIA TRINAMOOL CONGRESS,OC,10000000.0,2023-01-24,786,18
ALL INDIA TRINAMOOL CONGRESS,OC,10000000.0,2023-01-24,786,18
ALL INDIA TRINAMOOL CONGRESS,OC,10000000.0,2023-01-24,786,18
ALL INDIA TRINAMOOL CONGRESS,OC,10000000.0,2023-01-24,786,18
ALL INDIA TRINAMOOL CONGRESS,OC,10000000.0,2023-01-24,786,18
ALL INDIA TRINAMOOL CONGRESS,OC,10000000.0,2023-01-24,786,18
ALL INDIA TRINAMOOL CONGRESS,OC,10000000.0,2023-01-24,786,18
ALL INDIA TRINAMOOL CONGRESS,OC,10000000.0,2023-01-24,786,18
ALL INDIA TRINAMOOL CONGRESS,OC,10000000.0,2023-01-24,786,18
ALL INDIA TRINAMOOL CONGRESS,OC,10000000.0,2023-01-24,786,18
ALL INDIA TRINAMOOL CONGRESS,OC,10000000.0,2023-01-24,786,18
ALL INDIA TRINAMOOL CONGRESS,OC,10000000.0,2023-01-24,786,18
ALL INDIA TRINAMOOL CONGRESS,OC,10000000.0,2023-01-24,786,18
ALL INDIA TRINAMOOL CONGRESS,OC,10000000.0,2023-01-24,786,18
ALL INDIA TRINAMOOL CONGRESS,OC,10000000.0,2023-01-24,786,18
ALL INDIA TRINAMOOL CONGRESS,OC,10000000.0,2023-01-27,102,18
ALL INDIA TRINAMOOL CONGRESS,OC,10000000.0,2023-01-27,102,18
ALL INDIA TRINAMOOL CONGRESS,OC,10000000.0,2023-01-27,102,18
ALL INDIA TRINAMOOL CONGRESS,OC,10000000.0,2023-01-27,102,18
ALL INDIA TRINAMOOL CONGRESS,TL,1000000.0,2023-01-21,1350,18
ALL INDIA TRINAMOOL CONGRESS,TL,1000000.0,2023-01-21,1350,18
ALL INDIA TRINAMOOL CONGRESS,TL,1000000.0,2023-01-21,1350,18
ALL INDIA TRINAMOOL CONGRESS,TL,1000000.0,2023-01-21,1350,18
ALL INDIA TRINAMOOL CONGRESS,TL,1000000.0,2023-01-21,1350,18
ALL INDIA TRINAMOOL CONGRESS,TL,1000000.0,2023-01-24,146,18
ALL INDIA TRINAMOOL CONGRESS,TL,1000000.0,2023-01-24,146,18
ALL INDIA TRINAMOOL CONGRESS,TL,1000000.0,2023-01-24,146,18
ALL INDIA TRINAMOOL CONGRESS,TL,1000000.0,2023-01-24,146,18
ALL INDIA TRINAMOOL CONGRESS,TL,1000000.0,2023-01-24,146,18
ALL INDIA TRINAMOOL CONGRESS,TL,1000000.0,2023-01-27,1453,18
ALL INDIA TRINAMOOL CONGRESS,TL,1000000.0,2023-01-27,1453,18
ALL INDIA TRINAMOOL CONGRESS,TL,1000000.0,2023-01-27,1453,18
ALL INDIA TRINAMOOL CONGRESS,TL,1000000.0,2023-01-27,1453,18
ALL INDIA TRINAMOOL CONGRESS,TL,1000000.0,2023-01-27,1453,18
ALL INDIA TRINAMOOL CONGRESS,OC,10000000.0,2023-01-25,786,18
ALL INDIA TRINAMOOL CONGRESS,OC,10000000.0,2023-01-25,786,18
ALL INDIA TRINAMOOL CONGRESS,OC,10000000.0,2023-01-25,786,18
ALL INDIA TRINAMOOL CONGRESS,OC,10000000.0,2023-01-25,786,18
ALL INDIA TRINAMOOL CONGRESS,OC,10000000.0,2023-01-25,786,18
ALL INDIA TRINAMOOL CONGRESS,OC,10000000.0,2023-01-25,786,18
ALL INDIA TRINAMOOL CONGRESS,OC,10000000.0,2023-01-25,786,18
ALL INDIA TRINAMOOL CONGRESS,OC,10000000.0,2023-01-25,786,18
ALL INDIA TRINAMOOL CONGRESS,OC,10000000.0,2023-01-25,786,18
ALL INDIA TRINAMOOL CONGRESS,OC,10000000.0,2023-01-25,786,18
ALL INDIA TRINAMOOL CONGRESS,OC,10000000.0,2023-01-25,786,18
ALL INDIA TRINAMOOL CONGRESS,OC,10000000.0,2023-01-25,786,18
ALL INDIA TRINAMOOL CONGRESS,OC,10000000.0,2023-01-25,786,18
ALL INDIA TRINAMOOL CONGRESS,OC,10000000.0,2023-01-25,786,18
ALL INDIA TRINAMOOL CONGRESS,OC,10000000.0,2023-01-25,786,18
ALL INDIA TRINAMOOL CONGRESS,OC,10000000.0,2023-01-27,102,18
ALL INDIA TRINAMOOL CONGRESS,OC,10000000.0,2023-01-27,102,18
ALL INDIA TRINAMOOL CONGRESS,OC,10000000.0,2023-01-27,102,18
ALL INDIA TRINAMOOL CONGRESS,OC,10000000.0,2023-01-27,102,18
ALL INDIA TRINAMOOL CONGRESS,OC,10000000.0,2023-01-27,102,18
ALL INDIA TRINAMOOL CONGRESS,OC,10000000.0,2023-04-05,2155,20
ALL INDIA TRINAMOOL CONGRESS,OC,10000000.0,2023-04-05,2155,20
ALL INDIA TRINAMOOL CONGRESS,OC,10000000.0,2023-04-05,942,20
ALL INDIA TRINAMOOL CONGRESS,OC,10000000.0,2023-04-05,942,20
ALL INDIA TRINAMOOL CONGRESS,OC,10000000.0,2023-04-05,942,20
ALL INDIA TRINAMOOL CONGRESS,OC,10000000.0,2023-04-05,942,20
ALL INDIA TRINAMOOL CONGRESS,OC,10000000.0,2023-04-05,942,20
ALL INDIA TRINAMOOL CONGRESS,OC,10000000.0,2023-04-05,942,20
ALL INDIA TRINAMOOL CONGRESS,OC,10000000.0,2023-04-05,942,20
ALL INDIA TRINAMOOL CONGRESS,OC,10000000.0,2023-04-05,942,20
ALL INDIA TRINAMOOL CONGRESS,OC,10000000.0,2023-04-05,942,20
ALL INDIA TRINAMOOL CONGRESS,OC,10000000.0,2023-04-05,942,20
ALL INDIA TRINAMOOL CONGRESS,OC,10000000.0,2023-04-05,942,20
ALL INDIA TRINAMOOL CONGRESS,OC,10000000.0,2023-04-05,942,20
ALL INDIA TRINAMOOL CONGRESS,OC,10000000.0,2023-04-05,942,20
ALL INDIA TRINAMOOL CONGRESS,OC,10000000.0,2023-04-05,942,20
ALL INDIA TRINAMOOL CONGRESS,OC,10000000.0,2023-04-05,942,20
ALL INDIA TRINAMOOL CONGRESS,OC,10000000.0,2023-04-05,942,20
ALL INDIA TRINAMOOL CONGRESS,OC,10000000.0,2023-04-05,942,20
ALL INDIA TRINAMOOL CONGRESS,OC,10000000.0,2023-04-05,942,20
ALL INDIA TRINAMOOL CONGRESS,OC,10000000.0,2023-04-05,942,20
ALL INDIA TRINAMOOL CONGRESS,OC,10000000.0,2023-04-05,942,20
ALL INDIA TRINAMOOL CONGRESS,OC,10000000.0,2023-04-05,1629,20
ALL INDIA TRINAMOOL CONGRESS,OC,10000000.0,2023-04-05,1629,20
ALL INDIA TRINAMOOL CONGRESS,OC,10000000.0,2023-04-05,1629,20
ALL INDIA TRINAMOOL CONGRESS,OC,10000000.0,2023-04-05,1629,20
ALL INDIA TRINAMOOL CONGRESS,OC,10000000.0,2023-04-05,1629,20
ALL INDIA TRINAMOOL CONGRESS,OC,10000000.0,2023-04-05,1629,20
ALL INDIA TRINAMOOL CONGRESS,OC,10000000.0,2023-04-05,1629,20
ALL INDIA TRINAMOOL CONGRESS,OC,10000000.0,2023-04-05,1629,20
ALL INDIA TRINAMOOL CONGRESS,OC,10000000.0,2023-04-05,1629,20
ALL INDIA TRINAMOOL CONGRESS,OC,10000000.0,2023-04-05,1629,20
ALL INDIA TRINAMOOL CONGRESS,OC,10000000.0,2023-04-05,1629,20
ALL INDIA TRINAMOOL CONGRESS,OC,10000000.0,2023-04-05,1629,20
ALL INDIA TRINAMOOL CONGRESS,OC,10000000.0,2023-04-05,1629,20
ALL INDIA TRINAMOOL CONGRESS,OC,10000000.0,2023-04-05,1629,20
ALL INDIA TRINAMOOL CONGRESS,OC,10000000.0,2023-04-05,1629,20
ALL INDIA TRINAMOOL CONGRESS,OC,10000000.0,2023-04-05,2630,20
ALL INDIA TRINAMOOL CONGRESS,OC,10000000.0,2023-04-05,2630,20
ALL INDIA TRINAMOOL CONGRESS,OC,10000000.0,2023-04-05,2630,20
ALL INDIA TRINAMOOL CONGRESS,OC,10000000.0,2023-04-05,2630,20
ALL INDIA TRINAMOOL CONGRESS,OC,10000000.0,2023-04-05,2630,20
ALL INDIA TRINAMOOL CONGRESS,OC,10000000.0,2023-04-05,2630,20
ALL INDIA TRINAMOOL CONGRESS,OC,10000000.0,2023-04-05,2630,20
ALL INDIA TRINAMOOL CONGRESS,OC,10000000.0,2023-04-05,2630,20
ALL INDIA TRINAMOOL CONGRESS,OC,10000000.0,2023-04-05,2630,20
ALL INDIA TRINAMOOL CONGRESS,OC,10000000.0,2023-04-05,2630,20
ALL INDIA TRINAMOOL CONGRESS,OC,10000000.0,2023-04-05,2630,20
ALL INDIA TRINAMOOL CONGRESS,OC,10000000.0,2023-04-05,2630,20
ALL INDIA TRINAMOOL CONGRESS,OC,10000000.0,2023-04-05,2630,20
ALL INDIA TRINAMOOL CONGRESS,OC,10000000.0,2023-04-05,2630,20
ALL INDIA TRINAMOOL CONGRESS,OC,10000000.0,2023-04-05,2630,20
ALL INDIA TRINAMOOL CONGRESS,OC,10000000.0,2023-04-05,2630,20
ALL INDIA TRINAMOOL CONGRESS,OC,10000000.0,2023-04-05,2630,20
ALL INDIA TRINAMOOL CONGRESS,OC,10000000.0,2023-04-05,2630,20
ALL INDIA TRINAMOOL CONGRESS,OC,10000000.0,2023-04-05,2630,20
ALL INDIA TRINAMOOL CONGRESS,OC,10000000.0,2023-04-05,2630,20
ALL INDIA TRINAMOOL CONGRESS,OC,10000000.0,2023-04-05,2630,20
ALL INDIA TRINAMOOL CONGRESS,OC,10000000.0,2023-04-05,2630,20
ALL INDIA TRINAMOOL CONGRESS,OC,10000000.0,2023-04-05,2630,20
ALL INDIA TRINAMOOL CONGRESS,OC,10000000.0,2023-04-05,2630,20
ALL INDIA TRINAMOOL CONGRESS,OC,10000000.0,2023-04-05,2630,20
ALL INDIA TRINAMOOL CONGRESS,OC,10000000.0,2023-04-06,2658,20
ALL INDIA TRINAMOOL CONGRESS,OC,10000000.0,2023-04-06,2658,20
ALL INDIA TRINAMOOL CONGRESS,OC,10000000.0,2023-04-06,2658,20
ALL INDIA TRINAMOOL CONGRESS,OC,10000000.0,2023-04-06,2658,20
ALL INDIA TRINAMOOL CONGRESS,OC,10000000.0,2023-04-06,2658,20
ALL INDIA TRINAMOOL CONGRESS,OC,10000000.0,2023-04-11,1350,20
ALL INDIA TRINAMOOL CONGRESS,TL,1000000.0,2023-04-05,2997,20
ALL INDIA TRINAMOOL CONGRESS,TL,1000000.0,2023-04-05,2997,20
ALL INDIA TRINAMOOL CONGRESS,TL,1000000.0,2023-04-05,2997,20
ALL INDIA TRINAMOOL CONGRESS,TL,1000000.0,2023-04-05,2997,20
ALL INDIA TRINAMOOL CONGRESS,TL,1000000.0,2023-04-05,2997,20
ALL INDIA TRINAMOOL CONGRESS,TL,1000000.0,2023-04-05,2997,20
ALL INDIA TRINAMOOL CONGRESS,TL,1000000.0,2023-04-05,2997,20
ALL INDIA TRINAMOOL CONGRESS,TL,1000000.0,2023-04-05,2997,20
ALL INDIA TRINAMOOL CONGRESS,TL,1000000.0,2023-04-05,2997,20
ALL INDIA TRINAMOOL CONGRESS,TL,1000000.0,2023-04-05,2997,20
ALL INDIA TRINAMOOL CONGRESS,TL,1000000.0,2023-04-05,2997,20
ALL INDIA TRINAMOOL CONGRESS,TL,1000000.0,2023-04-05,2997,20
ALL INDIA TRINAMOOL CONGRESS,TL,1000000.0,2023-04-05,2997,20
ALL INDIA TRINAMOOL CONGRESS,TL,1000000.0,2023-04-05,2833,20
ALL INDIA TRINAMOOL CONGRESS,TL,1000000.0,2023-04-05,2833,20
ALL INDIA TRINAMOOL CONGRESS,TL,1000000.0,2023-04-11,146,20
ALL INDIA TRINAMOOL CONGRESS,TL,1000000.0,2023-04-11,146,20
ALL INDIA TRINAMOOL CONGRESS,TL,1000000.0,2023-04-11,146,20
ALL INDIA TRINAMOOL CONGRESS,TL,1000000.0,2023-04-11,146,20
ALL INDIA TRINAMOOL CONGRESS,TL,1000000.0,2023-04-11,146,20
ALL INDIA TRINAMOOL CONGRESS,TL,1000000.0,2023-04-11,146,20
ALL INDIA TRINAMOOL CONGRESS,TL,1000000.0,2023-04-11,146,20
ALL INDIA TRINAMOOL CONGRESS,OC,10000000.0,2023-04-11,786,20
ALL INDIA TRINAMOOL CONGRESS,OC,10000000.0,2023-04-11,786,20
ALL INDIA TRINAMOOL CONGRESS,OC,10000000.0,2023-04-11,786,20
ALL INDIA TRINAMOOL CONGRESS,OC,10000000.0,2023-04-11,786,20
ALL INDIA TRINAMOOL CONGRESS,OC,10000000.0,2023-04-11,786,20
ALL INDIA TRINAMOOL CONGRESS,OC,10000000.0,2023-04-11,786,20
ALL INDIA TRINAMOOL CONGRESS,OC,10000000.0,2023-04-11,786,20
ALL INDIA TRINAMOOL CONGRESS,OC,10000000.0,2023-04-11,786,20
ALL INDIA TRINAMOOL CONGRESS,OC,10000000.0,2023-04-11,786,20
ALL INDIA TRINAMOOL CONGRESS,OC,10000000.0,2023-04-11,786,20
ALL INDIA TRINAMOOL CONGRESS,TL,1000000.0,2023-04-04,3142,20
ALL INDIA TRINAMOOL CONGRESS,TL,1000000.0,2023-04-04,3142,20
ALL INDIA TRINAMOOL CONGRESS,TL,1000000.0,2023-04-04,3142,20
ALL INDIA TRINAMOOL CONGRESS,TL,1000000.0,2023-04-04,3142,20
ALL INDIA TRINAMOOL CONGRESS,TL,1000000.0,2023-04-04,3142,20
ALL INDIA TRINAMOOL CONGRESS,TL,1000000.0,2023-04-04,3142,20
ALL INDIA TRINAMOOL CONGRESS,TL,1000000.0,2023-04-04,3142,20
ALL INDIA TRINAMOOL CONGRESS,TL,1000000.0,2023-04-05,1277,20
ALL INDIA TRINAMOOL CONGRESS,TL,1000000.0,2023-04-05,1277,20
ALL INDIA TRINAMOOL CONGRESS,TL,1000000.0,2023-04-05,1277,20
ALL INDIA TRINAMOOL CONGRESS,TL,1000000.0,2023-04-11,1350,20
ALL INDIA TRINAMOOL CONGRESS,TL,1000000.0,2023-04-11,1350,20
ALL INDIA TRINAMOOL CONGRESS,TL,1000000.0,2023-04-11,1350,20
ALL INDIA TRINAMOOL CONGRESS,TL,1000000.0,2023-04-11,1350,20
ALL INDIA TRINAMOOL CONGRESS,TL,1000000.0,2023-04-11,1350,20
ALL INDIA TRINAMOOL CONGRESS,TL,1000000.0,2023-04-11,146,20
ALL INDIA TRINAMOOL CONGRESS,TL,1000000.0,2023-04-11,146,20
ALL INDIA TRINAMOOL CONGRESS,TL,1000000.0,2023-04-11,146,20
ALL INDIA TRINAMOOL CONGRESS,OL,100000.0,2023-04-04,3142,20
ALL INDIA TRINAMOOL CONGRESS,OL,100000.0,2023-04-04,3142,20
ALL INDIA TRINAMOOL CONGRESS,OL,100000.0,2023-04-04,3142,20
ALL INDIA TRINAMOOL CONGRESS,OL,100000.0,2023-04-04,3142,20
ALL INDIA TRINAMOOL CONGRESS,OL,100000.0,2023-04-04,3142,20
ALL INDIA TRINAMOOL CONGRESS,OC,10000000.0,2023-04-05,2155,20
ALL INDIA TRINAMOOL CONGRESS,OC,10000000.0,2023-04-10,3852,20
ALL INDIA TRINAMOOL CONGRESS,OC,10000000.0,2023-04-10,3852,20
ALL INDIA TRINAMOOL CONGRESS,OC,10000000.0,2023-04-11,3987,20
ALL INDIA TRINAMOOL CONGRESS,OC,10000000.0,2023-04-11,3987,20
ALL INDIA TRINAMOOL CONGRESS,OC,10000000.0,2023-04-11,3987,20
ALL INDIA TRINAMOOL CONGRESS,OC,10000000.0,2023-04-11,3987,20
ALL INDIA TRINAMOOL CONGRESS,OC,10000000.0,2023-04-11,3987,20
ALL INDIA TRINAMOOL CONGRESS,OC,10000000.0,2023-04-11,3987,20
ALL INDIA TRINAMOOL CONGRESS,OC,10000000.0,2023-04-11,3987,20
ALL INDIA TRINAMOOL CONGRESS,OC,10000000.0,2023-04-11,3987,20
ALL INDIA TRINAMOOL CONGRESS,OC,10000000.0,2023-04-11,2155,20
ALL INDIA TRINAMOOL CONGRESS,TL,1000000.0,2023-04-05,1277,20
ALL INDIA TRINAMOOL CONGRESS,TL,1000000.0,2023-04-05,1277,20
ALL INDIA TRINAMOOL CONGRESS,TL,1000000.0,2023-04-05,1277,20
ALL INDIA TRINAMOOL CONGRESS,TL,1000000.0,2023-04-05,1277,20
ALL INDIA TRINAMOOL CONGRESS,TL,1000000.0,2023-04-05,1277,20
ALL INDIA TRINAMOOL CONGRESS,TL,1000000.0,2023-04-05,1277,20
ALL INDIA TRINAMOOL CONGRESS,TL,1000000.0,2023-04-05,1277,20
ALL INDIA TRINAMOOL CONGRESS,TL,1000000.0,2023-04-05,1277,20
ALL INDIA TRINAMOOL CONGRESS,TL,1000000.0,2023-04-05,1277,20
ALL INDIA TRINAMOOL CONGRESS,TL,1000000.0,2023-04-05,1277,20
ALL INDIA TRINAMOOL CONGRESS,TL,1000000.0,2023-04-05,1277,20
ALL INDIA TRINAMOOL CONGRESS,TL,1000000.0,2023-04-05,1277,20
ALL INDIA TRINAMOOL CONGRESS,TL,1000000.0,2023-04-06,3055,20
ALL INDIA TRINAMOOL CONGRESS,TL,1000000.0,2023-04-06,3055,20
ALL INDIA TRINAMOOL CONGRESS,TL,1000000.0,2023-04-06,3055,20
ALL INDIA TRINAMOOL CONGRESS,TL,1000000.0,2023-04-06,3055,20
ALL INDIA TRINAMOOL CONGRESS,TL,1000000.0,2023-04-06,3055,20
ALL INDIA TRINAMOOL CONGRESS,TL,1000000.0,2023-04-06,2734,20
ALL INDIA TRINAMOOL CONGRESS,TL,1000000.0,2023-04-06,2734,20
ALL INDIA TRINAMOOL CONGRESS,TL,1000000.0,2023-04-06,2734,20
ALL INDIA TRINAMOOL CONGRESS,TL,1000000.0,2023-04-06,2734,20
ALL INDIA TRINAMOOL CONGRESS,TL,1000000.0,2023-04-06,2734,20
ALL INDIA TRINAMOOL CONGRESS,TL,1000000.0,2023-04-06,2734,20
ALL INDIA TRINAMOOL CONGRESS,TL,1000000.0,2023-04-06,2734,20
ALL INDIA TRINAMOOL CONGRESS,TL,1000000.0,2023-04-06,2734,20
ALL INDIA TRINAMOOL CONGRESS,TL,1000000.0,2023-04-06,1607,20
ALL INDIA TRINAMOOL CONGRESS,TL,1000000.0,2023-04-06,1607,20
ALL INDIA TRINAMOOL CONGRESS,TL,1000000.0,2023-04-06,1607,20
ALL INDIA TRINAMOOL CONGRESS,TL,1000000.0,2023-04-06,1607,20
ALL INDIA TRINAMOOL CONGRESS,TL,1000000.0,2023-04-06,1607,20
ALL INDIA TRINAMOOL CONGRESS,TL,1000000.0,2023-04-06,3934,20
ALL INDIA TRINAMOOL CONGRESS,TL,1000000.0,2023-04-06,3934,20
ALL INDIA TRINAMOOL CONGRESS,TL,1000000.0,2023-04-06,3934,20
ALL INDIA TRINAMOOL CONGRESS,TL,1000000.0,2023-04-06,3934,20
ALL INDIA TRINAMOOL CONGRESS,TL,1000000.0,2023-04-06,3934,20
ALL INDIA TRINAMOOL CONGRESS,TL,1000000.0,2023-04-06,3726,20
ALL INDIA TRINAMOOL CONGRESS,TL,1000000.0,2023-04-06,3726,20
ALL INDIA TRINAMOOL CONGRESS,TL,1000000.0,2023-04-06,3726,20
ALL INDIA TRINAMOOL CONGRESS,TL,1000000.0,2023-04-06,3726,20
ALL INDIA TRINAMOOL CONGRESS,TL,1000000.0,2023-04-06,3726,20
ALL INDIA TRINAMOOL CONGRESS,TL,1000000.0,2023-04-10,3852,20
ALL INDIA TRINAMOOL CONGRESS,TL,1000000.0,2023-04-10,3852,20
ALL INDIA TRINAMOOL CONGRESS,TL,1000000.0,2023-04-10,2130,20
ALL INDIA TRINAMOOL CONGRESS,TL,1000000.0,2023-04-10,2130,20
ALL INDIA TRINAMOOL CONGRESS,TL,1000000.0,2023-04-10,2130,20
ALL INDIA TRINAMOOL CONGRESS,TL,1000000.0,2023-04-10,2130,20
ALL INDIA TRINAMOOL CONGRESS,TL,1000000.0,2023-04-10,2130,20
ALL INDIA TRINAMOOL CONGRESS,TL,1000000.0,2023-04-10,175,20
ALL INDIA TRINAMOOL CONGRESS,TL,1000000.0,2023-04-10,175,20
ALL INDIA TRINAMOOL CONGRESS,TL,1000000.0,2023-04-10,175,20
ALL INDIA TRINAMOOL CONGRESS,TL,1000000.0,2023-04-10,175,20
ALL INDIA TRINAMOOL CONGRESS,TL,1000000.0,2023-04-10,175,20
ALL INDIA TRINAMOOL CONGRESS,TL,1000000.0,2023-04-10,175,20
ALL INDIA TRINAMOOL CONGRESS,TL,1000000.0,2023-04-10,175,20
ALL INDIA TRINAMOOL CONGRESS,TL,1000000.0,2023-04-10,1210,20
ALL INDIA TRINAMOOL CONGRESS,TL,1000000.0,2023-04-10,1210,20
ALL INDIA TRINAMOOL CONGRESS,TL,1000000.0,2023-04-10,1210,20
ALL INDIA TRINAMOOL CONGRESS,TL,1000000.0,2023-04-10,1210,20
ALL INDIA TRINAMOOL CONGRESS,TL,1000000.0,2023-04-10,1210,20
ALL INDIA TRINAMOOL CONGRESS,TL,1000000.0,2023-04-10,1210,20
ALL INDIA TRINAMOOL CONGRESS,TL,1000000.0,2023-04-10,1210,20
ALL INDIA TRINAMOOL CONGRESS,TL,1000000.0,2023-04-10,1210,20
ALL INDIA TRINAMOOL CONGRESS,TL,1000000.0,2023-04-10,1210,20
ALL INDIA TRINAMOOL CONGRESS,TL,1000000.0,2023-04-10,1210,20
ALL INDIA TRINAMOOL CONGRESS,TL,1000000.0,2023-04-10,1210,20
ALL INDIA TRINAMOOL CONGRESS,TL,1000000.0,2023-04-10,1210,20
ALL INDIA TRINAMOOL CONGRESS,TL,1000000.0,2023-04-10,1210,20
ALL INDIA TRINAMOOL CONGRESS,TL,1000000.0,2023-04-10,1210,20
ALL INDIA TRINAMOOL CONGRESS,TL,1000000.0,2023-04-10,1210,20
ALL INDIA TRINAMOOL CONGRESS,TL,1000000.0,2023-04-10,1672,20
ALL INDIA TRINAMOOL CONGRESS,TL,1000000.0,2023-04-10,1672,20
ALL INDIA TRINAMOOL CONGRESS,TL,1000000.0,2023-04-10,1672,20
ALL INDIA TRINAMOOL CONGRESS,TL,1000000.0,2023-04-10,1672,20
ALL INDIA TRINAMOOL CONGRESS,TL,1000000.0,2023-04-10,1672,20
ALL INDIA TRINAMOOL CONGRESS,TL,1000000.0,2023-04-10,1672,20
ALL INDIA TRINAMOOL CONGRESS,TL,1000000.0,2023-04-10,1672,20
ALL INDIA TRINAMOOL CONGRESS,TL,1000000.0,2023-04-10,1672,20
ALL INDIA TRINAMOOL CONGRESS,TL,1000000.0,2023-04-10,1672,20
ALL INDIA TRINAMOOL CONGRESS,TL,1000000.0,2023-04-10,1672,20
ALL INDIA TRINAMOOL CONGRESS,TL,1000000.0,2023-04-10,3844,20
ALL INDIA TRINAMOOL CONGRESS,TL,1000000.0,2023-04-10,3844,20
ALL INDIA TRINAMOOL CONGRESS,TL,1000000.0,2023-04-10,3022,20
ALL INDIA TRINAMOOL CONGRESS,TL,1000000.0,2023-04-10,3022,20
ALL INDIA TRINAMOOL CONGRESS,TL,1000000.0,2023-04-10,2104,20
ALL INDIA TRINAMOOL CONGRESS,TL,1000000.0,2023-04-11,2155,20
ALL INDIA TRINAMOOL CONGRESS,TL,1000000.0,2023-04-11,2155,20
ALL INDIA TRINAMOOL CONGRESS,TL,1000000.0,2023-04-11,4125,20
ALL INDIA TRINAMOOL CONGRESS,TL,1000000.0,2023-04-11,4125,20
ALL INDIA TRINAMOOL CONGRESS,TL,1000000.0,2023-04-11,4125,20
ALL INDIA TRINAMOOL CONGRESS,TL,1000000.0,2023-04-11,4125,20
ALL INDIA TRINAMOOL CONGRESS,TL,1000000.0,2023-04-11,4125,20
ALL INDIA TRINAMOOL CONGRESS,TL,1000000.0,2023-04-11,4125,20
ALL INDIA TRINAMOOL CONGRESS,TL,1000000.0,2023-04-11,4125,20
ALL INDIA TRINAMOOL CONGRESS,TL,1000000.0,2023-04-11,4125,20
ALL INDIA TRINAMOOL CONGRESS,TL,1000000.0,2023-04-11,4125,20
ALL INDIA TRINAMOOL CONGRESS,TL,1000000.0,2023-04-11,4125,20
ALL INDIA TRINAMOOL CONGRESS,TL,1000000.0,2023-04-11,4125,20
ALL INDIA TRINAMOOL CONGRESS,TL,1000000.0,2023-04-11,4125,20
ALL INDIA TRINAMOOL CONGRESS,TL,1000000.0,2023-04-11,4125,20
ALL INDIA TRINAMOOL CONGRESS,OL,100000.0,2023-04-10,1321,20
ALL INDIA TRINAMOOL CONGRESS,OL,100000.0,2023-04-10,1321,20
ALL INDIA TRINAMOOL CONGRESS,OL,100000.0,2023-04-10,1321,20
ALL INDIA TRINAMOOL CONGRESS,OL,100000.0,2023-04-10,1321,20
ALL INDIA TRINAMOOL CONGRESS,OL,100000.0,2023-04-10,1321,20
ALL INDIA TRINAMOOL CONGRESS,OL,100000.0,2023-04-10,1321,20
ALL INDIA TRINAMOOL CONGRESS,OL,100000.0,2023-04-10,1321,20
ALL INDIA TRINAMOOL CONGRESS,OL,100000.0,2023-04-10,1321,20
ALL INDIA TRINAMOOL CONGRESS,OL,100000.0,2023-04-10,1321,20
ALL INDIA TRINAMOOL CONGRESS,OL,100000.0,2023-04-10,1321,20
ALL INDIA TRINAMOOL CONGRESS,OL,100000.0,2023-04-10,1321,20
ALL INDIA TRINAMOOL CONGRESS,OL,100000.0,2023-04-10,1321,20
ALL INDIA TRINAMOOL CONGRESS,OL,100000.0,2023-04-10,1321,20
ALL INDIA TRINAMOOL CONGRESS,OL,100000.0,2023-04-10,1321,20
ALL INDIA TRINAMOOL CONGRESS,OL,100000.0,2023-04-10,1321,20
ALL INDIA TRINAMOOL CONGRESS,OL,100000.0,2023-04-10,1967,20
ALL INDIA TRINAMOOL CONGRESS,OL,100000.0,2023-04-10,1967,20
ALL INDIA TRINAMOOL CONGRESS,OL,100000.0,2023-04-10,1967,20
ALL INDIA TRINAMOOL CONGRESS,OL,100000.0,2023-04-10,1967,20
ALL INDIA TRINAMOOL CONGRESS,OL,100000.0,2023-04-10,1967,20
ALL INDIA TRINAMOOL CONGRESS,OL,100000.0,2023-04-10,451,20
ALL INDIA TRINAMOOL CONGRESS,OL,100000.0,2023-04-10,451,20
ALL INDIA TRINAMOOL CONGRESS,OL,100000.0,2023-04-10,451,20
ALL INDIA TRINAMOOL CONGRESS,OL,100000.0,2023-04-10,451,20
ALL INDIA TRINAMOOL CONGRESS,OL,100000.0,2023-04-10,451,20
ALL INDIA TRINAMOOL CONGRESS,OC,10000000.0,2023-04-11,3987,20
ALL INDIA TRINAMOOL CONGRESS,OC,10000000.0,2023-04-11,3987,20
ALL INDIA TRINAMOOL CONGRESS,OC,10000000.0,2023-04-11,3987,20
ALL INDIA TRINAMOOL CONGRESS,OC,10000000.0,2023-04-11,3987,20
ALL INDIA TRINAMOOL CONGRESS,OC,10000000.0,2023-04-11,3987,20
ALL INDIA TRINAMOOL CONGRESS,OC,10000000.0,2023-04-11,3987,20
ALL INDIA TRINAMOOL CONGRESS,OC,10000000.0,2023-04-11,3987,20
ALL INDIA TRINAMOOL CONGRESS,OC,10000000.0,2023-04-11,3833,20
ALL INDIA TRINAMOOL CONGRESS,OC,10000000.0,2023-04-11,3833,20
ALL INDIA TRINAMOOL CONGRESS,OC,10000000.0,2023-04-11,2952,20
ALL INDIA TRINAMOOL CONGRESS,OC,10000000.0,2023-04-11,786,20
ALL INDIA TRINAMOOL CONGRESS,OC,10000000.0,2023-04-11,786,20
ALL INDIA TRINAMOOL CONGRESS,OC,10000000.0,2023-04-11,786,20
ALL INDIA TRINAMOOL CONGRESS,OC,10000000.0,2023-04-11,786,20
ALL INDIA TRINAMOOL CONGRESS,OC,10000000.0,2023-04-11,786,20
ALL INDIA TRINAMOOL CONGRESS,OC,10000000.0,2023-04-11,786,20
ALL INDIA TRINAMOOL CONGRESS,OC,10000000.0,2023-04-11,786,20
ALL INDIA TRINAMOOL CONGRESS,OC,10000000.0,2023-04-11,786,20
ALL INDIA TRINAMOOL CONGRESS,OC,10000000.0,2023-04-11,786,20
ALL INDIA TRINAMOOL CONGRESS,OC,10000000.0,2023-04-11,786,20
ALL INDIA TRINAMOOL CONGRESS,OC,10000000.0,2023-04-11,786,20
ALL INDIA TRINAMOOL CONGRESS,OC,10000000.0,2023-04-11,786,20
ALL INDIA TRINAMOOL CONGRESS,OC,10000000.0,2023-04-11,786,20
ALL INDIA TRINAMOOL CONGRESS,OC,10000000.0,2023-04-11,786,20
ALL INDIA TRINAMOOL CONGRESS,OC,10000000.0,2023-04-11,786,20
ALL INDIA TRINAMOOL CONGRESS,OC,10000000.0,2023-04-11,786,20
ALL INDIA TRINAMOOL CONGRESS,OC,10000000.0,2023-04-11,786,20
ALL INDIA TRINAMOOL CONGRESS,OC,10000000.0,2023-04-11,786,20
ALL INDIA TRINAMOOL CONGRESS,OC,10000000.0,2023-04-11,786,20
ALL INDIA TRINAMOOL CONGRESS,OC,10000000.0,2023-04-11,786,20
ALL INDIA TRINAMOOL CONGRESS,OC,10000000.0,2023-04-11,786,20
ALL INDIA TRINAMOOL CONGRESS,OC,10000000.0,2023-04-11,786,20
ALL INDIA TRINAMOOL CONGRESS,OC,10000000.0,2023-04-11,786,20
ALL INDIA TRINAMOOL CONGRESS,OC,10000000.0,2023-04-11,786,20
ALL INDIA TRINAMOOL CONGRESS,OC,10000000.0,2023-04-11,786,20
ALL INDIA TRINAMOOL CONGRESS,OC,10000000.0,2023-04-11,786,20
ALL INDIA TRINAMOOL CONGRESS,OC,10000000.0,2023-04-11,786,20
ALL INDIA TRINAMOOL CONGRESS,OC,10000000.0,2023-04-11,786,20
ALL INDIA TRINAMOOL CONGRESS,OC,10000000.0,2023-04-11,786,20
ALL INDIA TRINAMOOL CONGRESS,OC,10000000.0,2023-04-11,786,20
ALL INDIA TRINAMOOL CONGRESS,OC,10000000.0,2023-04-11,786,20
ALL INDIA TRINAMOOL CONGRESS,OC,10000000.0,2023-04-11,786,20
ALL INDIA TRINAMOOL CONGRESS,OC,10000000.0,2023-04-11,786,20
ALL INDIA TRINAMOOL CONGRESS,OC,10000000.0,2023-04-11,786,20
ALL INDIA TRINAMOOL CONGRESS,OC,10000000.0,2023-04-11,786,20
ALL INDIA TRINAMOOL CONGRESS,OC,10000000.0,2023-04-11,786,20
ALL INDIA TRINAMOOL CONGRESS,OC,10000000.0,2023-04-11,786,20
ALL INDIA TRINAMOOL CONGRESS,OC,10000000.0,2023-04-11,786,20
ALL INDIA TRINAMOOL CONGRESS,OC,10000000.0,2023-04-11,786,20
ALL INDIA TRINAMOOL CONGRESS,OC,10000000.0,2023-04-11,786,20
ALL INDIA TRINAMOOL CONGRESS,OC,10000000.0,2023-04-11,786,20
ALL INDIA TRINAMOOL CONGRESS,OC,10000000.0,2023-04-11,786,20
ALL INDIA TRINAMOOL CONGRESS,OC,10000000.0,2023-04-11,786,20
ALL INDIA TRINAMOOL CONGRESS,OC,10000000.0,2023-04-11,786,20
ALL INDIA TRINAMOOL CONGRESS,OC,10000000.0,2023-04-11,786,20
ALL INDIA TRINAMOOL CONGRESS,OC,10000000.0,2023-04-11,786,20
ALL INDIA TRINAMOOL CONGRESS,OC,10000000.0,2023-04-11,786,20
ALL INDIA TRINAMOOL CONGRESS,OC,10000000.0,2023-04-11,786,20
ALL INDIA TRINAMOOL CONGRESS,OC,10000000.0,2023-04-11,786,20
ALL INDIA TRINAMOOL CONGRESS,OC,10000000.0,2023-04-11,786,20
ALL INDIA TRINAMOOL CONGRESS,TL,1000000.0,2023-04-11,3379,20
ALL INDIA TRINAMOOL CONGRESS,TL,1000000.0,2023-04-11,3379,20
ALL INDIA TRINAMOOL CONGRESS,TL,1000000.0,2023-04-11,3379,20
ALL INDIA TRINAMOOL CONGRESS,TL,1000000.0,2023-04-11,3379,20
ALL INDIA TRINAMOOL CONGRESS,TL,1000000.0,2023-04-11,3379,20
ALL INDIA TRINAMOOL CONGRESS,TL,1000000.0,2023-04-11,3833,20
ALL INDIA TRINAMOOL CONGRESS,TL,1000000.0,2023-04-11,3833,20
ALL INDIA TRINAMOOL CONGRESS,TL,1000000.0,2023-04-11,3833,20
ALL INDIA TRINAMOOL CONGRESS,TL,1000000.0,2023-04-11,3833,20
ALL INDIA TRINAMOOL CONGRESS,TL,1000000.0,2023-04-11,3833,20
ALL INDIA TRINAMOOL CONGRESS,TL,1000000.0,2023-04-11,2952,20
ALL INDIA TRINAMOOL CONGRESS,TL,1000000.0,2023-04-11,2952,20
ALL INDIA TRINAMOOL CONGRESS,TL,1000000.0,2023-04-11,2952,20
ALL INDIA TRINAMOOL CONGRESS,TL,1000000.0,2023-04-11,2952,20
ALL INDIA TRINAMOOL CONGRESS,TL,1000000.0,2023-04-11,2952,20
ALL INDIA TRINAMOOL CONGRESS,TL,1000000.0,2023-04-11,2155,20
ALL INDIA TRINAMOOL CONGRESS,TL,1000000.0,2023-04-11,2155,20
ALL INDIA TRINAMOOL CONGRESS,TL,1000000.0,2023-04-11,2155,20
ALL INDIA TRINAMOOL CONGRESS,TL,1000000.0,2023-04-11,2155,20
ALL INDIA TRINAMOOL CONGRESS,TL,1000000.0,2023-04-11,2155,20
ALL INDIA TRINAMOOL CONGRESS,TL,1000000.0,2023-04-11,2155,20
ALL INDIA TRINAMOOL CONGRESS,TL,1000000.0,2023-04-11,2155,20
ALL INDIA TRINAMOOL CONGRESS,TL,1000000.0,2023-04-11,2155,20
ALL INDIA TRINAMOOL CONGRESS,TL,1000000.0,2023-04-11,1930,20
ALL INDIA TRINAMOOL CONGRESS,TL,1000000.0,2023-04-11,1930,20
ALL INDIA TRINAMOOL CONGRESS,TL,1000000.0,2023-04-11,1930,20
ALL INDIA TRINAMOOL CONGRESS,TL,1000000.0,2023-04-11,1930,20
ALL INDIA TRINAMOOL CONGRESS,TL,1000000.0,2023-04-11,1930,20
ALL INDIA TRINAMOOL CONGRESS,TL,1000000.0,2023-04-11,1930,20
ALL INDIA TRINAMOOL CONGRESS,TL,1000000.0,2023-04-11,1930,20
ALL INDIA TRINAMOOL CONGRESS,TL,1000000.0,2023-04-11,1930,20
ALL INDIA TRINAMOOL CONGRESS,TL,1000000.0,2023-04-11,4125,20
ALL INDIA TRINAMOOL CONGRESS,TL,1000000.0,2023-04-11,4125,20
ALL INDIA TRINAMOOL CONGRESS,OC,10000000.0,2023-04-12,3815,20
ALL INDIA TRINAMOOL CONGRESS,OC,10000000.0,2023-04-12,2307,20
ALL INDIA TRINAMOOL CONGRESS,OC,10000000.0,2023-04-12,2307,20
ALL INDIA TRINAMOOL CONGRESS,OC,10000000.0,2023-04-12,2307,20
ALL INDIA TRINAMOOL CONGRESS,OC,10000000.0,2023-04-12,2307,20
ALL INDIA TRINAMOOL CONGRESS,OC,10000000.0,2023-04-12,2307,20
ALL INDIA TRINAMOOL CONGRESS,OC,10000000.0,2023-04-12,2307,20
ALL INDIA TRINAMOOL CONGRESS,OC,10000000.0,2023-04-12,3248,20
ALL INDIA TRINAMOOL CONGRESS,OC,10000000.0,2023-04-12,3248,20
ALL INDIA TRINAMOOL CONGRESS,OC,10000000.0,2023-04-12,3248,20
ALL INDIA TRINAMOOL CONGRESS,OC,10000000.0,2023-04-12,3248,20
ALL INDIA TRINAMOOL CONGRESS,OC,10000000.0,2023-04-12,3248,20
ALL INDIA TRINAMOOL CONGRESS,OC,10000000.0,2023-04-12,3248,20
ALL INDIA TRINAMOOL CONGRESS,OC,10000000.0,2023-04-12,1907,20
ALL INDIA TRINAMOOL CONGRESS,OC,10000000.0,2023-04-12,1907,20
ALL INDIA TRINAMOOL CONGRESS,TL,1000000.0,2023-04-12,892,20
ALL INDIA TRINAMOOL CONGRESS,TL,1000000.0,2023-04-12,892,20
ALL INDIA TRINAMOOL CONGRESS,TL,1000000.0,2023-04-12,892,20
ALL INDIA TRINAMOOL CONGRESS,TL,1000000.0,2023-04-12,892,20
ALL INDIA TRINAMOOL CONGRESS,TL,1000000.0,2023-04-12,892,20
ALL INDIA TRINAMOOL CONGRESS,TL,1000000.0,2023-04-12,892,20
ALL INDIA TRINAMOOL CONGRESS,TL,1000000.0,2023-04-12,892,20
ALL INDIA TRINAMOOL CONGRESS,TL,1000000.0,2023-04-12,892,20
ALL INDIA TRINAMOOL CONGRESS,TL,1000000.0,2023-04-12,892,20
ALL INDIA TRINAMOOL CONGRESS,TL,1000000.0,2023-04-12,892,20
ALL INDIA TRINAMOOL CONGRESS,TL,1000000.0,2023-04-12,892,20
ALL INDIA TRINAMOOL CONGRESS,TL,1000000.0,2023-04-12,892,20
ALL INDIA TRINAMOOL CONGRESS,TL,1000000.0,2023-04-12,892,20
ALL INDIA TRINAMOOL CONGRESS,TL,1000000.0,2023-04-12,892,20
ALL INDIA TRINAMOOL CONGRESS,TL,1000000.0,2023-04-12,892,20
ALL INDIA TRINAMOOL CONGRESS,TL,1000000.0,2023-04-12,3559,20
ALL INDIA TRINAMOOL CONGRESS,TL,1000000.0,2023-04-12,3559,20
ALL INDIA TRINAMOOL CONGRESS,TL,1000000.0,2023-04-12,3559,20
ALL INDIA TRINAMOOL CONGRESS,TL,1000000.0,2023-04-12,3559,20
ALL INDIA TRINAMOOL CONGRESS,TL,1000000.0,2023-04-12,3559,20
ALL INDIA TRINAMOOL CONGRESS,TL,1000000.0,2023-04-12,3815,20
ALL INDIA TRINAMOOL CONGRESS,TL,1000000.0,2023-04-12,3815,20
ALL INDIA TRINAMOOL CONGRESS,TL,1000000.0,2023-04-12,3815,20
ALL INDIA TRINAMOOL CONGRESS,TL,1000000.0,2023-04-12,3815,20
ALL INDIA TRINAMOOL CONGRESS,TL,1000000.0,2023-04-12,3815,20
ALL INDIA TRINAMOOL CONGRESS,TL,1000000.0,2023-04-10,2073,20
ALL INDIA TRINAMOOL CONGRESS,TL,1000000.0,2023-04-11,617,20
ALL INDIA TRINAMOOL CONGRESS,TL,1000000.0,2023-04-11,4141,20
ALL INDIA TRINAMOOL CONGRESS,TL,1000000.0,2023-04-11,4141,20
ALL INDIA TRINAMOOL CONGRESS,TL,1000000.0,2023-04-11,4141,20
ALL INDIA TRINAMOOL CONGRESS,TL,1000000.0,2023-04-11,4141,20
ALL INDIA TRINAMOOL CONGRESS,TL,1000000.0,2023-04-11,1551,20
ALL INDIA TRINAMOOL CONGRESS,TL,1000000.0,2023-04-11,1551,20
ALL INDIA TRINAMOOL CONGRESS,TL,1000000.0,2023-04-11,1551,20
ALL INDIA TRINAMOOL CONGRESS,TL,1000000.0,2023-04-11,1551,20
ALL INDIA TRINAMOOL CONGRESS,TL,1000000.0,2023-04-11,1551,20
ALL INDIA TRINAMOOL CONGRESS,TL,1000000.0,2023-04-12,2997,20
ALL INDIA TRINAMOOL CONGRESS,TL,1000000.0,2023-04-12,2997,20
ALL INDIA TRINAMOOL CONGRESS,TL,1000000.0,2023-04-12,2997,20
ALL INDIA TRINAMOOL CONGRESS,TL,1000000.0,2023-04-12,2997,20
ALL INDIA TRINAMOOL CONGRESS,TL,1000000.0,2023-04-12,2997,20
ALL INDIA TRINAMOOL CONGRESS,TL,1000000.0,2023-04-12,2165,20
ALL INDIA TRINAMOOL CONGRESS,TL,1000000.0,2023-04-12,2165,20
ALL INDIA TRINAMOOL CONGRESS,TL,1000000.0,2023-04-12,2165,20
ALL INDIA TRINAMOOL CONGRESS,OL,100000.0,2023-04-12,1583,20
ALL INDIA TRINAMOOL CONGRESS,OL,100000.0,2023-04-12,1645,20
ALL INDIA TRINAMOOL CONGRESS,OL,100000.0,2023-04-12,961,20
ALL INDIA TRINAMOOL CONGRESS,OL,100000.0,2023-04-12,2195,20
ALL INDIA TRINAMOOL CONGRESS,OL,100000.0,2023-04-12,2195,20
ALL INDIA TRINAMOOL CONGRESS,TT,10000.0,2023-04-12,1645,20
ALL INDIA TRINAMOOL CONGRESS,TT,10000.0,2023-04-12,1645,20
ALL INDIA TRINAMOOL CONGRESS,TT,10000.0,2023-04-12,1645,20
ALL INDIA TRINAMOOL CONGRESS,TT,10000.0,2023-04-12,1645,20
ALL INDIA TRINAMOOL CONGRESS,TT,10000.0,2023-04-12,1645,20
ALL INDIA TRINAMOOL CONGRESS,OC,10000000.0,2023-07-06,786,21
ALL INDIA TRINAMOOL CONGRESS,OC,10000000.0,2023-07-06,786,21
ALL INDIA TRINAMOOL CONGRESS,OC,10000000.0,2023-07-06,786,21
ALL INDIA TRINAMOOL CONGRESS,OC,10000000.0,2023-07-06,786,21
ALL INDIA TRINAMOOL CONGRESS,OC,10000000.0,2023-07-06,786,21
ALL INDIA TRINAMOOL CONGRESS,OC,10000000.0,2023-07-06,786,21
ALL INDIA TRINAMOOL CONGRESS,OC,10000000.0,2023-07-06,786,21
ALL INDIA TRINAMOOL CONGRESS,OC,10000000.0,2023-07-06,786,21
ALL INDIA TRINAMOOL CONGRESS,OC,10000000.0,2023-07-06,786,21
ALL INDIA TRINAMOOL CONGRESS,OC,10000000.0,2023-07-06,786,21
ALL INDIA TRINAMOOL CONGRESS,OC,10000000.0,2023-07-06,786,21
ALL INDIA TRINAMOOL CONGRESS,OC,10000000.0,2023-07-06,786,21
ALL INDIA TRINAMOOL CONGRESS,OC,10000000.0,2023-07-06,786,21
ALL INDIA TRINAMOOL CONGRESS,OC,10000000.0,2023-07-06,786,21
ALL INDIA TRINAMOOL CONGRESS,OC,10000000.0,2023-07-06,786,21
ALL INDIA TRINAMOOL CONGRESS,OC,10000000.0,2023-07-06,786,21
ALL INDIA TRINAMOOL CONGRESS,OC,10000000.0,2023-07-06,786,21
ALL INDIA TRINAMOOL CONGRESS,OC,10000000.0,2023-07-06,786,21
ALL INDIA TRINAMOOL CONGRESS,OC,10000000.0,2023-07-06,786,21
ALL INDIA TRINAMOOL CONGRESS,OC,10000000.0,2023-07-06,786,21
ALL INDIA TRINAMOOL CONGRESS,OC,10000000.0,2023-07-06,786,21
ALL INDIA TRINAMOOL CONGRESS,OC,10000000.0,2023-07-06,786,21
ALL INDIA TRINAMOOL CONGRESS,OC,10000000.0,2023-07-06,786,21
ALL INDIA TRINAMOOL CONGRESS,OC,10000000.0,2023-07-06,786,21
ALL INDIA TRINAMOOL CONGRESS,OC,10000000.0,2023-07-06,786,21
ALL INDIA TRINAMOOL CONGRESS,OC,10000000.0,2023-07-06,786,21
ALL INDIA TRINAMOOL CONGRESS,OC,10000000.0,2023-07-06,786,21
ALL INDIA TRINAMOOL CONGRESS,OC,10000000.0,2023-07-06,786,21
ALL INDIA TRINAMOOL CONGRESS,OC,10000000.0,2023-07-06,786,21
ALL INDIA TRINAMOOL CONGRESS,OC,10000000.0,2023-07-06,786,21
ALL INDIA TRINAMOOL CONGRESS,OC,10000000.0,2023-07-06,786,21
ALL INDIA TRINAMOOL CONGRESS,OC,10000000.0,2023-07-06,786,21
ALL INDIA TRINAMOOL CONGRESS,OC,10000000.0,2023-07-06,786,21
ALL INDIA TRINAMOOL CONGRESS,OC,10000000.0,2023-07-06,786,21
ALL INDIA TRINAMOOL CONGRESS,OC,10000000.0,2023-07-06,786,21
ALL INDIA TRINAMOOL CONGRESS,OC,10000000.0,2023-07-06,786,21
ALL INDIA TRINAMOOL CONGRESS,OC,10000000.0,2023-07-06,786,21
ALL INDIA TRINAMOOL CONGRESS,OC,10000000.0,2023-07-06,786,21
ALL INDIA TRINAMOOL CONGRESS,OC,10000000.0,2023-07-06,786,21
ALL INDIA TRINAMOOL CONGRESS,OC,10000000.0,2023-07-06,786,21
ALL INDIA TRINAMOOL CONGRESS,OC,10000000.0,2023-07-06,786,21
ALL INDIA TRINAMOOL CONGRESS,OC,10000000.0,2023-07-06,786,21
ALL INDIA TRINAMOOL CONGRESS,OC,10000000.0,2023-07-06,786,21
ALL INDIA TRINAMOOL CONGRESS,OC,10000000.0,2023-07-05,2658,21
ALL INDIA TRINAMOOL CONGRESS,OC,10000000.0,2023-07-05,2658,21
ALL INDIA TRINAMOOL CONGRESS,OC,10000000.0,2023-07-06,786,21
ALL INDIA TRINAMOOL CONGRESS,OC,10000000.0,2023-07-06,786,21
ALL INDIA TRINAMOOL CONGRESS,OC,10000000.0,2023-07-06,786,21
ALL INDIA TRINAMOOL CONGRESS,OC,10000000.0,2023-07-06,786,21
ALL INDIA TRINAMOOL CONGRESS,OC,10000000.0,2023-07-06,786,21
ALL INDIA TRINAMOOL CONGRESS,OC,10000000.0,2023-07-06,786,21
ALL INDIA TRINAMOOL CONGRESS,OC,10000000.0,2023-07-06,786,21
ALL INDIA TRINAMOOL CONGRESS,OC,10000000.0,2023-07-06,786,21
ALL INDIA TRINAMOOL CONGRESS,OC,10000000.0,2023-07-06,786,21
ALL INDIA TRINAMOOL CONGRESS,OC,10000000.0,2023-07-06,786,21
ALL INDIA TRINAMOOL CONGRESS,OC,10000000.0,2023-07-06,786,21
ALL INDIA TRINAMOOL CONGRESS,OC,10000000.0,2023-07-06,786,21
ALL INDIA TRINAMOOL CONGRESS,OC,10000000.0,2023-07-06,786,21
ALL INDIA TRINAMOOL CONGRESS,OC,10000000.0,2023-07-06,786,21
ALL INDIA TRINAMOOL CONGRESS,OC,10000000.0,2023-07-06,786,21
ALL INDIA TRINAMOOL CONGRESS,OC,10000000.0,2023-07-06,786,21
ALL INDIA TRINAMOOL CONGRESS,OC,10000000.0,2023-07-06,786,21
ALL INDIA TRINAMOOL CONGRESS,OC,10000000.0,2023-07-06,786,21
ALL INDIA TRINAMOOL CONGRESS,OC,10000000.0,2023-07-06,786,21
ALL INDIA TRINAMOOL CONGRESS,OC,10000000.0,2023-07-06,786,21
ALL INDIA TRINAMOOL CONGRESS,OC,10000000.0,2023-07-07,3854,21
ALL INDIA TRINAMOOL CONGRESS,OC,10000000.0,2023-07-10,1350,21
ALL INDIA TRINAMOOL CONGRESS,OC,10000000.0,2023-07-10,1629,21
ALL INDIA TRINAMOOL CONGRESS,OC,10000000.0,2023-07-10,1629,21
ALL INDIA TRINAMOOL CONGRESS,OC,10000000.0,2023-07-10,1629,21
ALL INDIA TRINAMOOL CONGRESS,OC,10000000.0,2023-07-10,1629,21
ALL INDIA TRINAMOOL CONGRESS,OC,10000000.0,2023-07-10,1629,21
ALL INDIA TRINAMOOL CONGRESS,OC,10000000.0,2023-07-10,1629,21
ALL INDIA TRINAMOOL CONGRESS,OC,10000000.0,2023-07-10,1629,21
ALL INDIA TRINAMOOL CONGRESS,OC,10000000.0,2023-07-10,1629,21
ALL INDIA TRINAMOOL CONGRESS,OC,10000000.0,2023-07-10,1629,21
ALL INDIA TRINAMOOL CONGRESS,OC,10000000.0,2023-07-10,1629,21
ALL INDIA TRINAMOOL CONGRESS,OC,10000000.0,2023-07-10,1629,21
ALL INDIA TRINAMOOL CONGRESS,OC,10000000.0,2023-07-10,1629,21
ALL INDIA TRINAMOOL CONGRESS,OC,10000000.0,2023-07-10,1629,21
ALL INDIA TRINAMOOL CONGRESS,OC,10000000.0,2023-07-10,1629,21
ALL INDIA TRINAMOOL CONGRESS,OC,10000000.0,2023-07-10,1629,21
ALL INDIA TRINAMOOL CONGRESS,OC,10000000.0,2023-07-10,2630,21
ALL INDIA TRINAMOOL CONGRESS,OC,10000000.0,2023-07-10,2630,21
ALL INDIA TRINAMOOL CONGRESS,OC,10000000.0,2023-07-10,2630,21
ALL INDIA TRINAMOOL CONGRESS,OC,10000000.0,2023-07-10,2630,21
ALL INDIA TRINAMOOL CONGRESS,OC,10000000.0,2023-07-10,2630,21
ALL INDIA TRINAMOOL CONGRESS,OC,10000000.0,2023-07-10,2630,21
ALL INDIA TRINAMOOL CONGRESS,OC,10000000.0,2023-07-10,2630,21
ALL INDIA TRINAMOOL CONGRESS,OC,10000000.0,2023-07-10,2630,21
ALL INDIA TRINAMOOL CONGRESS,OC,10000000.0,2023-07-10,2630,21
ALL INDIA TRINAMOOL CONGRESS,OC,10000000.0,2023-07-10,2630,21
ALL INDIA TRINAMOOL CONGRESS,OC,10000000.0,2023-07-10,2630,21
ALL INDIA TRINAMOOL CONGRESS,OC,10000000.0,2023-07-10,2630,21
ALL INDIA TRINAMOOL CONGRESS,OC,10000000.0,2023-07-10,2630,21
ALL INDIA TRINAMOOL CONGRESS,OC,10000000.0,2023-07-10,2630,21
ALL INDIA TRINAMOOL CONGRESS,OC,10000000.0,2023-07-10,2630,21
ALL INDIA TRINAMOOL CONGRESS,OC,10000000.0,2023-07-10,2630,21
ALL INDIA TRINAMOOL CONGRESS,OC,10000000.0,2023-07-10,2630,21
ALL INDIA TRINAMOOL CONGRESS,OC,10000000.0,2023-07-10,2630,21
ALL INDIA TRINAMOOL CONGRESS,OC,10000000.0,2023-07-10,2630,21
ALL INDIA TRINAMOOL CONGRESS,OC,10000000.0,2023-07-10,2630,21
ALL INDIA TRINAMOOL CONGRESS,OC,10000000.0,2023-07-11,3154,21
ALL INDIA TRINAMOOL CONGRESS,OC,10000000.0,2023-07-11,3154,21
ALL INDIA TRINAMOOL CONGRESS,OC,10000000.0,2023-07-11,3154,21
ALL INDIA TRINAMOOL CONGRESS,TL,1000000.0,2023-07-07,3854,21
ALL INDIA TRINAMOOL CONGRESS,TL,1000000.0,2023-07-07,3854,21
ALL INDIA TRINAMOOL CONGRESS,TL,1000000.0,2023-07-07,3854,21
ALL INDIA TRINAMOOL CONGRESS,TL,1000000.0,2023-07-07,3854,21
ALL INDIA TRINAMOOL CONGRESS,TL,1000000.0,2023-07-07,3854,21
ALL INDIA TRINAMOOL CONGRESS,TL,1000000.0,2023-07-10,1350,21
ALL INDIA TRINAMOOL CONGRESS,TL,1000000.0,2023-07-10,1350,21
ALL INDIA TRINAMOOL CONGRESS,TL,1000000.0,2023-07-10,1350,21
ALL INDIA TRINAMOOL CONGRESS,TL,1000000.0,2023-07-10,1350,21
ALL INDIA TRINAMOOL CONGRESS,TL,1000000.0,2023-07-10,1350,21
ALL INDIA TRINAMOOL CONGRESS,TL,1000000.0,2023-07-10,146,21
ALL INDIA TRINAMOOL CONGRESS,TL,1000000.0,2023-07-10,146,21
ALL INDIA TRINAMOOL CONGRESS,TL,1000000.0,2023-07-10,146,21
ALL INDIA TRINAMOOL CONGRESS,TL,1000000.0,2023-07-10,146,21
ALL INDIA TRINAMOOL CONGRESS,TL,1000000.0,2023-07-10,146,21
ALL INDIA TRINAMOOL CONGRESS,TL,1000000.0,2023-07-10,146,21
ALL INDIA TRINAMOOL CONGRESS,TL,1000000.0,2023-07-10,146,21
ALL INDIA TRINAMOOL CONGRESS,TL,1000000.0,2023-07-10,146,21
ALL INDIA TRINAMOOL CONGRESS,TL,1000000.0,2023-07-10,146,21
ALL INDIA TRINAMOOL CONGRESS,TL,1000000.0,2023-07-10,146,21
ALL INDIA TRINAMOOL CONGRESS,OC,10000000.0,2023-07-04,2997,21
ALL INDIA TRINAMOOL CONGRESS,OC,10000000.0,2023-07-05,3852,21
ALL INDIA TRINAMOOL CONGRESS,OC,10000000.0,2023-07-05,3852,21
ALL INDIA TRINAMOOL CONGRESS,TL,1000000.0,2023-07-04,3142,21
ALL INDIA TRINAMOOL CONGRESS,TL,1000000.0,2023-07-04,3142,21
ALL INDIA TRINAMOOL CONGRESS,TL,1000000.0,2023-07-04,3142,21
ALL INDIA TRINAMOOL CONGRESS,TL,1000000.0,2023-07-04,3142,21
ALL INDIA TRINAMOOL CONGRESS,TL,1000000.0,2023-07-04,3142,21
ALL INDIA TRINAMOOL CONGRESS,TL,1000000.0,2023-07-04,3142,21
ALL INDIA TRINAMOOL CONGRESS,TL,1000000.0,2023-07-04,3142,21
ALL INDIA TRINAMOOL CONGRESS,TL,1000000.0,2023-07-05,2440,21
ALL INDIA TRINAMOOL CONGRESS,TL,1000000.0,2023-07-05,2440,21
ALL INDIA TRINAMOOL CONGRESS,TL,1000000.0,2023-07-05,2440,21
ALL INDIA TRINAMOOL CONGRESS,TL,1000000.0,2023-07-05,2440,21
ALL INDIA TRINAMOOL CONGRESS,TL,1000000.0,2023-07-05,2440,21
ALL INDIA TRINAMOOL CONGRESS,TL,1000000.0,2023-07-05,2440,21
ALL INDIA TRINAMOOL CONGRESS,TL,1000000.0,2023-07-05,2440,21
ALL INDIA TRINAMOOL CONGRESS,TL,1000000.0,2023-07-05,2440,21
ALL INDIA TRINAMOOL CONGRESS,TL,1000000.0,2023-07-05,2440,21
ALL INDIA TRINAMOOL CONGRESS,TL,1000000.0,2023-07-05,2440,21
ALL INDIA TRINAMOOL CONGRESS,TL,1000000.0,2023-07-05,2440,21
ALL INDIA TRINAMOOL CONGRESS,TL,1000000.0,2023-07-05,2440,21
ALL INDIA TRINAMOOL CONGRESS,TL,1000000.0,2023-07-05,2440,21
ALL INDIA TRINAMOOL CONGRESS,TL,1000000.0,2023-07-05,2440,21
ALL INDIA TRINAMOOL CONGRESS,TL,1000000.0,2023-07-05,2440,21
ALL INDIA TRINAMOOL CONGRESS,TL,1000000.0,2023-07-05,3512,21
ALL INDIA TRINAMOOL CONGRESS,TL,1000000.0,2023-07-05,3512,21
ALL INDIA TRINAMOOL CONGRESS,TL,1000000.0,2023-07-05,3512,21
ALL INDIA TRINAMOOL CONGRESS,TL,1000000.0,2023-07-05,3512,21
ALL INDIA TRINAMOOL CONGRESS,TL,1000000.0,2023-07-05,3512,21
ALL INDIA TRINAMOOL CONGRESS,TL,1000000.0,2023-07-05,3512,21
ALL INDIA TRINAMOOL CONGRESS,TL,1000000.0,2023-07-05,3512,21
ALL INDIA TRINAMOOL CONGRESS,TL,1000000.0,2023-07-05,3512,21
ALL INDIA TRINAMOOL CONGRESS,TL,1000000.0,2023-07-05,3512,21
ALL INDIA TRINAMOOL CONGRESS,TL,1000000.0,2023-07-05,3512,21
ALL INDIA TRINAMOOL CONGRESS,TL,1000000.0,2023-07-05,3512,21
ALL INDIA TRINAMOOL CONGRESS,TL,1000000.0,2023-07-05,3512,21
ALL INDIA TRINAMOOL CONGRESS,TL,1000000.0,2023-07-06,2734,21
ALL INDIA TRINAMOOL CONGRESS,TL,1000000.0,2023-07-06,2734,21
ALL INDIA TRINAMOOL CONGRESS,TL,1000000.0,2023-07-06,2734,21
ALL INDIA TRINAMOOL CONGRESS,TL,1000000.0,2023-07-06,892,21
ALL INDIA TRINAMOOL CONGRESS,TL,1000000.0,2023-07-06,892,21
ALL INDIA TRINAMOOL CONGRESS,TL,1000000.0,2023-07-06,892,21
ALL INDIA TRINAMOOL CONGRESS,TL,1000000.0,2023-07-06,892,21
ALL INDIA TRINAMOOL CONGRESS,TL,1000000.0,2023-07-06,892,21
ALL INDIA TRINAMOOL CONGRESS,TL,1000000.0,2023-07-06,892,21
ALL INDIA TRINAMOOL CONGRESS,TL,1000000.0,2023-07-06,892,21
ALL INDIA TRINAMOOL CONGRESS,TL,1000000.0,2023-07-06,892,21
ALL INDIA TRINAMOOL CONGRESS,TL,1000000.0,2023-07-06,892,21
ALL INDIA TRINAMOOL CONGRESS,TL,1000000.0,2023-07-06,892,21
ALL INDIA TRINAMOOL CONGRESS,TL,1000000.0,2023-07-06,892,21
ALL INDIA TRINAMOOL CONGRESS,TL,1000000.0,2023-07-06,892,21
ALL INDIA TRINAMOOL CONGRESS,TL,1000000.0,2023-07-06,892,21
ALL INDIA TRINAMOOL CONGRESS,OC,10000000.0,2023-07-10,2952,21
ALL INDIA TRINAMOOL CONGRESS,OC,10000000.0,2023-07-11,1930,21
ALL INDIA TRINAMOOL CONGRESS,OC,10000000.0,2023-10-04,2155,22
ALL INDIA TRINAMOOL CONGRESS,OC,10000000.0,2023-10-04,2155,22
ALL INDIA TRINAMOOL CONGRESS,OC,10000000.0,2023-10-04,2155,22
ALL INDIA TRINAMOOL CONGRESS,OC,10000000.0,2023-10-04,2155,22
ALL INDIA TRINAMOOL CONGRESS,OC,10000000.0,2023-10-04,2155,22
ALL INDIA TRINAMOOL CONGRESS,OC,10000000.0,2023-10-04,2155,22
ALL INDIA TRINAMOOL CONGRESS,OC,10000000.0,2023-10-05,2011,22
ALL INDIA TRINAMOOL CONGRESS,OC,10000000.0,2023-10-05,2011,22
ALL INDIA TRINAMOOL CONGRESS,OC,10000000.0,2023-10-05,2011,22
ALL INDIA TRINAMOOL CONGRESS,OC,10000000.0,2023-10-05,2011,22
ALL INDIA TRINAMOOL CONGRESS,OC,10000000.0,2023-10-05,2011,22
ALL INDIA TRINAMOOL CONGRESS,OC,10000000.0,2023-10-05,2011,22
ALL INDIA TRINAMOOL CONGRESS,OC,10000000.0,2023-10-05,2011,22
ALL INDIA TRINAMOOL CONGRESS,OC,10000000.0,2023-10-05,2011,22
ALL INDIA TRINAMOOL CONGRESS,OC,10000000.0,2023-10-05,2011,22
ALL INDIA TRINAMOOL CONGRESS,OC,10000000.0,2023-10-05,2011,22
ALL INDIA TRINAMOOL CONGRESS,OC,10000000.0,2023-10-05,2011,22
ALL INDIA TRINAMOOL CONGRESS,OC,10000000.0,2023-10-05,2011,22
ALL INDIA TRINAMOOL CONGRESS,OC,10000000.0,2023-10-05,2011,22
ALL INDIA TRINAMOOL CONGRESS,OC,10000000.0,2023-10-05,2011,22
ALL INDIA TRINAMOOL CONGRESS,OC,10000000.0,2023-10-05,2011,22
ALL INDIA TRINAMOOL CONGRESS,OC,10000000.0,2023-10-05,2011,22
ALL INDIA TRINAMOOL CONGRESS,OC,10000000.0,2023-10-05,2011,22
ALL INDIA TRINAMOOL CONGRESS,OC,10000000.0,2023-10-05,2011,22
ALL INDIA TRINAMOOL CONGRESS,OC,10000000.0,2023-10-05,2011,22
ALL INDIA TRINAMOOL CONGRESS,OC,10000000.0,2023-10-05,2011,22
ALL INDIA TRINAMOOL CONGRESS,OC,10000000.0,2023-10-05,2011,22
ALL INDIA TRINAMOOL CONGRESS,OC,10000000.0,2023-10-05,2011,22
ALL INDIA TRINAMOOL CONGRESS,OC,10000000.0,2023-10-05,2011,22
ALL INDIA TRINAMOOL CONGRESS,OC,10000000.0,2023-10-05,2011,22
ALL INDIA TRINAMOOL CONGRESS,OC,10000000.0,2023-10-05,2011,22
ALL INDIA TRINAMOOL CONGRESS,OC,10000000.0,2023-10-05,2011,22
ALL INDIA TRINAMOOL CONGRESS,OC,10000000.0,2023-10-05,2011,22
ALL INDIA TRINAMOOL CONGRESS,OC,10000000.0,2023-10-05,2011,22
ALL INDIA TRINAMOOL CONGRESS,OC,10000000.0,2023-10-05,2011,22
ALL INDIA TRINAMOOL CONGRESS,OC,10000000.0,2023-10-05,2011,22
ALL INDIA TRINAMOOL CONGRESS,OC,10000000.0,2023-10-05,2011,22
ALL INDIA TRINAMOOL CONGRESS,OC,10000000.0,2023-10-05,2011,22
ALL INDIA TRINAMOOL CONGRESS,OC,10000000.0,2023-10-05,2011,22
ALL INDIA TRINAMOOL CONGRESS,OC,10000000.0,2023-10-05,2011,22
ALL INDIA TRINAMOOL CONGRESS,OC,10000000.0,2023-10-05,2011,22
ALL INDIA TRINAMOOL CONGRESS,OC,10000000.0,2023-10-05,2011,22
ALL INDIA TRINAMOOL CONGRESS,OC,10000000.0,2023-10-05,2011,22
ALL INDIA TRINAMOOL CONGRESS,OC,10000000.0,2023-10-05,2011,22
ALL INDIA TRINAMOOL CONGRESS,OC,10000000.0,2023-10-05,2011,22
ALL INDIA TRINAMOOL CONGRESS,OC,10000000.0,2023-10-05,2011,22
ALL INDIA TRINAMOOL CONGRESS,OC,10000000.0,2023-10-05,2011,22
ALL INDIA TRINAMOOL CONGRESS,OC,10000000.0,2023-10-05,2011,22
ALL INDIA TRINAMOOL CONGRESS,OC,10000000.0,2023-10-05,2011,22
ALL INDIA TRINAMOOL CONGRESS,OC,10000000.0,2023-10-05,2011,22
ALL INDIA TRINAMOOL CONGRESS,OC,10000000.0,2023-10-05,2011,22
ALL INDIA TRINAMOOL CONGRESS,OC,10000000.0,2023-10-05,2011,22
ALL INDIA TRINAMOOL CONGRESS,OC,10000000.0,2023-10-05,2011,22
ALL INDIA TRINAMOOL CONGRESS,OC,10000000.0,2023-10-05,2011,22
ALL INDIA TRINAMOOL CONGRESS,OC,10000000.0,2023-10-05,2011,22
ALL INDIA TRINAMOOL CONGRESS,OC,10000000.0,2023-10-05,2011,22
ALL INDIA TRINAMOOL CONGRESS,OC,10000000.0,2023-10-05,2011,22
ALL INDIA TRINAMOOL CONGRESS,OC,10000000.0,2023-10-05,2011,22
ALL INDIA TRINAMOOL CONGRESS,OC,10000000.0,2023-10-05,2011,22
ALL INDIA TRINAMOOL CONGRESS,OC,10000000.0,2023-10-05,2011,22
ALL INDIA TRINAMOOL CONGRESS,OC,10000000.0,2023-10-05,2011,22
ALL INDIA TRINAMOOL CONGRESS,OC,10000000.0,2023-10-05,2011,22
ALL INDIA TRINAMOOL CONGRESS,OC,10000000.0,2023-10-05,2011,22
ALL INDIA TRINAMOOL CONGRESS,OC,10000000.0,2023-10-05,2011,22
ALL INDIA TRINAMOOL CONGRESS,OC,10000000.0,2023-10-05,2011,22
ALL INDIA TRINAMOOL CONGRESS,OC,10000000.0,2023-10-05,2011,22
ALL INDIA TRINAMOOL CONGRESS,OC,10000000.0,2023-10-05,2011,22
ALL INDIA TRINAMOOL CONGRESS,OC,10000000.0,2023-10-05,2011,22
ALL INDIA TRINAMOOL CONGRESS,TL,1000000.0,2023-10-04,2155,22
ALL INDIA TRINAMOOL CONGRESS,TL,1000000.0,2023-10-04,2155,22
ALL INDIA TRINAMOOL CONGRESS,TL,1000000.0,2023-10-04,2155,22
ALL INDIA TRINAMOOL CONGRESS,TL,1000000.0,2023-10-04,2155,22
ALL INDIA TRINAMOOL CONGRESS,TL,1000000.0,2023-10-04,2155,22
ALL INDIA TRINAMOOL CONGRESS,TL,1000000.0,2023-10-04,2155,22
ALL INDIA TRINAMOOL CONGRESS,TL,1000000.0,2023-10-04,2155,22
ALL INDIA TRINAMOOL CONGRESS,TL,1000000.0,2023-10-04,2155,22
ALL INDIA TRINAMOOL CONGRESS,TL,1000000.0,2023-10-04,2155,22
ALL INDIA TRINAMOOL CONGRESS,OL,100000.0,2023-10-04,2155,22
ALL INDIA TRINAMOOL CONGRESS,OL,100000.0,2023-10-04,2155,22
ALL INDIA TRINAMOOL CONGRESS,OL,100000.0,2023-10-04,2155,22
ALL INDIA TRINAMOOL CONGRESS,OL,100000.0,2023-10-04,2155,22
ALL INDIA TRINAMOOL CONGRESS,OL,100000.0,2023-10-04,2155,22
ALL INDIA TRINAMOOL CONGRESS,OL,100000.0,2023-10-04,2155,22
ALL INDIA TRINAMOOL CONGRESS,OL,100000.0,2023-10-04,2155,22
ALL INDIA TRINAMOOL CONGRESS,OL,100000.0,2023-10-04,2155,22
ALL INDIA TRINAMOOL CONGRESS,OL,100000.0,2023-10-04,2155,22
ALL INDIA TRINAMOOL CONGRESS,OL,100000.0,2023-10-04,2155,22
ALL INDIA TRINAMOOL CONGRESS,OC,10000000.0,2023-10-05,1112,22
ALL INDIA TRINAMOOL CONGRESS,OC,10000000.0,2023-10-05,1112,22
ALL INDIA TRINAMOOL CONGRESS,OC,10000000.0,2023-10-06,2997,22
ALL INDIA TRINAMOOL CONGRESS,OC,10000000.0,2023-10-06,2997,22
ALL INDIA TRINAMOOL CONGRESS,OC,10000000.0,2023-10-06,2997,22
ALL INDIA TRINAMOOL CONGRESS,OC,10000000.0,2023-10-07,3898,22
ALL INDIA TRINAMOOL CONGRESS,TL,1000000.0,2023-10-05,1112,22
ALL INDIA TRINAMOOL CONGRESS,TL,1000000.0,2023-10-05,1112,22
ALL INDIA TRINAMOOL CONGRESS,TL,1000000.0,2023-10-05,1112,22
ALL INDIA TRINAMOOL CONGRESS,TL,1000000.0,2023-10-05,1112,22
ALL INDIA TRINAMOOL CONGRESS,TL,1000000.0,2023-10-05,1112,22
ALL INDIA TRINAMOOL CONGRESS,TL,1000000.0,2023-10-05,1112,22
ALL INDIA TRINAMOOL CONGRESS,TL,1000000.0,2023-10-05,1112,22
ALL INDIA TRINAMOOL CONGRESS,TL,1000000.0,2023-10-05,1112,22
ALL INDIA TRINAMOOL CONGRESS,TL,1000000.0,2023-10-05,1112,22
ALL INDIA TRINAMOOL CONGRESS,TL,1000000.0,2023-10-06,2997,22
ALL INDIA TRINAMOOL CONGRESS,TL,1000000.0,2023-10-06,2997,22
ALL INDIA TRINAMOOL CONGRESS,TL,1000000.0,2023-10-06,2997,22
ALL INDIA TRINAMOOL CONGRESS,TL,1000000.0,2023-10-06,2997,22
ALL INDIA TRINAMOOL CONGRESS,TL,1000000.0,2023-10-06,2997,22
ALL INDIA TRINAMOOL CONGRESS,TL,1000000.0,2023-10-06,2997,22
ALL INDIA TRINAMOOL CONGRESS,TL,1000000.0,2023-10-06,2997,22
ALL INDIA TRINAMOOL CONGRESS,TL,1000000.0,2023-10-06,2997,22
ALL INDIA TRINAMOOL CONGRESS,TL,1000000.0,2023-10-06,2997,22
ALL INDIA TRINAMOOL CONGRESS,TL,1000000.0,2023-10-06,2997,22
ALL INDIA TRINAMOOL CONGRESS,TL,1000000.0,2023-10-07,2863,22
ALL INDIA TRINAMOOL CONGRESS,TL,1000000.0,2023-10-07,2863,22
ALL INDIA TRINAMOOL CONGRESS,TL,1000000.0,2023-10-07,2863,22
ALL INDIA TRINAMOOL CONGRESS,TL,1000000.0,2023-10-07,458,22
ALL INDIA TRINAMOOL CONGRESS,TL,1000000.0,2023-10-10,3660,22
ALL INDIA TRINAMOOL CONGRESS,TL,1000000.0,2023-10-10,3660,22
ALL INDIA TRINAMOOL CONGRESS,TL,1000000.0,2023-10-10,3660,22
ALL INDIA TRINAMOOL CONGRESS,TL,1000000.0,2023-10-10,3660,22
ALL INDIA TRINAMOOL CONGRESS,TL,1000000.0,2023-10-10,3660,22
ALL INDIA TRINAMOOL CONGRESS,TL,1000000.0,2023-10-11,2836,22
ALL INDIA TRINAMOOL CONGRESS,TL,1000000.0,2023-10-11,2836,22
ALL INDIA TRINAMOOL CONGRESS,TL,1000000.0,2023-10-12,2155,22
ALL INDIA TRINAMOOL CONGRESS,TL,1000000.0,2023-10-12,2155,22
ALL INDIA TRINAMOOL CONGRESS,OL,100000.0,2023-10-05,1112,22
ALL INDIA TRINAMOOL CONGRESS,OL,100000.0,2023-10-05,1112,22
ALL INDIA TRINAMOOL CONGRESS,OL,100000.0,2023-10-05,1112,22
ALL INDIA TRINAMOOL CONGRESS,OL,100000.0,2023-10-05,1112,22
ALL INDIA TRINAMOOL CONGRESS,OL,100000.0,2023-10-05,1112,22
ALL INDIA TRINAMOOL CONGRESS,OL,100000.0,2023-10-05,1112,22
ALL INDIA TRINAMOOL CONGRESS,OL,100000.0,2023-10-05,1112,22
ALL INDIA TRINAMOOL CONGRESS,OL,100000.0,2023-10-05,1112,22
ALL INDIA TRINAMOOL CONGRESS,OL,100000.0,2023-10-05,1112,22
ALL INDIA TRINAMOOL CONGRESS,OL,100000.0,2023-10-05,1112,22
ALL INDIA TRINAMOOL CONGRESS,OL,100000.0,2023-10-07,3898,22
ALL INDIA TRINAMOOL CONGRESS,OL,100000.0,2023-10-07,3898,22
ALL INDIA TRINAMOOL CONGRESS,OL,100000.0,2023-10-07,3898,22
ALL INDIA TRINAMOOL CONGRESS,OL,100000.0,2023-10-07,3898,22
ALL INDIA TRINAMOOL CONGRESS,OL,100000.0,2023-10-07,3898,22
ALL INDIA TRINAMOOL CONGRESS,OL,100000.0,2023-10-07,458,22
ALL INDIA TRINAMOOL CONGRESS,OL,100000.0,2023-10-07,458,22
ALL INDIA TRINAMOOL CONGRESS,OL,100000.0,2023-10-07,458,22
ALL INDIA TRINAMOOL CONGRESS,OL,100000.0,2023-10-07,458,22
ALL INDIA TRINAMOOL CONGRESS,OL,100000.0,2023-10-07,458,22
ALL INDIA TRINAMOOL CONGRESS,OL,100000.0,2023-10-12,4016,22
ALL INDIA TRINAMOOL CONGRESS,OL,100000.0,2023-10-12,4016,22
ALL INDIA TRINAMOOL CONGRESS,OL,100000.0,2023-10-12,4016,22
ALL INDIA TRINAMOOL CONGRESS,OL,100000.0,2023-10-12,4016,22
ALL INDIA TRINAMOOL CONGRESS,OL,100000.0,2023-10-12,4016,22
ALL INDIA TRINAMOOL CONGRESS,OC,10000000.0,2023-10-06,2630,22
ALL INDIA TRINAMOOL CONGRESS,OC,10000000.0,2023-10-06,2630,22
ALL INDIA TRINAMOOL CONGRESS,OC,10000000.0,2023-10-06,2630,22
ALL INDIA TRINAMOOL CONGRESS,OC,10000000.0,2023-10-06,2630,22
ALL INDIA TRINAMOOL CONGRESS,OC,10000000.0,2023-10-06,2630,22
ALL INDIA TRINAMOOL CONGRESS,OC,10000000.0,2023-10-06,2630,22
ALL INDIA TRINAMOOL CONGRESS,OC,10000000.0,2023-10-06,2630,22
ALL INDIA TRINAMOOL CONGRESS,OC,10000000.0,2023-10-06,2630,22
ALL INDIA TRINAMOOL CONGRESS,OC,10000000.0,2023-10-06,2630,22
ALL INDIA TRINAMOOL CONGRESS,OC,10000000.0,2023-10-06,2630,22
ALL INDIA TRINAMOOL CONGRESS,OC,10000000.0,2023-10-06,2630,22
ALL INDIA TRINAMOOL CONGRESS,OC,10000000.0,2023-10-06,2630,22
ALL INDIA TRINAMOOL CONGRESS,OC,10000000.0,2023-10-06,2630,22
ALL INDIA TRINAMOOL CONGRESS,OC,10000000.0,2023-10-06,2630,22
ALL INDIA TRINAMOOL CONGRESS,OC,10000000.0,2023-10-06,2630,22
ALL INDIA TRINAMOOL CONGRESS,OC,10000000.0,2023-10-06,2630,22
ALL INDIA TRINAMOOL CONGRESS,OC,10000000.0,2023-10-06,2630,22
ALL INDIA TRINAMOOL CONGRESS,OC,10000000.0,2023-10-06,2630,22
ALL INDIA TRINAMOOL CONGRESS,OC,10000000.0,2023-10-06,2630,22
ALL INDIA TRINAMOOL CONGRESS,OC,10000000.0,2023-10-06,2630,22
ALL INDIA TRINAMOOL CONGRESS,OC,10000000.0,2023-10-06,2630,22
ALL INDIA TRINAMOOL CONGRESS,OC,10000000.0,2023-10-06,2630,22
ALL INDIA TRINAMOOL CONGRESS,OC,10000000.0,2023-10-06,2630,22
ALL INDIA TRINAMOOL CONGRESS,OC,10000000.0,2023-10-06,2630,22
ALL INDIA TRINAMOOL CONGRESS,OC,10000000.0,2023-10-06,2630,22
ALL INDIA TRINAMOOL CONGRESS,OC,10000000.0,2023-10-06,1629,22
ALL INDIA TRINAMOOL CONGRESS,OC,10000000.0,2023-10-06,1629,22
ALL INDIA TRINAMOOL CONGRESS,OC,10000000.0,2023-10-06,1629,22
ALL INDIA TRINAMOOL CONGRESS,OC,10000000.0,2023-10-06,1629,22
ALL INDIA TRINAMOOL CONGRESS,OC,10000000.0,2023-10-06,1629,22
ALL INDIA TRINAMOOL CONGRESS,OC,10000000.0,2023-10-06,1629,22
ALL INDIA TRINAMOOL CONGRESS,OC,10000000.0,2023-10-06,1629,22
ALL INDIA TRINAMOOL CONGRESS,OC,10000000.0,2023-10-06,1629,22
ALL INDIA TRINAMOOL CONGRESS,OC,10000000.0,2023-10-06,1629,22
ALL INDIA TRINAMOOL CONGRESS,OC,10000000.0,2023-10-06,1629,22
ALL INDIA TRINAMOOL CONGRESS,OC,10000000.0,2023-10-06,1629,22
ALL INDIA TRINAMOOL CONGRESS,OC,10000000.0,2023-10-06,1629,22
ALL INDIA TRINAMOOL CONGRESS,OC,10000000.0,2023-10-06,1629,22
ALL INDIA TRINAMOOL CONGRESS,OC,10000000.0,2023-10-06,1629,22
ALL INDIA TRINAMOOL CONGRESS,OC,10000000.0,2023-10-06,1629,22
ALL INDIA TRINAMOOL CONGRESS,OC,10000000.0,2023-10-09,3158,22
ALL INDIA TRINAMOOL CONGRESS,OC,10000000.0,2023-10-09,2155,22
ALL INDIA TRINAMOOL CONGRESS,OC,10000000.0,2023-10-09,2155,22
ALL INDIA TRINAMOOL CONGRESS,OC,10000000.0,2023-10-10,3660,22
ALL INDIA TRINAMOOL CONGRESS,OC,10000000.0,2023-10-10,3660,22
ALL INDIA TRINAMOOL CONGRESS,OC,10000000.0,2023-10-10,3660,22
ALL INDIA TRINAMOOL CONGRESS,OC,10000000.0,2023-10-10,3660,22
ALL INDIA TRINAMOOL CONGRESS,TL,1000000.0,2023-10-07,2155,22
ALL INDIA TRINAMOOL CONGRESS,TL,1000000.0,2023-10-07,2155,22
ALL INDIA TRINAMOOL CONGRESS,TL,1000000.0,2023-10-07,2155,22
ALL INDIA TRINAMOOL CONGRESS,TL,1000000.0,2023-10-07,2155,22
ALL INDIA TRINAMOOL CONGRESS,TL,1000000.0,2023-10-07,2155,22
ALL INDIA TRINAMOOL CONGRESS,TL,1000000.0,2023-10-09,2155,22
ALL INDIA TRINAMOOL CONGRESS,TL,1000000.0,2023-10-09,2155,22
ALL INDIA TRINAMOOL CONGRESS,TL,1000000.0,2023-10-09,2155,22
ALL INDIA TRINAMOOL CONGRESS,TL,1000000.0,2023-10-09,2155,22
ALL INDIA TRINAMOOL CONGRESS,TL,1000000.0,2023-10-09,2155,22
ALL INDIA TRINAMOOL CONGRESS,TL,1000000.0,2023-10-09,2155,22
ALL INDIA TRINAMOOL CONGRESS,TL,1000000.0,2023-10-09,2155,22
ALL INDIA TRINAMOOL CONGRESS,TL,1000000.0,2023-10-09,2155,22
ALL INDIA TRINAMOOL CONGRESS,TL,1000000.0,2023-10-09,2155,22
ALL INDIA TRINAMOOL CONGRESS,TL,1000000.0,2023-10-09,2155,22
ALL INDIA TRINAMOOL CONGRESS,TL,1000000.0,2023-10-11,493,22
ALL INDIA TRINAMOOL CONGRESS,TL,1000000.0,2023-10-11,493,22
ALL INDIA TRINAMOOL CONGRESS,TL,1000000.0,2023-10-11,493,22
ALL INDIA TRINAMOOL CONGRESS,TL,1000000.0,2023-10-11,493,22
ALL INDIA TRINAMOOL CONGRESS,TL,1000000.0,2023-10-11,493,22
ALL INDIA TRINAMOOL CONGRESS,TL,1000000.0,2023-10-11,493,22
ALL INDIA TRINAMOOL CONGRESS,TL,1000000.0,2023-10-11,493,22
ALL INDIA TRINAMOOL CONGRESS,TL,1000000.0,2023-10-11,2836,22
ALL INDIA TRINAMOOL CONGRESS,TL,1000000.0,2023-10-11,2836,22
ALL INDIA TRINAMOOL CONGRESS,TL,1000000.0,2023-10-11,2836,22
ALL INDIA TRINAMOOL CONGRESS,TL,1000000.0,2023-10-11,2836,22
ALL INDIA TRINAMOOL CONGRESS,TL,1000000.0,2023-10-11,2836,22
ALL INDIA TRINAMOOL CONGRESS,TL,1000000.0,2023-10-11,2836,22
ALL INDIA TRINAMOOL CONGRESS,TL,1000000.0,2023-10-11,2836,22
ALL INDIA TRINAMOOL CONGRESS,TL,1000000.0,2023-10-11,2836,22
ALL INDIA TRINAMOOL CONGRESS,TL,1000000.0,2023-10-11,2836,22
ALL INDIA TRINAMOOL CONGRESS,TL,1000000.0,2023-10-11,2836,22
ALL INDIA TRINAMOOL CONGRESS,TL,1000000.0,2023-10-11,2836,22
ALL INDIA TRINAMOOL CONGRESS,TL,1000000.0,2023-10-11,2836,22
ALL INDIA TRINAMOOL CONGRESS,TL,1000000.0,2023-10-11,2836,22
ALL INDIA TRINAMOOL CONGRESS,OL,100000.0,2023-10-11,493,22
ALL INDIA TRINAMOOL CONGRESS,OL,100000.0,2023-10-11,493,22
ALL INDIA TRINAMOOL CONGRESS,OL,100000.0,2023-10-11,493,22
ALL INDIA TRINAMOOL CONGRESS,OL,100000.0,2023-10-11,493,22
ALL INDIA TRINAMOOL CONGRESS,OL,100000.0,2023-10-11,493,22
ALL INDIA TRINAMOOL CONGRESS,OC,10000000.0,2023-10-10,942,22
ALL INDIA TRINAMOOL CONGRESS,OC,10000000.0,2023-10-10,942,22
ALL INDIA TRINAMOOL CONGRESS,OC,10000000.0,2023-10-10,942,22
ALL INDIA TRINAMOOL CONGRESS,OC,10000000.0,2023-10-10,942,22
ALL INDIA TRINAMOOL CONGRESS,OC,10000000.0,2023-10-10,942,22
ALL INDIA TRINAMOOL CONGRESS,OC,10000000.0,2023-10-10,942,22
ALL INDIA TRINAMOOL CONGRESS,OC,10000000.0,2023-10-10,942,22
ALL INDIA TRINAMOOL CONGRESS,OC,10000000.0,2023-10-10,942,22
ALL INDIA TRINAMOOL CONGRESS,OC,10000000.0,2023-10-10,942,22
ALL INDIA TRINAMOOL CONGRESS,OC,10000000.0,2023-10-10,942,22
ALL INDIA TRINAMOOL CONGRESS,OC,10000000.0,2023-10-12,102,22
ALL INDIA TRINAMOOL CONGRESS,OC,10000000.0,2023-10-12,3660,22
ALL INDIA TRINAMOOL CONGRESS,OC,10000000.0,2023-10-13,1112,22
ALL INDIA TRINAMOOL CONGRESS,OC,10000000.0,2023-10-13,1112,22
ALL INDIA TRINAMOOL CONGRESS,OC,10000000.0,2023-10-13,1112,22
ALL INDIA TRINAMOOL CONGRESS,TL,1000000.0,2023-10-12,4016,22
ALL INDIA TRINAMOOL CONGRESS,TL,1000000.0,2023-10-12,4016,22
ALL INDIA TRINAMOOL CONGRESS,TL,1000000.0,2023-10-12,102,22
ALL INDIA TRINAMOOL CONGRESS,TL,1000000.0,2023-10-12,102,22
ALL INDIA TRINAMOOL CONGRESS,TL,1000000.0,2023-10-12,102,22
ALL INDIA TRINAMOOL CONGRESS,TL,1000000.0,2023-10-12,102,22
ALL INDIA TRINAMOOL CONGRESS,TL,1000000.0,2023-10-12,102,22
ALL INDIA TRINAMOOL CONGRESS,TL,1000000.0,2023-10-12,2155,22
ALL INDIA TRINAMOOL CONGRESS,TL,1000000.0,2023-10-12,2155,22
ALL INDIA TRINAMOOL CONGRESS,TL,1000000.0,2023-10-12,2155,22
ALL INDIA TRINAMOOL CONGRESS,TL,1000000.0,2023-10-12,2155,22
ALL INDIA TRINAMOOL CONGRESS,TL,1000000.0,2023-10-12,2155,22
ALL INDIA TRINAMOOL CONGRESS,TL,1000000.0,2023-10-12,2155,22
ALL INDIA TRINAMOOL CONGRESS,TL,1000000.0,2023-10-12,2155,22
ALL INDIA TRINAMOOL CONGRESS,TL,1000000.0,2023-10-12,2155,22
ALL INDIA TRINAMOOL CONGRESS,OL,100000.0,2023-10-12,4016,22
ALL INDIA TRINAMOOL CONGRESS,TT,10000.0,2023-10-12,4016,22
ALL INDIA TRINAMOOL CONGRESS,TT,10000.0,2023-10-12,4016,22
ALL INDIA TRINAMOOL CONGRESS,TT,10000.0,2023-10-12,4016,22
ALL INDIA TRINAMOOL CONGRESS,TT,10000.0,2023-10-12,4016,22
ALL INDIA TRINAMOOL CONGRESS,TT,10000.0,2023-10-12,4016,22
ALL INDIA TRINAMOOL CONGRESS,TT,10000.0,2023-10-12,4016,22
ALL INDIA TRINAMOOL CONGRESS,TT,10000.0,2023-10-12,4016,22
ALL INDIA TRINAMOOL CONGRESS,TT,10000.0,2023-10-12,4016,22
ALL INDIA TRINAMOOL CONGRESS,OT,1000.0,2023-10-12,4016,22
ALL INDIA TRINAMOOL CONGRESS,OT,1000.0,2023-10-12,4016,22
ALL INDIA TRINAMOOL CONGRESS,OT,1000.0,2023-10-12,4016,22
ALL INDIA TRINAMOOL CONGRESS,OT,1000.0,2023-10-12,4016,22
ALL INDIA TRINAMOOL CONGRESS,OT,1000.0,2023-10-12,4016,22
ALL INDIA TRINAMOOL CONGRESS,OT,1000.0,2023-10-12,4016,22
ALL INDIA TRINAMOOL CONGRESS,OT,1000.0,2023-10-12,4016,22
ALL INDIA TRINAMOOL CONGRESS,OT,1000.0,2023-10-12,4016,22
ALL INDIA TRINAMOOL CONGRESS,OC,10000000.0,2023-10-06,2952,22
ALL INDIA TRINAMOOL CONGRESS,OC,10000000.0,2023-10-06,2952,22
ALL INDIA TRINAMOOL CONGRESS,OC,10000000.0,2023-10-06,2997,22
ALL INDIA TRINAMOOL CONGRESS,OC,10000000.0,2023-10-06,2997,22
ALL INDIA TRINAMOOL CONGRESS,OC,10000000.0,2023-10-10,3660,22
ALL INDIA TRINAMOOL CONGRESS,TL,1000000.0,2023-10-06,1277,22
ALL INDIA TRINAMOOL CONGRESS,TL,1000000.0,2023-10-06,1277,22
ALL INDIA TRINAMOOL CONGRESS,TL,1000000.0,2023-10-06,1277,22
ALL INDIA TRINAMOOL CONGRESS,TL,1000000.0,2023-10-06,1277,22
ALL INDIA TRINAMOOL CONGRESS,TL,1000000.0,2023-10-06,1277,22
ALL INDIA TRINAMOOL CONGRESS,TL,1000000.0,2023-10-06,1277,22
ALL INDIA TRINAMOOL CONGRESS,TL,1000000.0,2023-10-06,1277,22
ALL INDIA TRINAMOOL CONGRESS,TL,1000000.0,2023-10-06,1277,22
ALL INDIA TRINAMOOL CONGRESS,TL,1000000.0,2023-10-06,1277,22
ALL INDIA TRINAMOOL CONGRESS,TL,1000000.0,2023-10-06,1277,22
ALL INDIA TRINAMOOL CONGRESS,TL,1000000.0,2023-10-06,1277,22
ALL INDIA TRINAMOOL CONGRESS,TL,1000000.0,2023-10-06,1277,22
ALL INDIA TRINAMOOL CONGRESS,TL,1000000.0,2023-10-06,1277,22
ALL INDIA TRINAMOOL CONGRESS,TL,1000000.0,2023-10-06,1277,22
ALL INDIA TRINAMOOL CONGRESS,TL,1000000.0,2023-10-06,1277,22
ALL INDIA TRINAMOOL CONGRESS,TL,1000000.0,2023-10-06,2997,22
ALL INDIA TRINAMOOL CONGRESS,TL,1000000.0,2023-10-06,2997,22
ALL INDIA TRINAMOOL CONGRESS,TL,1000000.0,2023-10-06,2997,22
ALL INDIA TRINAMOOL CONGRESS,TL,1000000.0,2023-10-06,2997,22
ALL INDIA TRINAMOOL CONGRESS,TL,1000000.0,2023-10-06,2997,22
ALL INDIA TRINAMOOL CONGRESS,TL,1000000.0,2023-10-06,2997,22
ALL INDIA TRINAMOOL CONGRESS,TL,1000000.0,2023-10-06,2997,22
ALL INDIA TRINAMOOL CONGRESS,TL,1000000.0,2023-10-06,2997,22
ALL INDIA TRINAMOOL CONGRESS,TL,1000000.0,2023-10-06,2997,22
ALL INDIA TRINAMOOL CONGRESS,TL,1000000.0,2023-10-06,2997,22
ALL INDIA TRINAMOOL CONGRESS,TL,1000000.0,2023-10-06,1930,22
ALL INDIA TRINAMOOL CONGRESS,TL,1000000.0,2023-10-06,1930,22
ALL INDIA TRINAMOOL CONGRESS,TL,1000000.0,2023-10-06,1930,22
ALL INDIA TRINAMOOL CONGRESS,TL,1000000.0,2023-10-06,1930,22
ALL INDIA TRINAMOOL CONGRESS,TL,1000000.0,2023-10-06,1930,22
ALL INDIA TRINAMOOL CONGRESS,TL,1000000.0,2023-10-06,1930,22
ALL INDIA TRINAMOOL CONGRESS,TL,1000000.0,2023-10-06,1930,22
ALL INDIA TRINAMOOL CONGRESS,TL,1000000.0,2023-10-06,1930,22
ALL INDIA TRINAMOOL CONGRESS,TL,1000000.0,2023-10-13,2232,22
ALL INDIA TRINAMOOL CONGRESS,TL,1000000.0,2023-10-13,2232,22
ALL INDIA TRINAMOOL CONGRESS,TL,1000000.0,2023-10-13,2232,22
ALL INDIA TRINAMOOL CONGRESS,TL,1000000.0,2023-10-13,2232,22
ALL INDIA TRINAMOOL CONGRESS,TL,1000000.0,2023-10-13,2232,22
ALL INDIA TRINAMOOL CONGRESS,TL,1000000.0,2023-10-13,2232,22
ALL INDIA TRINAMOOL CONGRESS,TL,1000000.0,2023-10-13,2232,22
ALL INDIA TRINAMOOL CONGRESS,TL,1000000.0,2023-10-13,2232,22
ALL INDIA TRINAMOOL CONGRESS,TL,1000000.0,2023-10-13,2232,22
ALL INDIA TRINAMOOL CONGRESS,TL,1000000.0,2023-10-13,2232,22
ALL INDIA TRINAMOOL CONGRESS,OL,100000.0,2023-10-06,2952,22
ALL INDIA TRINAMOOL CONGRESS,OL,100000.0,2023-10-06,2952,22
ALL INDIA TRINAMOOL CONGRESS,OL,100000.0,2023-10-06,2952,22
ALL INDIA TRINAMOOL CONGRESS,OL,100000.0,2023-10-06,2952,22
ALL INDIA TRINAMOOL CONGRESS,OL,100000.0,2023-10-06,2952,22
ALL INDIA TRINAMOOL CONGRESS,OL,100000.0,2023-10-06,2952,22
ALL INDIA TRINAMOOL CONGRESS,OL,100000.0,2023-10-06,2952,22
ALL INDIA TRINAMOOL CONGRESS,OL,100000.0,2023-10-06,1930,22
ALL INDIA TRINAMOOL CONGRESS,OL,100000.0,2023-10-06,1930,22
ALL INDIA TRINAMOOL CONGRESS,OL,100000.0,2023-10-06,1930,22
ALL INDIA TRINAMOOL CONGRESS,OL,100000.0,2023-10-06,1930,22
ALL INDIA TRINAMOOL CONGRESS,OL,100000.0,2023-10-06,1930,22
ALL INDIA TRINAMOOL CONGRESS,OC,10000000.0,2023-10-11,3815,22
ALL INDIA TRINAMOOL CONGRESS,OC,10000000.0,2023-10-11,3815,22
ALL INDIA TRINAMOOL CONGRESS,OC,10000000.0,2023-10-11,3248,22
ALL INDIA TRINAMOOL CONGRESS,OC,10000000.0,2023-10-11,3248,22
ALL INDIA TRINAMOOL CONGRESS,OC,10000000.0,2023-10-11,3248,22
ALL INDIA TRINAMOOL CONGRESS,OC,10000000.0,2023-10-11,3248,22
ALL INDIA TRINAMOOL CONGRESS,TL,1000000.0,2023-10-09,2880,22
ALL INDIA TRINAMOOL CONGRESS,TL,1000000.0,2023-10-09,2880,22
ALL INDIA TRINAMOOL CONGRESS,TL,1000000.0,2023-10-09,2880,22
ALL INDIA TRINAMOOL CONGRESS,TL,1000000.0,2023-10-09,2880,22
ALL INDIA TRINAMOOL CONGRESS,TL,1000000.0,2023-10-09,2880,22
ALL INDIA TRINAMOOL CONGRESS,TL,1000000.0,2023-10-09,2880,22
ALL INDIA TRINAMOOL CONGRESS,TL,1000000.0,2023-10-09,2880,22
ALL INDIA TRINAMOOL CONGRESS,TL,1000000.0,2023-10-09,1608,22
ALL INDIA TRINAMOOL CONGRESS,TL,1000000.0,2023-10-09,1608,22
ALL INDIA TRINAMOOL CONGRESS,TL,1000000.0,2023-10-09,1608,22
ALL INDIA TRINAMOOL CONGRESS,TL,1000000.0,2023-10-09,892,22
ALL INDIA TRINAMOOL CONGRESS,TL,1000000.0,2023-10-09,892,22
ALL INDIA TRINAMOOL CONGRESS,TL,1000000.0,2023-10-09,892,22
ALL INDIA TRINAMOOL CONGRESS,TL,1000000.0,2023-10-09,892,22
ALL INDIA TRINAMOOL CONGRESS,TL,1000000.0,2023-10-09,892,22
ALL INDIA TRINAMOOL CONGRESS,TL,1000000.0,2023-10-09,892,22
ALL INDIA TRINAMOOL CONGRESS,TL,1000000.0,2023-10-09,892,22
ALL INDIA TRINAMOOL CONGRESS,TL,1000000.0,2023-10-09,892,22
ALL INDIA TRINAMOOL CONGRESS,TL,1000000.0,2023-10-09,892,22
ALL INDIA TRINAMOOL CONGRESS,TL,1000000.0,2023-10-09,892,22
ALL INDIA TRINAMOOL CONGRESS,TL,1000000.0,2023-10-09,892,22
ALL INDIA TRINAMOOL CONGRESS,TL,1000000.0,2023-10-09,892,22
ALL INDIA TRINAMOOL CONGRESS,TL,1000000.0,2023-10-09,892,22
ALL INDIA TRINAMOOL CONGRESS,TL,1000000.0,2023-10-09,892,22
ALL INDIA TRINAMOOL CONGRESS,TL,1000000.0,2023-10-09,892,22
ALL INDIA TRINAMOOL CONGRESS,TL,1000000.0,2023-10-09,892,22
ALL INDIA TRINAMOOL CONGRESS,TL,1000000.0,2023-10-09,892,22
ALL INDIA TRINAMOOL CONGRESS,TL,1000000.0,2023-10-09,892,22
ALL INDIA TRINAMOOL CONGRESS,TL,1000000.0,2023-10-09,892,22
ALL INDIA TRINAMOOL CONGRESS,TL,1000000.0,2023-10-09,892,22
ALL INDIA TRINAMOOL CONGRESS,TL,1000000.0,2023-10-11,2734,22
ALL INDIA TRINAMOOL CONGRESS,TL,1000000.0,2023-10-11,2734,22
ALL INDIA TRINAMOOL CONGRESS,TL,1000000.0,2023-10-11,2734,22
ALL INDIA TRINAMOOL CONGRESS,TL,1000000.0,2023-10-11,2734,22
ALL INDIA TRINAMOOL CONGRESS,TL,1000000.0,2023-10-11,2734,22
ALL INDIA TRINAMOOL CONGRESS,TL,1000000.0,2023-10-11,2734,22
ALL INDIA TRINAMOOL CONGRESS,TL,1000000.0,2023-10-11,2734,22
ALL INDIA TRINAMOOL CONGRESS,TL,1000000.0,2023-10-11,2734,22
ALL INDIA TRINAMOOL CONGRESS,TL,1000000.0,2023-10-11,3248,22
ALL INDIA TRINAMOOL CONGRESS,TL,1000000.0,2023-10-11,3248,22
ALL INDIA TRINAMOOL CONGRESS,TL,1000000.0,2023-10-11,3248,22
ALL INDIA TRINAMOOL CONGRESS,TL,1000000.0,2023-10-11,3248,22
ALL INDIA TRINAMOOL CONGRESS,TL,1000000.0,2023-10-13,175,22
ALL INDIA TRINAMOOL CONGRESS,TL,1000000.0,2023-10-13,175,22
ALL INDIA TRINAMOOL CONGRESS,TL,1000000.0,2023-10-13,175,22
ALL INDIA TRINAMOOL CONGRESS,TL,1000000.0,2023-10-13,175,22
ALL INDIA TRINAMOOL CONGRESS,TL,1000000.0,2023-10-13,175,22
ALL INDIA TRINAMOOL CONGRESS,TL,1000000.0,2023-10-13,175,22
ALL INDIA TRINAMOOL CONGRESS,TL,1000000.0,2023-10-10,1210,22
ALL INDIA TRINAMOOL CONGRESS,TL,1000000.0,2023-10-10,1210,22
ALL INDIA TRINAMOOL CONGRESS,TL,1000000.0,2023-10-10,1210,22
ALL INDIA TRINAMOOL CONGRESS,TL,1000000.0,2023-10-10,1210,22
ALL INDIA TRINAMOOL CONGRESS,TL,1000000.0,2023-10-10,1210,22
ALL INDIA TRINAMOOL CONGRESS,TL,1000000.0,2023-10-10,1210,22
ALL INDIA TRINAMOOL CONGRESS,TL,1000000.0,2023-10-10,1210,22
ALL INDIA TRINAMOOL CONGRESS,TL,1000000.0,2023-10-10,1210,22
ALL INDIA TRINAMOOL CONGRESS,OL,100000.0,2023-10-09,2880,22
ALL INDIA TRINAMOOL CONGRESS,OL,100000.0,2023-10-10,2909,22
ALL INDIA TRINAMOOL CONGRESS,OC,10000000.0,2023-10-12,61,22
ALL INDIA TRINAMOOL CONGRESS,TL,1000000.0,2023-10-12,61,22
ALL INDIA TRINAMOOL CONGRESS,TL,1000000.0,2023-10-12,61,22
ALL INDIA TRINAMOOL CONGRESS,TL,1000000.0,2023-10-12,61,22
ALL INDIA TRINAMOOL CONGRESS,TL,1000000.0,2023-10-12,61,22
ALL INDIA TRINAMOOL CONGRESS,TL,1000000.0,2023-10-12,61,22
ALL INDIA TRINAMOOL CONGRESS,TL,1000000.0,2023-10-12,61,22
ALL INDIA TRINAMOOL CONGRESS,TL,1000000.0,2023-10-12,61,22
ALL INDIA TRINAMOOL CONGRESS,OC,10000000.0,2023-10-13,3833,22
ALL INDIA TRINAMOOL CONGRESS,OC,10000000.0,2023-10-13,3833,22
ALL INDIA TRINAMOOL CONGRESS,OC,10000000.0,2023-10-13,3833,22
ALL INDIA TRINAMOOL CONGRESS,OL,100000.0,2023-10-13,849,22
ALL INDIA TRINAMOOL CONGRESS,OL,100000.0,2023-10-13,849,22
ALL INDIA TRINAMOOL CONGRESS,OL,100000.0,2023-10-13,849,22
ALL INDIA TRINAMOOL CONGRESS,OC,10000000.0,2023-11-17,3726,23
ALL INDIA TRINAMOOL CONGRESS,OC,10000000.0,2023-11-17,1607,23
ALL INDIA TRINAMOOL CONGRESS,OC,10000000.0,2023-11-17,3934,23
ALL INDIA TRINAMOOL CONGRESS,OC,10000000.0,2023-11-18,1815,23
ALL INDIA TRINAMOOL CONGRESS,OC,10000000.0,2023-11-18,3815,23
ALL INDIA TRINAMOOL CONGRESS,OC,10000000.0,2023-11-18,3815,23
ALL INDIA TRINAMOOL CONGRESS,TL,1000000.0,2023-11-16,2952,23
ALL INDIA TRINAMOOL CONGRESS,TL,1000000.0,2023-11-16,2952,23
ALL INDIA TRINAMOOL CONGRESS,TL,1000000.0,2023-11-16,2952,23
ALL INDIA TRINAMOOL CONGRESS,TL,1000000.0,2023-11-16,2952,23
ALL INDIA TRINAMOOL CONGRESS,TL,1000000.0,2023-11-16,2952,23
ALL INDIA TRINAMOOL CONGRESS,TL,1000000.0,2023-11-16,2952,23
ALL INDIA TRINAMOOL CONGRESS,TL,1000000.0,2023-11-16,2952,23
ALL INDIA TRINAMOOL CONGRESS,OL,100000.0,2023-11-16,2952,23
ALL INDIA TRINAMOOL CONGRESS,OL,100000.0,2023-11-16,2952,23
ALL INDIA TRINAMOOL CONGRESS,OL,100000.0,2023-11-16,2952,23
ALL INDIA TRINAMOOL CONGRESS,OC,10000000.0,2024-01-05,2630,25
ALL INDIA TRINAMOOL CONGRESS,OC,10000000.0,2024-01-05,2630,25
ALL INDIA TRINAMOOL CONGRESS,OC,10000000.0,2024-01-05,2630,25
ALL INDIA TRINAMOOL CONGRESS,OC,10000000.0,2024-01-05,2630,25
ALL INDIA TRINAMOOL CONGRESS,OC,10000000.0,2024-01-05,2630,25
ALL INDIA TRINAMOOL CONGRESS,OC,10000000.0,2024-01-05,2630,25
ALL INDIA TRINAMOOL CONGRESS,OC,10000000.0,2024-01-05,2630,25
ALL INDIA TRINAMOOL CONGRESS,OC,10000000.0,2024-01-05,2630,25
ALL INDIA TRINAMOOL CONGRESS,OC,10000000.0,2024-01-05,2630,25
ALL INDIA TRINAMOOL CONGRESS,OC,10000000.0,2024-01-05,2630,25
ALL INDIA TRINAMOOL CONGRESS,OC,10000000.0,2024-01-05,2630,25
ALL INDIA TRINAMOOL CONGRESS,OC,10000000.0,2024-01-05,2630,25
ALL INDIA TRINAMOOL CONGRESS,OC,10000000.0,2024-01-05,2630,25
ALL INDIA TRINAMOOL CONGRESS,OC,10000000.0,2024-01-05,2630,25
ALL INDIA TRINAMOOL CONGRESS,OC,10000000.0,2024-01-05,2630,25
ALL INDIA TRINAMOOL CONGRESS,OC,10000000.0,2024-01-05,2630,25
ALL INDIA TRINAMOOL CONGRESS,OC,10000000.0,2024-01-05,2630,25
ALL INDIA TRINAMOOL CONGRESS,OC,10000000.0,2024-01-05,2630,25
ALL INDIA TRINAMOOL CONGRESS,OC,10000000.0,2024-01-05,2630,25
ALL INDIA TRINAMOOL CONGRESS,OC,10000000.0,2024-01-05,2630,25
ALL INDIA TRINAMOOL CONGRESS,OC,10000000.0,2024-01-05,2630,25
ALL INDIA TRINAMOOL CONGRESS,OC,10000000.0,2024-01-05,2630,25
ALL INDIA TRINAMOOL CONGRESS,OC,10000000.0,2024-01-05,2630,25
ALL INDIA TRINAMOOL CONGRESS,OC,10000000.0,2024-01-05,2630,25
ALL INDIA TRINAMOOL CONGRESS,OC,10000000.0,2024-01-05,2630,25
ALL INDIA TRINAMOOL CONGRESS,OC,10000000.0,2024-01-05,2630,25
ALL INDIA TRINAMOOL CONGRESS,OC,10000000.0,2024-01-05,2630,25
ALL INDIA TRINAMOOL CONGRESS,OC,10000000.0,2024-01-05,2630,25
ALL INDIA TRINAMOOL CONGRESS,OC,10000000.0,2024-01-05,2630,25
ALL INDIA TRINAMOOL CONGRESS,OC,10000000.0,2024-01-05,2630,25
ALL INDIA TRINAMOOL CONGRESS,OC,10000000.0,2024-01-05,2630,25
ALL INDIA TRINAMOOL CONGRESS,OC,10000000.0,2024-01-05,2630,25
ALL INDIA TRINAMOOL CONGRESS,OC,10000000.0,2024-01-05,2630,25
ALL INDIA TRINAMOOL CONGRESS,OC,10000000.0,2024-01-05,2630,25
ALL INDIA TRINAMOOL CONGRESS,OC,10000000.0,2024-01-05,2630,25
ALL INDIA TRINAMOOL CONGRESS,OC,10000000.0,2024-01-10,2836,25
ALL INDIA TRINAMOOL CONGRESS,OC,10000000.0,2024-01-10,2836,25
ALL INDIA TRINAMOOL CONGRESS,OC,10000000.0,2024-01-09,786,25
ALL INDIA TRINAMOOL CONGRESS,OC,10000000.0,2024-01-09,786,25
ALL INDIA TRINAMOOL CONGRESS,OC,10000000.0,2024-01-09,786,25
ALL INDIA TRINAMOOL CONGRESS,OC,10000000.0,2024-01-09,786,25
ALL INDIA TRINAMOOL CONGRESS,OC,10000000.0,2024-01-09,786,25
ALL INDIA TRINAMOOL CONGRESS,OC,10000000.0,2024-01-09,786,25
ALL INDIA TRINAMOOL CONGRESS,OC,10000000.0,2024-01-09,786,25
ALL INDIA TRINAMOOL CONGRESS,OC,10000000.0,2024-01-09,786,25
ALL INDIA TRINAMOOL CONGRESS,OC,10000000.0,2024-01-09,786,25
ALL INDIA TRINAMOOL CONGRESS,OC,10000000.0,2024-01-09,786,25
ALL INDIA TRINAMOOL CONGRESS,OC,10000000.0,2024-01-09,786,25
ALL INDIA TRINAMOOL CONGRESS,OC,10000000.0,2024-01-09,786,25
ALL INDIA TRINAMOOL CONGRESS,OC,10000000.0,2024-01-09,786,25
ALL INDIA TRINAMOOL CONGRESS,OC,10000000.0,2024-01-09,786,25
ALL INDIA TRINAMOOL CONGRESS,OC,10000000.0,2024-01-09,786,25
ALL INDIA TRINAMOOL CONGRESS,OC,10000000.0,2024-01-09,786,25
ALL INDIA TRINAMOOL CONGRESS,OC,10000000.0,2024-01-09,786,25
ALL INDIA TRINAMOOL CONGRESS,OC,10000000.0,2024-01-09,786,25
ALL INDIA TRINAMOOL CONGRESS,OC,10000000.0,2024-01-09,786,25
ALL INDIA TRINAMOOL CONGRESS,OC,10000000.0,2024-01-09,786,25
ALL INDIA TRINAMOOL CONGRESS,OC,10000000.0,2024-01-09,786,25
ALL INDIA TRINAMOOL CONGRESS,OC,10000000.0,2024-01-09,786,25
ALL INDIA TRINAMOOL CONGRESS,OC,10000000.0,2024-01-09,786,25
ALL INDIA TRINAMOOL CONGRESS,OC,10000000.0,2024-01-09,786,25
ALL INDIA TRINAMOOL CONGRESS,OC,10000000.0,2024-01-09,786,25
ALL INDIA TRINAMOOL CONGRESS,OC,10000000.0,2024-01-09,786,25
ALL INDIA TRINAMOOL CONGRESS,OC,10000000.0,2024-01-09,786,25
ALL INDIA TRINAMOOL CONGRESS,OC,10000000.0,2024-01-09,786,25
ALL INDIA TRINAMOOL CONGRESS,OC,10000000.0,2024-01-09,786,25
ALL INDIA TRINAMOOL CONGRESS,OC,10000000.0,2024-01-09,786,25
ALL INDIA TRINAMOOL CONGRESS,OC,10000000.0,2024-01-09,786,25
ALL INDIA TRINAMOOL CONGRESS,OC,10000000.0,2024-01-09,786,25
ALL INDIA TRINAMOOL CONGRESS,OC,10000000.0,2024-01-09,786,25
ALL INDIA TRINAMOOL CONGRESS,OC,10000000.0,2024-01-09,786,25
ALL INDIA TRINAMOOL CONGRESS,OC,10000000.0,2024-01-09,786,25
ALL INDIA TRINAMOOL CONGRESS,OC,10000000.0,2024-01-09,786,25
ALL INDIA TRINAMOOL CONGRESS,OC,10000000.0,2024-01-09,786,25
ALL INDIA TRINAMOOL CONGRESS,OC,10000000.0,2024-01-09,786,25
ALL INDIA TRINAMOOL CONGRESS,OC,10000000.0,2024-01-09,786,25
ALL INDIA TRINAMOOL CONGRESS,OC,10000000.0,2024-01-09,786,25
ALL INDIA TRINAMOOL CONGRESS,OC,10000000.0,2024-01-09,786,25
ALL INDIA TRINAMOOL CONGRESS,OC,10000000.0,2024-01-09,786,25
ALL INDIA TRINAMOOL CONGRESS,OC,10000000.0,2024-01-09,786,25
ALL INDIA TRINAMOOL CONGRESS,OC,10000000.0,2024-01-09,786,25
ALL INDIA TRINAMOOL CONGRESS,OC,10000000.0,2024-01-09,786,25
ALL INDIA TRINAMOOL CONGRESS,OC,10000000.0,2024-01-09,786,25
ALL INDIA TRINAMOOL CONGRESS,OC,10000000.0,2024-01-09,786,25
ALL INDIA TRINAMOOL CONGRESS,OC,10000000.0,2024-01-09,786,25
ALL INDIA TRINAMOOL CONGRESS,OC,10000000.0,2024-01-09,786,25
ALL INDIA TRINAMOOL CONGRESS,OC,10000000.0,2024-01-09,786,25
ALL INDIA TRINAMOOL CONGRESS,OC,10000000.0,2024-01-09,786,25
ALL INDIA TRINAMOOL CONGRESS,OC,10000000.0,2024-01-09,786,25
ALL INDIA TRINAMOOL CONGRESS,OC,10000000.0,2024-01-09,786,25
ALL INDIA TRINAMOOL CONGRESS,OC,10000000.0,2024-01-09,786,25
ALL INDIA TRINAMOOL CONGRESS,OC,10000000.0,2024-01-09,786,25
ALL INDIA TRINAMOOL CONGRESS,OC,10000000.0,2024-01-09,786,25
ALL INDIA TRINAMOOL CONGRESS,OC,10000000.0,2024-01-09,786,25
ALL INDIA TRINAMOOL CONGRESS,OC,10000000.0,2024-01-09,786,25
ALL INDIA TRINAMOOL CONGRESS,OC,10000000.0,2024-01-09,786,25
ALL INDIA TRINAMOOL CONGRESS,OC,10000000.0,2024-01-09,786,25
ALL INDIA TRINAMOOL CONGRESS,TL,1000000.0,2024-01-10,1576,25
ALL INDIA TRINAMOOL CONGRESS,TL,1000000.0,2024-01-10,1582,25
ALL INDIA TRINAMOOL CONGRESS,TL,1000000.0,2024-01-10,2836,25
ALL INDIA TRINAMOOL CONGRESS,TL,1000000.0,2024-01-10,2836,25
ALL INDIA TRINAMOOL CONGRESS,TL,1000000.0,2024-01-10,2836,25
ALL INDIA TRINAMOOL CONGRESS,TL,1000000.0,2024-01-10,2836,25
ALL INDIA TRINAMOOL CONGRESS,TL,1000000.0,2024-01-10,2836,25
ALL INDIA TRINAMOOL CONGRESS,TL,1000000.0,2024-01-10,2836,25
ALL INDIA TRINAMOOL CONGRESS,TL,1000000.0,2024-01-10,2836,25
ALL INDIA TRINAMOOL CONGRESS,TL,1000000.0,2024-01-10,2836,25
ALL INDIA TRINAMOOL CONGRESS,OC,10000000.0,2024-01-03,1472,25
ALL INDIA TRINAMOOL CONGRESS,OC,10000000.0,2024-01-04,572,25
ALL INDIA TRINAMOOL CONGRESS,OC,10000000.0,2024-01-05,2997,25
ALL INDIA TRINAMOOL CONGRESS,OC,10000000.0,2024-01-08,572,25
ALL INDIA TRINAMOOL CONGRESS,OC,10000000.0,2024-01-10,1810,25
ALL INDIA TRINAMOOL CONGRESS,OC,10000000.0,2024-01-10,1810,25
ALL INDIA TRINAMOOL CONGRESS,OC,10000000.0,2024-01-10,3381,25
ALL INDIA TRINAMOOL CONGRESS,OC,10000000.0,2024-01-10,3381,25
ALL INDIA TRINAMOOL CONGRESS,OC,10000000.0,2024-01-11,572,25
ALL INDIA TRINAMOOL CONGRESS,OC,10000000.0,2024-01-11,1810,25
ALL INDIA TRINAMOOL CONGRESS,TL,1000000.0,2024-01-03,1472,25
ALL INDIA TRINAMOOL CONGRESS,TL,1000000.0,2024-01-03,1472,25
ALL INDIA TRINAMOOL CONGRESS,TL,1000000.0,2024-01-03,1472,25
ALL INDIA TRINAMOOL CONGRESS,TL,1000000.0,2024-01-03,1472,25
ALL INDIA TRINAMOOL CONGRESS,TL,1000000.0,2024-01-03,1472,25
ALL INDIA TRINAMOOL CONGRESS,TL,1000000.0,2024-01-03,1472,25
ALL INDIA TRINAMOOL CONGRESS,TL,1000000.0,2024-01-03,1472,25
ALL INDIA TRINAMOOL CONGRESS,TL,1000000.0,2024-01-03,1472,25
ALL INDIA TRINAMOOL CONGRESS,TL,1000000.0,2024-01-03,1472,25
ALL INDIA TRINAMOOL CONGRESS,TL,1000000.0,2024-01-03,1472,25
ALL INDIA TRINAMOOL CONGRESS,TL,1000000.0,2024-01-03,1472,25
ALL INDIA TRINAMOOL CONGRESS,TL,1000000.0,2024-01-03,1472,25
ALL INDIA TRINAMOOL CONGRESS,TL,1000000.0,2024-01-03,1472,25
ALL INDIA TRINAMOOL CONGRESS,TL,1000000.0,2024-01-03,1472,25
ALL INDIA TRINAMOOL CONGRESS,TL,1000000.0,2024-01-03,1472,25
ALL INDIA TRINAMOOL CONGRESS,TL,1000000.0,2024-01-03,1886,25
ALL INDIA TRINAMOOL CONGRESS,TL,1000000.0,2024-01-03,3139,25
ALL INDIA TRINAMOOL CONGRESS,TL,1000000.0,2024-01-03,615,25
ALL INDIA TRINAMOOL CONGRESS,TL,1000000.0,2024-01-03,615,25
ALL INDIA TRINAMOOL CONGRESS,TL,1000000.0,2024-01-04,572,25
ALL INDIA TRINAMOOL CONGRESS,TL,1000000.0,2024-01-04,572,25
ALL INDIA TRINAMOOL CONGRESS,TL,1000000.0,2024-01-04,572,25
ALL INDIA TRINAMOOL CONGRESS,TL,1000000.0,2024-01-04,572,25
ALL INDIA TRINAMOOL CONGRESS,TL,1000000.0,2024-01-04,572,25
ALL INDIA TRINAMOOL CONGRESS,TL,1000000.0,2024-01-04,572,25
ALL INDIA TRINAMOOL CONGRESS,TL,1000000.0,2024-01-04,572,25
ALL INDIA TRINAMOOL CONGRESS,TL,1000000.0,2024-01-04,572,25
ALL INDIA TRINAMOOL CONGRESS,TL,1000000.0,2024-01-04,572,25
ALL INDIA TRINAMOOL CONGRESS,TL,1000000.0,2024-01-04,572,25
ALL INDIA TRINAMOOL CONGRESS,TL,1000000.0,2024-01-04,572,25
ALL INDIA TRINAMOOL CONGRESS,TL,1000000.0,2024-01-04,572,25
ALL INDIA TRINAMOOL CONGRESS,TL,1000000.0,2024-01-04,572,25
ALL INDIA TRINAMOOL CONGRESS,TL,1000000.0,2024-01-04,572,25
ALL INDIA TRINAMOOL CONGRESS,TL,1000000.0,2024-01-04,572,25
ALL INDIA TRINAMOOL CONGRESS,TL,1000000.0,2024-01-05,572,25
ALL INDIA TRINAMOOL CONGRESS,TL,1000000.0,2024-01-05,572,25
ALL INDIA TRINAMOOL CONGRESS,TL,1000000.0,2024-01-05,572,25
ALL INDIA TRINAMOOL CONGRESS,TL,1000000.0,2024-01-05,572,25
ALL INDIA TRINAMOOL CONGRESS,TL,1000000.0,2024-01-05,572,25
ALL INDIA TRINAMOOL CONGRESS,TL,1000000.0,2024-01-09,111,25
ALL INDIA TRINAMOOL CONGRESS,TL,1000000.0,2024-01-09,111,25
ALL INDIA TRINAMOOL CONGRESS,TL,1000000.0,2024-01-09,111,25
ALL INDIA TRINAMOOL CONGRESS,TL,1000000.0,2024-01-09,111,25
ALL INDIA TRINAMOOL CONGRESS,TL,1000000.0,2024-01-09,111,25
ALL INDIA TRINAMOOL CONGRESS,TL,1000000.0,2024-01-09,2556,25
ALL INDIA TRINAMOOL CONGRESS,TL,1000000.0,2024-01-09,2556,25
ALL INDIA TRINAMOOL CONGRESS,TL,1000000.0,2024-01-09,2556,25
ALL INDIA TRINAMOOL CONGRESS,TL,1000000.0,2024-01-09,2556,25
ALL INDIA TRINAMOOL CONGRESS,TL,1000000.0,2024-01-09,2556,25
ALL INDIA TRINAMOOL CONGRESS,OL,100000.0,2024-01-03,1886,25
ALL INDIA TRINAMOOL CONGRESS,OL,100000.0,2024-01-03,1886,25
ALL INDIA TRINAMOOL CONGRESS,OL,100000.0,2024-01-03,1886,25
ALL INDIA TRINAMOOL CONGRESS,OL,100000.0,2024-01-03,1886,25
ALL INDIA TRINAMOOL CONGRESS,OL,100000.0,2024-01-03,1886,25
ALL INDIA TRINAMOOL CONGRESS,OL,100000.0,2024-01-03,3139,25
ALL INDIA TRINAMOOL CONGRESS,OL,100000.0,2024-01-03,3139,25
ALL INDIA TRINAMOOL CONGRESS,OL,100000.0,2024-01-03,3139,25
ALL INDIA TRINAMOOL CONGRESS,OL,100000.0,2024-01-03,3139,25
ALL INDIA TRINAMOOL CONGRESS,OL,100000.0,2024-01-03,3139,25
ALL INDIA TRINAMOOL CONGRESS,TL,1000000.0,2024-01-04,3062,25
ALL INDIA TRINAMOOL CONGRESS,TL,1000000.0,2024-01-04,3062,25
ALL INDIA TRINAMOOL CONGRESS,TL,1000000.0,2024-01-05,3062,25
ALL INDIA TRINAMOOL CONGRESS,TL,1000000.0,2024-01-05,3062,25
ALL INDIA TRINAMOOL CONGRESS,TL,1000000.0,2024-01-05,3062,25
ALL INDIA TRINAMOOL CONGRESS,TL,1000000.0,2024-01-05,3062,25
ALL INDIA TRINAMOOL CONGRESS,TL,1000000.0,2024-01-05,3062,25
ALL INDIA TRINAMOOL CONGRESS,TL,1000000.0,2024-01-05,2997,25
ALL INDIA TRINAMOOL CONGRESS,TL,1000000.0,2024-01-05,2997,25
ALL INDIA TRINAMOOL CONGRESS,TL,1000000.0,2024-01-05,2997,25
ALL INDIA TRINAMOOL CONGRESS,TL,1000000.0,2024-01-05,2997,25
ALL INDIA TRINAMOOL CONGRESS,TL,1000000.0,2024-01-05,2997,25
ALL INDIA TRINAMOOL CONGRESS,TL,1000000.0,2024-01-06,382,25
ALL INDIA TRINAMOOL CONGRESS,TL,1000000.0,2024-01-06,382,25
ALL INDIA TRINAMOOL CONGRESS,TL,1000000.0,2024-01-06,382,25
ALL INDIA TRINAMOOL CONGRESS,TL,1000000.0,2024-01-06,382,25
ALL INDIA TRINAMOOL CONGRESS,TL,1000000.0,2024-01-06,382,25
ALL INDIA TRINAMOOL CONGRESS,TL,1000000.0,2024-01-06,382,25
ALL INDIA TRINAMOOL CONGRESS,TL,1000000.0,2024-01-06,382,25
ALL INDIA TRINAMOOL CONGRESS,OL,100000.0,2024-01-04,3062,25
ALL INDIA TRINAMOOL CONGRESS,OL,100000.0,2024-01-04,3062,25
ALL INDIA TRINAMOOL CONGRESS,OL,100000.0,2024-01-04,3062,25
ALL INDIA TRINAMOOL CONGRESS,OL,100000.0,2024-01-04,3062,25
ALL INDIA TRINAMOOL CONGRESS,OL,100000.0,2024-01-04,3062,25
ALL INDIA TRINAMOOL CONGRESS,OL,100000.0,2024-01-06,382,25
ALL INDIA TRINAMOOL CONGRESS,OL,100000.0,2024-01-06,382,25
ALL INDIA TRINAMOOL CONGRESS,OL,100000.0,2024-01-06,382,25
ALL INDIA TRINAMOOL CONGRESS,OL,100000.0,2024-01-06,382,25
ALL INDIA TRINAMOOL CONGRESS,OL,100000.0,2024-01-06,382,25
ALL INDIA TRINAMOOL CONGRESS,OC,10000000.0,2024-01-09,3726,25
ALL INDIA TRINAMOOL CONGRESS,OC,10000000.0,2024-01-09,3726,25
ALL INDIA TRINAMOOL CONGRESS,OC,10000000.0,2024-01-09,3934,25
ALL INDIA TRINAMOOL CONGRESS,OC,10000000.0,2024-01-09,3934,25
ALL INDIA TRINAMOOL CONGRESS,OC,10000000.0,2024-01-09,2250,25
ALL INDIA TRINAMOOL CONGRESS,TL,1000000.0,2024-01-08,892,25
ALL INDIA TRINAMOOL CONGRESS,TL,1000000.0,2024-01-08,892,25
ALL INDIA TRINAMOOL CONGRESS,TL,1000000.0,2024-01-09,61,25
ALL INDIA TRINAMOOL CONGRESS,TL,1000000.0,2024-01-09,61,25
ALL INDIA TRINAMOOL CONGRESS,OL,100000.0,2024-01-09,849,25
ALL INDIA TRINAMOOL CONGRESS,OL,100000.0,2024-01-09,849,25
ALL INDIA TRINAMOOL CONGRESS,OL,100000.0,2024-01-09,849,25
ALL INDIA TRINAMOOL CONGRESS,OL,100000.0,2024-01-09,849,25
ALL INDIA TRINAMOOL CONGRESS,OL,100000.0,2024-01-09,849,25
ALL INDIA TRINAMOOL CONGRESS,OC,10000000.0,2024-01-09,3815,25
ALL INDIA TRINAMOOL CONGRESS,TL,1000000.0,2024-01-08,3142,25
ALL INDIA TRINAMOOL CONGRESS,TL,1000000.0,2024-01-08,3142,25
ALL INDIA TRINAMOOL CONGRESS,TL,1000000.0,2024-01-08,3142,25
ALL INDIA TRINAMOOL CONGRESS,TL,1000000.0,2024-01-08,3142,25
ALL INDIA TRINAMOOL CONGRESS,TL,1000000.0,2024-01-08,3142,25
ALL INDIA TRINAMOOL CONGRESS,TL,1000000.0,2024-01-08,2952,25
ALL INDIA TRINAMOOL CONGRESS,TL,1000000.0,2024-01-08,2952,25
ALL INDIA TRINAMOOL CONGRESS,TL,1000000.0,2024-01-08,2952,25
ALL INDIA TRINAMOOL CONGRESS,TL,1000000.0,2024-01-08,2952,25
ALL INDIA TRINAMOOL CONGRESS,TL,1000000.0,2024-01-08,2952,25
ALL INDIA TRINAMOOL CONGRESS,TL,1000000.0,2024-01-08,2952,25
ALL INDIA TRINAMOOL CONGRESS,TL,1000000.0,2024-01-08,3559,25
ALL INDIA TRINAMOOL CONGRESS,TL,1000000.0,2024-01-08,3559,25
ALL INDIA TRINAMOOL CONGRESS,TL,1000000.0,2024-01-08,3559,25
ALL INDIA TRINAMOOL CONGRESS,TL,1000000.0,2024-01-08,3559,25
ALL INDIA TRINAMOOL CONGRESS,TL,1000000.0,2024-01-08,3559,25
ALL INDIA TRINAMOOL CONGRESS,TL,1000000.0,2024-01-08,3559,25
ALL INDIA TRINAMOOL CONGRESS,TL,1000000.0,2024-01-08,3559,25
ALL INDIA TRINAMOOL CONGRESS,TL,1000000.0,2024-01-08,3559,25
ALL INDIA TRINAMOOL CONGRESS,TL,1000000.0,2024-01-08,892,25
ALL INDIA TRINAMOOL CONGRESS,TL,1000000.0,2024-01-08,892,25
ALL INDIA TRINAMOOL CONGRESS,TL,1000000.0,2024-01-08,892,25
ALL INDIA TRINAMOOL CONGRESS,TL,1000000.0,2024-01-08,892,25
ALL INDIA TRINAMOOL CONGRESS,TL,1000000.0,2024-01-08,892,25
ALL INDIA TRINAMOOL CONGRESS,TL,1000000.0,2024-01-08,892,25
ALL INDIA TRINAMOOL CONGRESS,TL,1000000.0,2024-01-08,892,25
ALL INDIA TRINAMOOL CONGRESS,TL,1000000.0,2024-01-08,892,25
ALL INDIA TRINAMOOL CONGRESS,TL,1000000.0,2024-01-08,892,25
ALL INDIA TRINAMOOL CONGRESS,TL,1000000.0,2024-01-08,892,25
ALL INDIA TRINAMOOL CONGRESS,TL,1000000.0,2024-01-08,892,25
ALL INDIA TRINAMOOL CONGRESS,TL,1000000.0,2024-01-08,892,25
ALL INDIA TRINAMOOL CONGRESS,TL,1000000.0,2024-01-08,892,25
ALL INDIA TRINAMOOL CONGRESS,TL,1000000.0,2024-01-08,892,25
ALL INDIA TRINAMOOL CONGRESS,TL,1000000.0,2024-01-08,892,25
ALL INDIA TRINAMOOL CONGRESS,TL,1000000.0,2024-01-08,892,25
ALL INDIA TRINAMOOL CONGRESS,TL,1000000.0,2024-01-08,892,25
ALL INDIA TRINAMOOL CONGRESS,TL,1000000.0,2024-01-08,892,25
ALL INDIA TRINAMOOL CONGRESS,TL,1000000.0,2024-01-08,2880,25
ALL INDIA TRINAMOOL CONGRESS,TL,1000000.0,2024-01-08,2880,25
ALL INDIA TRINAMOOL CONGRESS,TL,1000000.0,2024-01-08,2880,25
ALL INDIA TRINAMOOL CONGRESS,TL,1000000.0,2024-01-08,2880,25
ALL INDIA TRINAMOOL CONGRESS,TL,1000000.0,2024-01-08,2880,25
ALL INDIA TRINAMOOL CONGRESS,TL,1000000.0,2024-01-09,1277,25
ALL INDIA TRINAMOOL CONGRESS,TL,1000000.0,2024-01-09,1277,25
ALL INDIA TRINAMOOL CONGRESS,TL,1000000.0,2024-01-09,1277,25
ALL INDIA TRINAMOOL CONGRESS,TL,1000000.0,2024-01-09,1277,25
ALL INDIA TRINAMOOL CONGRESS,TL,1000000.0,2024-01-09,1277,25
ALL INDIA TRINAMOOL CONGRESS,TL,1000000.0,2024-01-09,1277,25
ALL INDIA TRINAMOOL CONGRESS,TL,1000000.0,2024-01-09,1277,25
ALL INDIA TRINAMOOL CONGRESS,TL,1000000.0,2024-01-09,1277,25
ALL INDIA TRINAMOOL CONGRESS,TL,1000000.0,2024-01-09,1277,25
ALL INDIA TRINAMOOL CONGRESS,TL,1000000.0,2024-01-09,1277,25
ALL INDIA TRINAMOOL CONGRESS,TL,1000000.0,2024-01-09,1277,25
ALL INDIA TRINAMOOL CONGRESS,TL,1000000.0,2024-01-09,1277,25
ALL INDIA TRINAMOOL CONGRESS,TL,1000000.0,2024-01-09,1277,25
ALL INDIA TRINAMOOL CONGRESS,TL,1000000.0,2024-01-09,1277,25
ALL INDIA TRINAMOOL CONGRESS,TL,1000000.0,2024-01-09,1277,25
ALL INDIA TRINAMOOL CONGRESS,TL,1000000.0,2024-01-09,61,25
ALL INDIA TRINAMOOL CONGRESS,TL,1000000.0,2024-01-09,61,25
ALL INDIA TRINAMOOL CONGRESS,TL,1000000.0,2024-01-09,61,25
ALL INDIA TRINAMOOL CONGRESS,TL,1000000.0,2024-01-09,61,25
ALL INDIA TRINAMOOL CONGRESS,TL,1000000.0,2024-01-09,61,25
ALL INDIA TRINAMOOL CONGRESS,TL,1000000.0,2024-01-09,61,25
ALL INDIA TRINAMOOL CONGRESS,TL,1000000.0,2024-01-09,917,25
ALL INDIA TRINAMOOL CONGRESS,TL,1000000.0,2024-01-09,917,25
ALL INDIA TRINAMOOL CONGRESS,TL,1000000.0,2024-01-09,917,25
ALL INDIA TRINAMOOL CONGRESS,TL,1000000.0,2024-01-09,917,25
ALL INDIA TRINAMOOL CONGRESS,TL,1000000.0,2024-01-09,917,25
ALL INDIA TRINAMOOL CONGRESS,TL,1000000.0,2024-01-09,3815,25
ALL INDIA TRINAMOOL CONGRESS,TL,1000000.0,2024-01-09,3815,25
ALL INDIA TRINAMOOL CONGRESS,TL,1000000.0,2024-01-09,3815,25
ALL INDIA TRINAMOOL CONGRESS,TL,1000000.0,2024-01-09,3815,25
ALL INDIA TRINAMOOL CONGRESS,TL,1000000.0,2024-01-09,3815,25
ALL INDIA TRINAMOOL CONGRESS,TL,1000000.0,2024-01-09,2734,25
ALL INDIA TRINAMOOL CONGRESS,TL,1000000.0,2024-01-09,2734,25
ALL INDIA TRINAMOOL CONGRESS,TL,1000000.0,2024-01-09,2734,25
ALL INDIA TRINAMOOL CONGRESS,TL,1000000.0,2024-01-09,2734,25
ALL INDIA TRINAMOOL CONGRESS,TL,1000000.0,2024-01-09,2734,25
ALL INDIA TRINAMOOL CONGRESS,TL,1000000.0,2024-01-09,2734,25
ALL INDIA TRINAMOOL CONGRESS,TL,1000000.0,2024-01-09,2734,25
ALL INDIA TRINAMOOL CONGRESS,TL,1000000.0,2024-01-09,2734,25
ALL INDIA TRINAMOOL CONGRESS,TL,1000000.0,2024-01-09,1608,25
ALL INDIA TRINAMOOL CONGRESS,TL,1000000.0,2024-01-09,1608,25
ALL INDIA TRINAMOOL CONGRESS,TL,1000000.0,2024-01-09,1608,25
ALL INDIA TRINAMOOL CONGRESS,TL,1000000.0,2024-01-09,1608,25
ALL INDIA TRINAMOOL CONGRESS,TL,1000000.0,2024-01-09,1608,25
ALL INDIA TRINAMOOL CONGRESS,TL,1000000.0,2024-01-09,1608,25
ALL INDIA TRINAMOOL CONGRESS,TL,1000000.0,2024-01-09,1608,25
ALL INDIA TRINAMOOL CONGRESS,TL,1000000.0,2024-01-09,849,25
ALL INDIA TRINAMOOL CONGRESS,TL,1000000.0,2024-01-09,849,25
ALL INDIA TRINAMOOL CONGRESS,/,1478728.925917262,/,686,26
ALL INDIA TRINAMOOL CONGRESS,/,6007650.494544713,/,724,26
ALL INDIA TRINAMOOL CONGRESS,/,6007650.494544713,/,733,26
ALL INDIA TRINAMOOL CONGRESS,/,6007650.494544713,/,742,26
ALL INDIA TRINAMOOL CONGRESS,/,6007650.494544713,/,768,26
ALL INDIA TRINAMOOL CONGRESS,/,6007650.494544713,/,768,26
ALL INDIA TRINAMOOL CONGRESS,/,6007650.494544713,/,829,26
ALL INDIA TRINAMOOL CONGRESS,/,6007650.494544713,/,829,26
ALL INDIA TRINAMOOL CONGRESS,/,6007650.494544713,/,829,26
ALL INDIA TRINAMOOL CONGRESS,/,6007650.494544713,/,833,26
ALL INDIA TRINAMOOL CONGRESS,/,6007650.494544713,/,833,26
ALL INDIA TRINAMOOL CONGRESS,/,1025745.7326399512,/,1684,26
ALL INDIA TRINAMOOL CONGRESS,/,1025745.7326399512,/,1684,26
ALL INDIA TRINAMOOL CONGRESS,/,6021658.201673808,/,1985,26
ALL INDIA TRINAMOOL CONGRESS,/,1085328.3971664358,/,2030,26
ALL INDIA TRINAMOOL CONGRESS,/,6021658.201673808,/,2339,26
ALL INDIA TRINAMOOL CONGRESS,/,6043680.2185362205,/,2347,26
ALL INDIA TRINAMOOL CONGRESS,/,6028421.996804537,/,107,27
ALL INDIA TRINAMOOL CONGRESS,/,7225135.917053579,/,782,27
ALL INDIA TRINAMOOL CONGRESS,/,6060743.425375966,/,4044,27
